id,pixel_number,Ciprofloxacina,Sulfametoxazol,Trimetoprim,Venlafaxina,Clorobenzè,Hexabromociclodecà,Octilfenols,Tetracloroetilè,Triclorometà,Nonilfenols,Cloroalcans,Diuron,Plom,Mercuri,Zinc,Niquel
1,115077114,0.0,0.0,0.0,0.0,0.0,0.0,0.0,0.0,0.0,0.0,0.0,0.0,0.0,0.0,0.0,0.0
2,114828220,0.0,0.0,0.0,0.0,0.0,0.0,0.0,0.0,0.0,0.0,0.0,0.0,0.0,0.0,0.0,0.0
3,114989078,18.72,0.0,8.559,8.4525,0.0,0.0,35.502,0.8595000000000002,10719.069551999999,22.080000000000002,0.0,77.9188176,4288.226880000001,25.500000000000004,13722.000000000002,346021.1400000001
4,114740360,0.0,0.0,0.0,0.0,0.0,0.0,0.0,0.0,0.0,0.0,0.0,0.0,52.65464109589039,0.0,413.4246575342466,408.81028995433786
5,114989182,0.0,0.0,0.0,0.0,0.0,0.0,0.0,0.0,0.0,0.0,0.0,0.0,0.0,0.0,0.0,0.0
6,114886646,2751469.058699314,256.05052333143027,70518525.39010146,48962521.136929095,0.0,61.23315000000005,0.0,0.0,28900.039745135047,0.0,0.0,5468.924366666667,57531.4049912,132559.63418832523,1372072.3835727817,3989719.537859999
7,114828087,0.0,0.0,0.0,0.0,0.0,0.0,0.0,0.0,0.0,0.0,0.0,0.0,0.0,0.0,0.0,0.0
8,114842675,0.0,0.0,0.0,0.0,0.0,0.0,0.0,0.0,0.0,0.0,0.0,0.0,0.0,0.0,0.0,0.0
9,114813443,0.0,0.0,0.0,0.0,0.0,0.0,0.0,0.0,0.0,0.0,0.0,0.0,0.0,0.0,0.0,0.0
10,114828026,0.0,0.0,0.0,0.0,0.0,0.0,0.0,0.0,0.0,0.0,0.0,0.0,0.0,0.0,0.0,0.0
11,114916103,1303.2785388127854,0.0,35.38099315068492,0.5472260273972602,0.0,0.0,74.43531963470319,3.220456621004566,22474.15267561644,67.20187214611872,0.0,163.3686015890411,8990.917088584474,75.47945205479452,139662.14611872143,725485.7235159818
12,114667234,0.0,0.0,0.0,0.0,0.0,0.0,0.0,0.0,0.0,0.0,0.0,0.0,13.163660273972598,0.0,103.35616438356165,102.20257248858447
13,114886820,0.0,0.0,0.0,0.0,0.0,0.0,0.0,0.0,0.0,0.0,0.0,0.0,0.0,0.0,0.0,0.0
14,114506130,3396686.36578699,351.0308912928336,93379576.70103718,79126944.11687909,0.0,75.59227500000007,0.0,0.0,35324.651896523035,0.0,0.0,6751.382783333334,71022.47372919999,163644.76303216934,1693822.2668430286,4925305.59801
15,114725618,0.0,0.0,0.0,0.0,0.0,0.0,0.0,0.0,0.0,0.0,0.0,0.0,0.0,0.0,0.0,0.0
16,115047807,0.0,0.0,0.0,0.0,0.0,0.0,0.0,0.0,0.0,0.0,0.0,0.0,0.0,0.0,0.0,0.0
17,115721257,0.0,0.0,0.0,0.0,0.0,0.0,0.0,0.0,0.0,0.0,0.0,0.0,0.0,0.0,0.0,0.0
18,115838359,158978263.70043534,16429.624520255347,4370530973.522176,3703451785.931444,0.0,3538.0153875000033,0.0,0.0,1653332.4598046497,0.0,0.0,315991.2328916667,3324130.7383885994,7659217.687146026,79277535.22143324,230523648.00370494
19,115896917,167876.7123287671,135142.92237442924,0.0,938758.7671232877,0.0,0.0,25667.35159817352,7252.100456621006,7749707.819178082,15963.470319634704,0.0,56334.00054794521,3100316.2374429232,18219.178082191782,6197990.86757991,250167490.8675799
20,115062505,13363653.37730748,1381.068091306641,367385198.7400754,311310771.7669872,0.0,297.4042500000002,0.0,0.0,138978.5081054448,0.0,0.0,26562.10483333333,279425.186404,643830.9736809755,6664039.955190537,19377731.618699998
21,115340647,0.0,0.0,0.0,0.0,0.0,0.0,0.0,0.0,0.0,0.0,0.0,0.0,0.0,0.0,0.0,0.0
22,115355276,0.0,0.0,0.0,0.0,0.0,0.0,0.0,0.0,0.0,0.0,0.0,0.0,0.0,0.0,0.0,0.0
23,115311331,0.0,0.0,0.0,0.0,0.0,0.0,0.0,0.0,0.0,0.0,0.0,0.0,0.6845103342465751,0.0,5.374520547945206,5.314533769406393
24,115325969,0.0,0.0,0.0,0.0,0.0,0.0,0.0,0.0,0.0,0.0,0.0,0.0,0.0,0.0,0.0,0.0
25,115808937,0.0,0.0,0.0,0.0,0.0,0.0,0.0,0.0,0.0,0.0,0.0,0.0,0.0,0.0,0.0,0.0
26,115311312,0.0,0.0,0.0,0.0,0.0,0.0,0.0,0.0,0.0,0.0,0.0,0.0,0.0,0.0,0.0,0.0
27,115296668,0.0,0.0,0.0,0.0,0.0,0.0,0.0,0.0,0.0,0.0,0.0,0.0,0.0,0.0,0.0,0.0
28,115267385,0.0,0.0,0.0,0.0,0.0,0.0,0.0,0.0,0.0,0.0,0.0,0.0,0.0,0.0,0.0,0.0
29,115765020,18724424.9694156,1935.0775662317765,514760177.8091302,436191737.65911263,0.0,416.70667500000036,0.0,0.0,194729.1338610005,0.0,0.0,37217.37798333333,391515.3880204,902100.9763801686,9337290.680259608,27151024.613369998
30,115662536,859.7853881278538,0.0,23.341181506849313,0.3610102739726027,0.0,0.0,49.105696347031966,2.124566210045662,14826.41469616438,44.33372146118722,0.0,107.77583789041093,5931.394485844748,49.794520547945204,92136.46118721459,478609.9101598174
31,115223441,2106.9796666666666,1275.451,3728.197416666666,1301.1469166666668,0.0,0.0,46.842916666666675,47.395500000000006,14143.216769999999,0.0,0.0,102.80955099999998,5658.077133333333,47.50000000000001,79785.75,456555.67083333334
32,115194143,0.0,0.0,0.0,0.0,0.0,0.0,0.0,0.0,0.0,0.0,0.0,0.0,0.0,0.0,0.0,0.0
33,115413649,0.0,0.0,0.0,0.0,0.0,0.0,0.0,0.0,0.0,0.0,0.0,0.0,0.0,0.0,0.0,0.0
34,115150212,1146080.9115726848,147.4441939165865,31507339.466415633,26698337.873306274,0.0,25.505700000000022,0.0,0.0,12037.854393045125,0.0,0.0,2277.993933333333,23963.796673599998,62253.877463159704,571515.0468935912,2317448.56224
35,115355088,15732366.406378513,1625.8629755758868,432504375.53802985,366490733.440252,0.0,350.11927500000024,0.0,0.0,163612.50553231823,0.0,0.0,31270.248783333333,328953.4150252,757950.2771992236,7845243.763941987,22812442.476810005
36,115179482,46440.0,37384.799999999996,0.0,259690.31999999998,0.0,0.0,7100.400000000001,2006.16,2143813.9103999995,60000000.0,0.0,15583.763519999995,857645.376,5040.0,1714559.9999999998,69204227.99999999
37,115164771,0.0,0.0,0.0,0.0,0.0,0.0,0.0,0.0,0.0,0.0,0.0,0.0,0.0,0.0,0.0,0.0
38,115179471,0.0,0.0,0.0,0.0,0.0,0.0,0.0,0.0,0.0,0.0,0.0,0.0,0.0,0.0,0.0,0.0
39,115208681,0.0,0.0,0.0,0.0,0.0,0.0,0.0,0.0,0.0,0.0,0.0,0.0,0.0,0.0,0.0,0.0
40,115823775,0.0,0.0,0.0,0.0,0.0,0.0,0.0,0.0,0.0,0.0,0.0,0.0,0.0,0.0,0.0,0.0
41,115164826,0.0,0.0,0.0,0.0,0.0,0.0,0.0,0.0,0.0,0.0,0.0,0.0,0.0,0.0,0.0,0.0
42,115194159,0.0,0.0,0.0,0.0,0.0,0.0,0.0,0.0,0.0,0.0,0.0,0.0,0.0,0.0,0.0,0.0
43,115135502,0.0,0.0,0.0,0.0,0.0,0.0,0.0,0.0,0.0,0.0,0.0,0.0,0.0,0.0,0.0,0.0
44,115150225,0.0,0.0,0.0,0.0,0.0,0.0,0.0,0.0,0.0,0.0,0.0,0.0,0.0,0.0,0.0,0.0
45,115135506,3921608.9207057706,504.5180146802282,107810419.20473902,91355190.47106516,0.0,87.27427500000009,0.0,0.0,41190.59718841586,0.0,0.0,7794.738783333333,81998.25846520001,213017.5616248957,1955584.883740857,7929742.885679998
46,115120946,0.0,0.0,0.0,0.0,0.0,0.0,0.0,0.0,0.0,0.0,0.0,0.0,0.0,0.0,0.0,0.0
47,115062385,0.0,0.0,0.0,0.0,0.0,0.0,0.0,0.0,0.0,0.0,0.0,0.0,0.0,0.0,0.0,0.0
48,115091678,0.0,0.0,0.0,0.0,0.0,0.0,0.0,0.0,0.0,0.0,0.0,0.0,0.0,0.0,0.0,0.0
49,115311297,0.0,0.0,0.0,0.0,0.0,0.0,0.0,0.0,0.0,0.0,0.0,0.0,0.0,0.0,0.0,0.0
50,115091751,0.0,0.0,0.0,0.0,0.0,0.0,0.0,0.0,0.0,0.0,0.0,0.0,0.0,0.0,0.0,0.0
51,115296598,0.0,0.0,0.0,0.0,0.0,0.0,0.0,0.0,0.0,0.0,0.0,0.0,0.0,0.0,0.0,0.0
52,115150306,0.0,0.0,0.0,0.0,0.0,0.0,0.0,0.0,0.0,0.0,0.0,0.0,0.0,0.0,0.0,0.0
53,115311237,0.0,0.0,0.0,0.0,0.0,0.0,0.0,0.0,0.0,0.0,0.0,0.0,0.0,0.0,0.0,0.0
54,115677192,0.0,0.0,0.0,0.0,0.0,0.0,0.0,0.0,0.0,0.0,0.0,0.0,0.0,0.0,0.0,0.0
55,115179477,0.0,0.0,0.0,0.0,0.0,0.0,0.0,0.0,0.0,0.0,0.0,0.0,0.0,0.0,0.0,0.0
56,115223397,40439814.91321222,4179.256706090694,1111746093.6341448,942059004.0238479,0.0,899.9764125000006,0.0,0.0,420563.52301401336,0.0,0.0,80379.71150833333,845569.8828177998,1948299.965282225,20166082.93805163,58639045.624214984
57,115428345,0.0,0.0,0.0,0.0,0.0,0.0,0.0,0.0,0.0,0.0,0.0,0.0,0.0,0.0,0.0,0.0
58,115896841,0.0,0.0,0.0,0.0,0.0,0.0,0.0,0.0,0.0,0.0,0.0,0.0,0.0,0.0,0.0,0.0
59,115721264,0.0,0.0,0.0,0.0,0.0,0.0,0.0,0.0,0.0,0.0,0.0,0.0,0.0,0.0,0.0,0.0
60,115604125,0.0,0.0,0.0,0.0,0.0,0.0,0.0,0.0,0.0,0.0,0.0,0.0,0.0,0.0,0.0,0.0
61,115296649,0.0,0.0,0.0,0.0,0.0,0.0,0.0,0.0,0.0,0.0,0.0,0.0,0.0,0.0,0.0,0.0
62,115852888,1808795.6371576532,232.70295490270428,49726278.127339184,42136498.89546619,0.0,40.254225000000034,0.0,0.0,18998.674776809767,0.0,0.0,3595.230883333333,37820.7249028,98251.82569090281,901990.350727099,3657499.9255199996
63,115501547,0.0,0.0,0.0,0.0,0.0,0.0,0.0,0.0,0.0,0.0,0.0,0.0,0.0,0.0,0.0,0.0
64,115194208,0.0,0.0,0.0,0.0,0.0,0.0,0.0,0.0,0.0,0.0,0.0,0.0,0.0,0.0,0.0,0.0
65,115384469,0.0,0.0,0.0,0.0,0.0,0.0,0.0,0.0,0.0,0.0,0.0,0.0,0.0,0.0,0.0,0.0
66,115413696,0.0,0.0,0.0,0.0,0.0,0.0,0.0,0.0,0.0,0.0,0.0,0.0,0.0,0.0,0.0,0.0
67,115896801,0.0,0.0,0.0,0.0,0.0,0.0,0.0,0.0,0.0,0.0,0.0,0.0,0.0,0.0,0.0,0.0
68,115413693,0.0,0.0,0.0,0.0,0.0,0.0,0.0,0.0,0.0,0.0,0.0,0.0,0.0,0.0,0.0,0.0
69,115399098,0.0,0.0,0.0,0.0,0.0,0.0,0.0,0.0,0.0,0.0,0.0,0.0,0.0,0.0,0.0,0.0
70,115794333,0.0,0.0,0.0,0.0,0.0,0.0,0.0,0.0,0.0,0.0,0.0,0.0,0.0,0.0,0.0,0.0
71,115516263,0.0,0.0,0.0,0.0,0.0,0.0,0.0,0.0,0.0,0.0,0.0,0.0,0.0,0.0,0.0,0.0
72,115472236,0.0,0.0,0.0,0.0,0.0,0.0,0.0,0.0,0.0,0.0,0.0,0.0,0.0,0.0,0.0,0.0
73,115984747,0.0,0.0,0.0,0.0,0.0,0.0,0.0,0.0,0.0,0.0,0.0,0.0,0.0,0.0,0.0,0.0
74,115984629,0.0,0.0,0.0,0.0,0.0,0.0,0.0,0.0,0.0,0.0,0.0,0.0,0.0,0.0,0.0,0.0
75,115999383,1084839.9468321598,139.56549653173076,29823741.17431709,25271709.131984565,0.0,24.142800000000022,0.0,0.0,11394.610265172485,0.0,0.0,2156.2690666666667,22683.2884544,58927.334392609184,540976.0749221778,2193615.4329600004
76,115969974,0.0,0.0,0.0,0.0,0.0,0.0,0.0,0.0,0.0,0.0,0.0,0.0,0.0,0.0,0.0,0.0
77,115852941,23.506849315068493,0.0,10.747602739726029,10.613869863013699,0.0,0.0,44.58013698630137,578.7048515981735,13460.018843835614,3719.5068493150684,0.0,97.84326410958903,66924.87156164383,810.5593607305937,561253.6529680366,623845.1447488583
78,116013945,0.0,0.0,0.0,0.0,0.0,0.0,0.0,0.0,0.0,0.0,0.0,0.0,0.0,0.0,0.0,0.0
79,115984757,0.0,0.0,0.0,0.0,0.0,0.0,0.0,0.0,0.0,0.0,0.0,0.0,0.0,0.0,0.0,0.0
80,116072601,3174687.868602581,408.4260447899339,87276532.89217995,73955414.92958789,0.0,70.65176250000006,0.0,0.0,33345.31612882633,0.0,0.0,6310.130141666666,66380.6314346,172445.6166751456,1583118.4934466556,6419420.969640001
81,116043222,0.0,0.0,0.0,0.0,0.0,0.0,0.0,0.0,0.0,0.0,0.0,0.0,0.0,0.0,0.0,0.0
82,116614250,0.0,0.0,0.0,0.0,0.0,0.0,0.0,0.0,0.0,0.0,0.0,0.0,0.0,0.0,0.0,0.0
83,116745979,0.0,0.0,0.0,0.0,0.0,0.0,0.0,0.0,0.0,0.0,0.0,0.0,0.0,0.0,0.0,0.0
84,116614333,0.0,0.0,0.0,0.0,0.0,0.0,0.0,0.0,0.0,0.0,0.0,0.0,0.0,0.0,0.0,0.0
85,116306836,0.0,0.0,0.0,0.0,0.0,0.0,0.0,0.0,0.0,0.0,0.0,0.0,0.0,0.0,0.0,0.0
86,116292196,0.0,0.0,0.0,0.0,0.0,0.0,0.0,0.0,0.0,0.0,0.0,0.0,0.0,0.0,0.0,0.0
87,116306836,0.0,0.0,0.0,0.0,0.0,0.0,0.0,0.0,0.0,0.0,0.0,0.0,0.0,0.0,0.0,0.0
88,116321474,0.0,0.0,0.0,0.0,0.0,0.0,0.0,0.0,0.0,0.0,0.0,0.0,0.0,0.0,0.0,0.0
89,116584925,7212217.186852931,745.3473045963418,198273763.14981973,168011009.80386916,0.0,160.50581250000016,0.0,0.0,75005.17683759479,0.0,0.0,14335.276708333331,150802.709029,347468.51648330875,3596509.2884191163,10457949.265574997
90,116028674,0.0,0.0,0.0,0.0,0.0,0.0,0.0,0.0,0.0,0.0,0.0,0.0,0.0,0.0,0.0,0.0
91,116394691,0.0,0.0,0.0,0.0,0.0,0.0,0.0,0.0,0.0,0.0,0.0,0.0,0.0,0.0,0.0,0.0
92,116335982,6412804.284906262,662.7793864749116,176296792.83762753,149388409.6283757,0.006592465753424664,142.71510000000012,0.025076327054794522,0.015233506468797562,66709.52384141485,0.0,7.181506849315068,12746.777208776257,134095.20409842927,308954.60510207334,3197952.5876501,9299678.152418835
93,116116521,0.0,0.0,0.0,0.0,0.0,0.0,0.0,0.0,0.0,0.0,0.0,0.0,0.0,0.0,0.0,0.0
94,116277535,1172.3593607305936,0.0,63010.49076027398,17777.90177625571,0.0,0.0,66.95801484018266,8.057141552511416,20216.540424082188,0.0,0.0,146.95761774520548,8087.746016255707,124.47831050228312,115300.86415525114,652607.9834132419
95,116101746,48763118.17464325,5039.429311895509,1340565140.0834668,1135953135.2774112,0.0,1085.209125000001,0.0,0.0,507123.70510816557,29.34644999999999,0.0,96923.42508333332,1020864.3431772287,2349303.212646023,24327773.19367257,70717610.55140248
96,116409391,5.3424657534246585,0.0,2.44263698630137,2.412243150684932,0.0,0.0,10.131849315068495,0.24529109589041098,3059.095191780822,48.31050228310502,0.0,22.237105479452055,2998.1607488584473,11.386986301369864,8559.018264840184,101672.69269406392
97,116658194,0.0,0.0,0.0,0.0,0.0,0.0,0.0,0.0,0.0,0.0,0.0,0.0,0.0,0.0,0.0,0.0
98,116028548,161.24999999999997,21.471875000000008,84.215625,3042.5927083333336,0.0,0.0,24.654166666666665,32.27395833333333,7443.798299999999,15.333333333333334,0.0,54.11029,2977.9353333333333,46.87499999999999,2822.9166666666665,240292.45833333334
99,116687457,6839303.455129362,879.8816686587139,188021852.12114826,159323859.78974944,0.0,152.20672500000015,0.0,0.0,71836.5852806338,0.0,0.0,13594.059216666667,143005.3286228,371503.57791469543,3410548.7626646175,13829506.973519998
100,116043383,0.0,0.0,0.0,0.0,0.0,0.0,0.0,0.0,0.0,0.0,0.0,0.0,1122.2020383561642,3.2876712328767117,4248.904109589042,3088.717493150685
101,116218972,0.0,0.0,0.0,0.0,0.0,0.0,0.0,0.0,0.0,0.0,0.0,0.0,0.0,0.0,0.0,0.0
102,116043394,0.0,0.0,0.0,0.0,0.0,0.0,0.0,0.0,0.0,0.0,0.0,0.0,0.0,0.0,0.0,0.0
103,116643557,0.0,0.0,0.0,0.0,0.0,0.0,0.0,0.0,0.0,0.0,0.0,0.0,0.0,0.0,0.0,0.0
104,116731294,0.0,0.0,0.0,0.0,0.0,0.0,0.0,0.0,0.0,0.0,0.0,0.0,0.0,0.0,0.0,0.0
105,116379937,17.950684931506853,0.0,8.207260273972603,8.10513698630137,0.0,0.0,34.04301369863014,0.8241780821917808,10278.55984438356,21.17260273972603,0.0,74.7166744109589,4111.998378082192,24.45205479452055,13158.082191780823,331801.0931506849
106,116482443,0.0,0.0,0.0,0.0,0.0,0.0,0.0,0.0,0.0,0.0,0.0,0.0,0.0,0.0,0.0,0.0
107,116043216,0.0,0.0,0.0,0.0,0.0,0.0,0.0,0.0,0.0,0.0,0.0,0.0,52.65464109589039,0.0,413.4246575342466,408.81028995433786
108,116043175,0.0,0.0,0.0,0.0,0.0,0.0,0.0,0.0,0.0,0.0,0.0,0.0,0.0,0.0,0.0,0.0
109,116614301,0.0,0.0,0.0,0.0,0.0,0.0,0.0,0.0,0.0,0.0,0.0,0.0,0.0,0.0,0.0,0.0
110,116101757,2250605.454214299,289.54212889344944,61872237.23462155,52428606.24357282,0.0,50.086575000000046,0.0,0.0,23639.22169931953,0.0,0.0,4473.38885,47058.677055600005,122250.45784273156,1122307.2199494375,4550867.5010400005
111,116702097,657246.782304566,61.16310195635518,16844846.48626827,11695737.362199677,0.0,14.62683750000001,0.0,0.0,6903.387872347444,0.0,0.0,1306.368658333333,13742.5971382,31664.68209347514,327748.60990748886,953029.1900849999
112,116585015,0.0,0.0,0.0,0.0,0.0,0.0,0.0,0.0,0.0,0.0,0.0,0.0,0.0,0.0,0.0,0.0
113,116087227,0.0,0.0,0.0,0.0,0.0,0.0,0.0,0.0,0.0,0.0,0.0,0.0,0.0,0.0,0.0,0.0
114,116746001,0.0,0.0,0.0,0.0,0.0,0.0,0.0,0.0,0.0,0.0,0.0,0.0,68451.03342465752,0.0,537452.0547945205,531453.3769406391
115,117287578,91.1454794520548,55.17452054794521,161.27746575342462,56.28609589041096,0.0,0.0,2.026369863013699,2.05027397260274,611.8190383561642,230.00000000000003,0.0,4.44742109589041,9959.337408219179,24.55479452054794,28871.438356164388,35750.02631849315
116,117229018,18093424.314856973,1869.8667406438929,497413102.5494719,421492366.5208514,0.0,402.66393750000026,0.0,0.0,188166.89170250276,0.0,0.0,35963.177125,378321.58011900005,871700.7741040704,9022630.20119701,26236053.161324997
117,117038750,12336780.059479564,1275.0472810822812,339154875.81300753,287389330.7219853,0.0,274.5513375000002,12.284056746575343,0.3457499851598173,137134.85840635226,7.389873534246576,0.0,24738.90399308401,261726.06184940037,594369.6872339718,6162693.180725305,18331639.473117273
118,116936286,0.0,0.0,0.0,0.0,0.0,0.0,0.0,0.0,0.0,0.0,0.0,0.0,0.0,0.0,0.0,0.0
119,116921563,3773974.45213487,351.2044340289213,96724734.14993645,67158052.6405176,0.0,83.98871250000008,0.0,0.0,39639.919380151456,0.0,0.0,7501.294908333333,78911.31900820001,181821.6604069596,1881964.147738343,5472385.582335
120,116921585,0.0,0.0,0.0,0.0,0.0,0.0,0.0,0.0,0.0,0.0,0.0,0.0,0.0,0.0,0.0,0.0
121,116892377,3789284.6933199936,487.49440068795064,104172644.32359749,88272653.36928076,0.0,84.32943750000005,0.0,0.0,39800.730412119614,0.0,0.0,7531.726125000001,79231.446063,205829.85249031335,1889598.8907311966,7662174.8742
122,116892362,0.0,0.0,0.0,0.0,0.0,0.0,0.0,0.0,0.0,0.0,0.0,0.0,0.0,0.0,0.0,0.0
123,116892341,0.0,0.0,0.0,0.0,0.0,0.0,0.0,0.0,0.0,0.0,0.0,0.0,0.0,0.0,0.0,0.0
124,116848468,0.0,0.0,0.0,0.0,0.0,0.0,0.0,0.0,0.0,0.0,0.0,0.0,0.0,0.0,0.0,0.0
125,116863095,4053933.1480915486,521.5416286725059,111448194.0858805,94437727.57284957,0.0,90.21911250000007,0.0,0.0,42580.463964712086,0.0,0.0,8057.751441666667,85168.14952088955,220205.9452637684,2022933.287188986,8199562.078017709
126,116819136,0.0,0.0,0.0,0.0,0.0,0.0,0.0,0.0,0.0,0.0,0.0,0.0,0.0,0.0,0.0,0.0
127,116848454,0.0,0.0,0.0,0.0,0.0,0.0,0.0,0.0,0.0,0.0,0.0,0.0,0.0,0.0,0.0,0.0
128,117492547,2.0696347031963467,0.15323820395738202,0.2988318112633181,0.0012851978691019786,0.43949771689497713,0.0,0.11820490867579908,0.0831782724505327,35.68944390410959,0.0,4.654680365296804,0.2594328972602739,14.277772146118721,0.13318112633181126,178.51598173515978,1152.0871289954337
129,117390077,0.0,0.0,0.0,0.0,0.0,0.0,0.0,0.0,0.0,0.0,0.0,0.0,0.0,0.0,0.0,0.0
130,117302179,0.0,0.0,0.0,0.0,0.0,0.0,0.0,0.0,0.0,0.0,0.0,0.0,0.0,0.0,0.0,0.0
131,117302202,18063897.421142794,1866.8152808676834,496601367.6586389,420804527.66342837,0.0,402.00682500000033,0.0,0.0,187859.8197124171,0.0,0.0,35904.48835,377704.19222759997,870278.2343095215,9007906.053996507,26193238.206029996
132,117199718,0.0,0.0,0.0,0.0,0.0,0.0,0.0,0.0,0.0,0.0,0.0,0.0,0.0,0.0,0.0,0.0
133,117331586,0.0,0.0,0.0,0.0,0.0,0.0,0.0,0.0,0.0,0.0,0.0,0.0,0.0,0.0,0.0,0.0
134,117580338,0.0,0.0,0.0,0.0,0.0,0.0,0.0,0.0,0.0,0.0,0.0,0.0,0.0,0.0,0.0,0.0
135,117360817,3.5479452054794525,0.0,190.69047945205477,53.801780821917795,0.0,0.0,0.20263698630136986,0.02438356164383562,61.181903835616424,0.0,0.0,0.4447421095890411,24.476180821917808,0.3767123287671233,348.9383561643835,1975.006506849315
136,117038725,4418098.170566467,456.58879614393044,121459591.07282364,102921073.48106618,0.0,98.32350000000008,0.0,0.0,45947.06814615359,0.0,0.0,8781.579666666667,92379.521528,212854.10259174637,2203168.692223386,6406385.903399999
137,116877821,0.0,0.0,0.0,0.0,0.0,0.0,0.0,0.0,0.0,0.0,0.0,0.0,0.0,0.0,0.0,0.0
138,117082675,2120.547945205479,282.36986301369865,1107.4931506849318,40012.17808219178,0.0,0.0,324.21917808219183,424.4246575342466,97891.0461369863,201.6438356164384,0.0,711.5873753424657,39161.889315068496,616.4383561643837,37123.28767123288,3160010.410958905
139,117390038,7.982876712328767,0.5910616438356163,1.15263698630137,0.004957191780821918,1.6952054794520546,0.0,0.4559332191780821,0.32083047945205473,137.65928363013697,0.0,17.95376712328767,1.0006697465753425,55.071406849315075,0.5136986301369862,688.5616438356163,4443.764640410959
140,117536409,0.0,0.0,0.0,0.0,0.0,0.0,0.0,0.0,0.0,0.0,0.0,0.0,0.0,0.0,0.0,0.0
141,117433970,0.0,0.0,0.0,0.0,0.0,0.0,0.0,0.0,0.0,0.0,0.0,0.0,0.0,0.0,0.0,0.0
142,117316832,0.0,0.0,0.0,0.0,0.0,0.0,0.0,0.0,0.0,0.0,0.0,0.0,0.0,0.0,0.0,0.0
143,117390006,8587680.982071498,994.3239689044854,212477045.45917308,200051588.69457027,0.0,201.17377500000018,108.74851598173517,2.632791095890411,126357.50484857216,67.63470319634703,0.0,16427.359530262787,198934.50330172887,491099.6289657827,4324414.641127023,18992559.634886567
144,117726766,0.0,0.0,0.0,0.0,0.0,0.0,0.0,0.0,0.0,0.0,0.0,0.0,0.0,0.0,0.0,0.0
145,117682829,0.0,0.0,0.0,0.0,0.0,0.0,0.0,0.0,0.0,0.0,0.0,0.0,0.0,0.0,0.0,0.0
146,117756035,1397.5640182648403,846.009315068493,2472.9211415525115,863.0534703196349,0.0,0.0,31.07100456621005,31.437534246575353,9381.225254794519,0.0,0.0,68.1937901369863,3753.014392694064,31.506849315068504,52922.05479452055,302834.3310502283
147,117785303,0.0,0.0,0.0,0.0,0.0,0.0,0.0,0.0,0.0,0.0,0.0,0.0,0.0,0.0,0.0,0.0
148,117829245,21200.840753424654,17066.950719178083,0.0,118554.11540753425,0.0,0.0,3241.4825513698634,915.8544075342465,978696.3247064381,2015.9972602739724,0.0,7114.317156041096,391533.22651780816,2300.866438356164,782732.8493150687,31593191.586815063
149,117785302,0.0,0.0,0.0,0.0,0.0,0.0,0.0,0.0,0.0,0.0,0.0,0.0,0.0,0.0,0.0,0.0
150,117594981,0.0,0.0,0.0,0.0,0.0,0.0,0.0,0.0,0.0,0.0,0.0,0.0,0.0,0.0,0.0,0.0
151,117331458,24743536.93248437,2302.6228699908356,634162223.9572477,440312401.92534107,0.0,550.6602750000004,0.0,0.0,259893.6006651135,0.0,0.0,49181.19345,517371.0529932,1192088.3478318942,12338835.354021365,35878932.537209995
152,117082573,2529473.228327614,325.4183401994891,69538636.17158666,58924865.848467074,0.0,56.29263750000005,0.21783805312500004,0.6423198740000003,26726.528755638094,0.0,0.0,5031.535199706,52956.457579717615,137398.49425002327,1261922.6379170332,5125703.453605561
153,117609641,0.0,0.0,0.0,0.0,0.0,0.0,0.0,0.0,0.0,0.0,0.0,0.0,0.0,0.0,0.0,0.0
154,117712126,0.0,0.0,0.0,0.0,0.0,0.0,0.0,0.0,0.0,0.0,0.0,0.0,0.0,0.0,0.0,0.0
155,117580373,0.0,0.0,0.0,0.0,0.0,0.0,0.0,0.0,0.0,0.0,0.0,0.0,0.0,0.0,0.0,0.0
156,117536456,72422854.88606317,7598.200362441592,1990858406.3147292,1687035236.2529082,4280.2544406392735,1611.6292500000015,8919.564932448633,2496.8277571175227,3683071.5733315395,20420.614058452054,112950.75616438355,172336.66090164837,3351459.5477121407,3499776.524393027,45151009.62583424,209803812.8041106
157,117390059,0.0,0.0,0.0,0.0,0.0,0.0,0.0,0.0,0.0,0.0,0.0,0.0,0.0,0.0,0.0,0.0
158,117009407,6145968.247174144,571.9411530694111,157517532.86660182,109367793.63654275,0.0,136.7767500000001,0.0,0.0,64554.14283293282,0.0,0.0,12215.959833333334,128508.146284,296099.02390237985,3064803.9728454035,8911853.6577
159,116877637,0.0,0.0,0.0,0.0,0.0,0.0,0.0,0.0,0.0,0.0,0.0,0.0,0.0,0.0,0.0,0.0
160,117463273,10973430.12181066,1133.786832404928,301607701.89830613,255570988.96284842,0.0,244.15380000000025,192.34978196347038,479.08976621004575,172170.2063893965,0.0,0.0,22228.304435158905,252627.5076912584,528786.6211977117,5686386.177411181,17782876.5105716
161,117346161,0.0,0.0,0.0,0.0,0.0,0.0,0.0,0.0,0.0,0.0,0.0,0.0,0.0,0.0,0.0,0.0
162,117272967,26635445.308385164,2752.643939826119,732245000.042003,620481610.1560493,2.176512557077628,592.7641500000004,0.020896939212328765,0.06713121289954338,277016.7118051839,0.0,52.80821917808219,52941.99298509132,556936.027623891,1283236.32349542,13282334.939554036,38623014.61924236
163,117229052,0.0,0.0,0.0,0.0,0.0,0.0,0.0,0.0,0.0,0.0,0.0,0.0,0.0,0.0,0.0,0.0
164,117170500,0.0,0.0,0.0,0.0,0.0,0.0,0.0,0.0,0.0,0.0,0.0,0.0,0.0,0.0,0.0,0.0
165,117126578,9644358.357976647,996.6971765330004,265136666.75030485,224668551.24493134,0.0,214.63241250000019,0.0,0.0,100298.81039131894,0.0,0.0,19169.492841666666,201657.1783058,464643.6462268839,4809342.746712387,13984632.990614995
166,117346185,0.0,0.0,0.0,0.0,0.0,0.0,0.0,0.0,0.0,0.0,0.0,0.0,0.0,0.0,0.0,0.0
167,116965609,31.76986301369863,0.0,14.525547945205481,14.34480593607306,0.0,0.0,60.25073059360732,1.4586643835616442,18191.41940712329,37.47214611872146,0.0,132.2366539178082,7277.584431050229,43.276255707762566,23287.71689497717,587235.2680365298
168,116614260,13732192.754406713,1419.1548299948845,377516852.74788266,319896019.72815543,0.0,305.60598750000025,0.0,0.0,142811.22146318087,0.0,0.0,27294.627691666665,287144.26559767395,661586.3777833068,6847922.481968606,19912227.892917484
169,116541067,4985075.724553311,463.8625935392128,127751992.17980276,88701008.66500047,0.0,110.9303250000001,945.6392694063929,22.893835616438356,337871.0286407962,588.1278538812786,0.0,11982.997861415524,218446.3997245498,240825.01572775267,2851156.466063981,16444495.781393468
170,116599567,0.0,0.0,0.0,0.0,0.0,0.0,0.0,0.0,0.0,0.0,0.0,0.0,0.0,0.0,0.0,0.0
171,116877747,886.1899543378994,115.63604452054794,459.7229880136986,16255.148135273972,0.0,0.0,173.65314269406394,177.58907420091325,52430.85219032877,346.01424429223744,0.0,381.12916318082193,23987.99413972603,307.16552511415523,424122.2602739726,1700289.010709132
172,116892384,0.0,0.0,0.0,0.0,0.0,0.0,0.0,0.0,0.0,0.0,0.0,0.0,0.0,0.0,0.0,0.0
173,116863095,0.0,0.0,0.0,0.0,0.0,0.0,0.0,0.0,0.0,0.0,0.0,0.0,0.0,0.0,0.0,0.0
174,116936290,0.0,0.0,0.0,0.0,0.0,0.0,0.0,0.0,0.0,0.0,0.0,0.0,0.0,0.0,0.0,0.0
175,116994843,7156.849315068493,952.9982876712329,3737.7893835616446,135041.10102739724,0.0,0.0,1094.2397260273974,1432.4332191780823,330382.2807123287,680.5479452054796,0.0,2401.6073917808217,132171.37643835615,2080.4794520547944,125291.09589041094,10665035.1369863
176,117038758,0.0,0.0,0.0,0.0,0.0,0.0,0.0,0.0,0.0,0.0,0.0,0.0,0.0,0.0,0.0,0.0
177,117053392,0.0,0.0,0.0,0.0,0.0,0.0,0.0,0.0,0.0,0.0,0.0,0.0,0.0,0.0,0.0,0.0
178,116541107,0.0,0.0,0.0,0.0,0.0,0.0,0.0,0.0,0.0,0.0,0.0,0.0,0.0,0.0,0.0,0.0
179,116131236,0.0,0.0,0.0,0.0,0.0,0.0,26.221461187214615,91.77511415525116,0.0,196.6609589041096,0.0,0.0,15764.14821716895,0.0,39809.42237442922,120754.43482899544
180,115999464,144353.70260266672,14.918247794801687,3968481.6885180003,3362767.747401172,0.0,3.2125500000000025,0.0,0.0,1501.24084041888,0.0,0.0,286.92289999999997,3018.3408024,6954.63899557191,71984.7196469027,209317.55921999997
181,115999445,2158.3333333333335,0.0,58.59374999999999,0.90625,0.0,0.0,123.27083333333333,5.333333333333333,37218.9915,111.29166666666669,0.0,270.55145,14889.676666666666,125.0,231291.66666666663,1201462.2916666667
182,115677359,0.0,0.0,0.0,0.0,0.0,0.0,0.0,0.0,0.0,0.0,0.0,0.0,0.0,0.0,0.0,0.0
183,115633435,0.0,0.0,0.0,0.0,0.0,0.0,0.0,0.0,0.0,0.0,0.0,0.0,0.0,0.0,0.0,0.0
184,115706633,0.0,0.0,0.0,0.0,0.0,0.0,0.0,0.0,0.0,0.0,0.0,0.0,0.0,0.0,0.0,0.0
185,115589498,0.0,0.0,0.0,0.0,0.0,0.0,0.0,0.0,0.0,0.0,0.0,0.0,0.0,0.0,0.0,0.0
186,115735908,1728963.665263755,222.43251009744588,47531587.49656785,40276786.4291004,0.0,38.477587500000034,0.0,0.0,18160.160110118646,0.0,0.0,3436.5538250000004,36151.490974199995,93915.4391882209,862180.6194072211,3496074.5962799997
187,115721260,0.0,0.0,0.0,0.0,0.0,0.0,0.0,0.0,0.0,0.0,0.0,0.0,0.0,0.0,0.0,0.0
188,115750534,69.96575342465752,59.60045662100456,0.0,138849.9917808219,2258598.1735159815,0.0,1533.2865296803654,5705.629452054795,462943.0723561643,0.0,532776.2557077624,3365.21529589041,185203.10155251142,3161.4155251141547,2052484.2465753418,14944215.90182648
189,115735883,0.0,0.0,0.0,0.0,0.0,0.0,0.0,0.0,0.0,0.0,0.0,0.0,0.0,0.0,0.0,0.0
190,115574830,0.0,0.0,0.0,0.0,0.0,0.0,142.4178082191781,0.0,0.0,1134.4315068493152,0.0,829.6966849315068,30851.588311232877,137.5068493150685,45495.12328767124,379578.4273869863
191,115984750,0.0,0.0,0.0,0.0,0.0,0.0,0.0,0.0,0.0,0.0,0.0,0.0,0.0,0.0,0.0,0.0
192,116145797,0.0,0.0,0.0,0.0,0.0,0.0,0.0,0.0,0.0,0.0,0.0,0.0,0.0,0.0,0.0,0.0
193,116262915,2252792.631526465,209.64391019981974,57737743.36391454,40088550.69239823,0.0,50.13525000000004,0.0,0.0,23662.194703886405,0.0,0.0,4477.736166666667,47104.409492,108534.51765816771,1123397.8975198453,3266622.515099999
194,116219009,0.0,0.0,0.0,0.0,0.0,0.0,0.0,0.0,0.0,0.0,0.0,0.0,0.0,0.0,0.0,0.0
195,116394681,0.0,0.0,0.0,0.0,0.0,0.0,0.0,0.0,0.0,0.0,0.0,0.0,0.0,0.0,0.0,0.0
196,116467887,0.0,0.0,0.0,0.0,0.0,0.0,0.0,0.0,0.0,0.0,0.0,0.0,0.0,0.0,0.0,0.0
197,116585015,0.0,0.0,0.0,0.0,0.0,0.0,0.0,0.0,0.0,0.0,0.0,0.0,0.0,0.0,0.0,0.0
198,116380035,0.0,0.0,0.0,0.0,0.0,0.0,0.0,0.0,0.0,0.0,0.0,0.0,0.0,0.0,0.0,0.0
199,116511800,0.0,0.0,0.0,0.0,0.0,0.0,0.0,0.0,0.0,0.0,0.0,0.0,0.0,0.0,0.0,0.0
200,116336099,3232648.067374863,415.8826691006009,88869938.41863035,75305617.13119592,0.0,71.94165000000005,0.0,0.0,33954.10074984865,0.0,0.0,6425.334033333333,67592.5409992,175593.95208120238,1612021.449062458,6536620.181280001
201,116145797,0.0,0.0,0.0,0.0,0.0,0.0,0.0,0.0,0.0,0.0,0.0,0.0,0.0,0.0,0.0,0.0
202,116028662,4981296.328448083,463.5572868738732,127667680.10807317,88642402.13780287,0.0,110.85731250000009,1.9664383561643834,0.0,52321.01790106923,45.95824109589042,0.0,9993.587954908677,105238.62222251053,239990.17739392712,2485443.8641063995,7242430.207662616
203,115955458,0.0,0.0,0.0,0.0,0.0,0.0,0.0,0.0,0.0,0.0,0.0,0.0,0.0,0.0,0.0,0.0
204,116014003,0.0,0.0,0.0,0.0,0.0,0.0,0.0,0.0,0.0,0.0,0.0,0.0,0.0,0.0,0.0,0.0
205,116043281,0.0,0.0,0.0,0.0,0.0,0.0,0.0,0.0,0.0,0.0,0.0,0.0,0.0,0.0,0.0,0.0
206,116013990,0.0,0.0,0.0,0.0,0.0,0.0,0.0,0.0,0.0,0.0,0.0,0.0,52.65464109589039,0.0,413.4246575342466,408.81028995433786
207,115691885,0.0,0.0,0.0,0.0,0.0,0.0,0.0,0.0,0.0,0.0,0.0,0.0,0.0,0.0,0.0,0.0
208,115589399,0.0,0.0,0.0,0.0,0.0,0.0,0.0,0.0,0.0,0.0,0.0,0.0,0.0,0.0,0.0,0.0
209,116262841,6266079.410686937,806.018880675691,172238534.19522437,145949626.22527507,0.0,139.42953750000012,1725.791666666667,41.78125,586872.0525818277,1073.3333333333333,0.0,16240.608891666667,339456.03740113333,341556.8199616176,3791287.5670992844,29489043.469853334
210,116453128,715.0,0.0,326.90625,322.8385416666667,0.0,0.0,1355.9791666666667,32.82812500000001,409408.90649999987,843.3333333333335,0.0,2976.0659499999997,163786.44333333333,973.9583333333334,524104.1666666667,13216085.208333334
211,116043195,0.0,0.0,0.0,0.0,0.0,0.0,0.0,0.0,0.0,0.0,0.0,0.0,0.0,0.0,0.0,0.0
212,116101746,0.0,0.0,0.0,0.0,0.0,0.0,0.0,0.0,0.0,6.666666666666665,0.0,0.0,108.8744401826484,0.867579908675799,1076.3013698630136,564.5628356164382
213,116365258,0.0,0.0,0.0,0.0,0.0,0.0,0.0,0.0,0.0,0.0,0.0,0.0,0.0,0.0,0.0,0.0
214,116409177,8287214.83578035,1066.1565854006608,227826926.02719247,193053439.3167127,0.0,184.42957500000014,0.0,0.0,87044.71430390835,179.99999999999997,0.0,16471.98285,176219.8114045315,450175.9851688168,4161637.451260761,16772519.155201644
215,115896780,59.1324200913242,0.0,1.605308219178082,0.024828767123287673,0.0,0.0,3.377283105022831,0.1461187214611872,1019.6983972602739,15.549086757990866,0.0,7.412368493150684,612.0759223744293,5.051369863013699,8354.823059360731,33975.330430936076
216,115589334,4172040.722948276,536.7362593432993,114695133.64921339,97189083.00254144,0.0,92.8475625000001,0.0,0.0,43821.00621132361,0.0,0.0,8292.506541666668,87234.622433,226620.7466812541,2080467.4655525286,8436131.932200002
217,115545410,0.0,0.0,0.0,0.0,0.0,0.0,0.0,0.0,0.0,0.0,0.0,0.0,52.65464109589039,0.0,413.4246575342466,408.81028995433786
218,115150120,218.74915068493146,132.41884931506848,387.0659178082191,135.08663013698632,0.0,0.0,4.863287671232877,4.920657534246576,1468.365692054794,0.0,0.0,10.673810630136982,587.4283397260274,4.9315068493150696,8283.45205479452,47400.15616438355
219,115106189,0.0,0.0,0.0,0.0,0.0,0.0,0.0,0.0,0.0,0.0,0.0,0.0,0.0,0.0,0.0,0.0
220,114886600,2188270.900817693,281.52274048386414,60158574.68730695,50976501.989013225,0.0,48.69933750000005,0.0,0.0,22984.491069163454,0.0,0.0,4349.490325,45755.302618199996,118864.51221734978,1091222.9091928205,4424823.065880001
221,114696280,0.0,0.0,0.0,0.0,0.0,0.0,0.0,0.0,0.0,0.0,0.0,0.0,0.0,0.0,0.0,0.0
222,114813361,0.0,0.0,0.0,0.0,0.0,0.0,0.0,0.0,0.0,0.0,0.0,0.0,0.0,0.0,0.0,0.0
223,115150138,0.0,0.0,0.0,0.0,0.0,0.0,0.0,0.0,0.0,0.0,0.0,0.0,0.0,0.0,0.0,0.0
224,115091589,0.0,0.0,0.0,0.0,0.0,0.0,0.0,0.0,0.0,0.0,0.0,0.0,0.0,0.0,0.0,0.0
225,115047680,0.0,0.0,0.0,0.0,0.0,0.0,0.0,0.0,0.0,0.0,0.0,0.0,0.0,0.0,0.0,0.0
226,115355259,0.0,0.0,0.0,0.0,0.0,0.0,0.0,0.0,0.0,0.0,0.0,0.0,0.0,0.0,0.0,0.0
227,115340614,0.0,0.0,0.0,0.0,0.0,0.0,0.0,0.0,0.0,0.0,0.0,0.0,0.0,0.0,0.0,0.0
228,115311320,0.0,0.0,0.0,0.0,0.0,0.0,0.0,0.0,0.0,0.0,0.0,0.0,0.0,0.0,0.0,0.0
229,115369835,0.0,0.0,0.0,0.0,0.0,0.0,0.0,0.0,0.0,0.0,0.0,0.0,0.0,0.0,0.0,0.0
230,115486963,0.0,0.0,0.0,0.0,0.0,0.0,0.0,0.0,0.0,0.0,0.0,0.0,0.0,0.0,0.0,0.0
231,115384465,0.0,0.0,0.0,0.0,0.0,0.0,0.0,0.0,0.0,0.0,0.0,0.0,0.0,0.0,0.0,0.0
232,115223449,591.324200913242,0.0,16.05308219178082,0.24828767123287673,0.0,0.0,33.77283105022831,1.461187214611872,10196.983972602737,30.49086757990868,0.0,74.12368493150684,4079.3634703196335,34.24657534246575,63367.57990867578,329167.7511415525
233,115003790,0.0,0.0,0.0,0.0,0.0,0.0,0.0,0.0,0.0,0.0,0.0,0.0,0.0,0.0,0.0,0.0
234,115545468,0.0,0.0,0.0,0.0,0.0,0.0,0.0,0.0,0.0,0.0,0.0,0.0,0.0,0.0,0.0,0.0
235,115179451,0.0,0.0,0.0,0.0,0.0,0.0,0.0,0.0,0.0,0.0,0.0,0.0,0.0,0.0,0.0,0.0
236,115077101,0.0,0.0,0.0,0.0,0.0,0.0,0.0,0.0,0.0,0.0,0.0,0.0,0.0,0.0,0.0,0.0
237,114403646,0.0,0.0,0.0,0.0,0.0,0.0,0.0,0.0,0.0,0.0,0.0,0.0,0.0,0.0,0.0,0.0
238,117785325,277077214.2892591,35965.55814925801,7617202681.801204,6454705892.7257,0.0,6166.246350000005,201.56769625428083,312.3742710837615,3056695.4989692005,367.8207808493151,0.0,554301.6811672283,5855375.002285953,15051025.426002624,138221597.14094839,570400178.4306442
239,117609632,110294977.49768603,11403.52353365026,3032160574.3003025,2569358364.1676583,0.0,2454.582900000002,222.9006849315069,28.080136986301373,1214339.080592561,889.0410958904108,0.0,219715.70118721458,2333119.10168331,5314006.78177981,57160711.80818653,162103808.31429422
240,116819103,5058941.12302982,470.7828779535757,129657670.29197513,90024094.90438555,0.0,112.5852750000001,0.0,0.0,53136.55956319345,0.0,0.0,10055.343449999998,105779.12539320001,243728.484799361,2522737.220352818,7335629.007210001
241,116584971,0.0,0.0,0.0,0.0,0.0,0.0,0.0,0.0,0.0,210.04566210045664,0.0,0.0,8871.758538812785,20.547945205479447,23214.61187214612,14611.836757990866
242,117097313,4177508.666228689,431.72504981926096,114845454.92529362,97316460.56873088,0.0,92.96925000000009,0.0,0.0,43445.000078788806,0.0,0.0,8303.374833333333,87348.95352400001,201263.03759912655,2083194.159478548,6057523.304699998
243,116160486,0.0,0.0,0.0,0.0,0.0,0.0,0.0,0.0,0.0,0.0,0.0,0.0,0.0,0.0,0.0,0.0
244,116189570,0.0,0.0,0.0,0.0,0.0,0.0,0.0,0.0,0.0,0.0,0.0,0.0,0.0,0.0,0.0,0.0
245,114828040,0.0,0.0,0.0,0.0,0.0,0.0,0.0,0.0,0.0,0.0,0.0,0.0,0.0,0.0,0.0,0.0
246,114637914,0.0,0.0,0.0,0.0,0.0,0.0,0.0,0.0,0.0,0.0,0.0,0.0,0.0,0.0,0.0,0.0
247,115384429,0.0,0.0,0.0,0.0,0.0,0.0,0.0,0.0,0.0,0.0,0.0,0.0,0.0,0.0,0.0,0.0
248,115179473,0.0,0.0,0.0,0.0,0.0,0.0,0.0,0.0,0.0,0.0,0.0,0.0,0.0,0.0,0.0,0.0
249,117009537,15342352.33584786,1916.9218232690612,421429285.35997117,357094771.94932735,0.0,341.13873750000033,1002.4958304794523,2483.4199383561645,465586.5450430467,0.0,0.0,32798.321017840186,443162.781498158,739729.5155462956,8790357.883632446,32218072.669992946
250,116980254,0.0,0.0,0.0,0.0,0.0,0.0,0.0,0.0,0.0,0.0,0.0,0.0,0.0,0.0,0.0,0.0
251,116907016,0.0,0.0,0.0,0.0,0.0,0.0,0.0,740.2534246575342,0.0,4731.184931506849,0.0,0.0,78866.45052493151,997.7328767123287,697189.9863013698,242652.5750520548
252,116965565,3347.0743150684925,306.25364726027397,2472.1866267123287,43659.556409817356,0.0,0.0,430.6711415525114,657.1617180365296,178675.85634684932,218.69954337899546,961.5582191780823,945.2252302465754,2555254.5898228306,780.7534246575343,174479.2751141553,4250906.0578652965
253,116438659,20.621917808219177,0.0,9.428578767123286,9.311258561643834,0.0,0.0,39.10893835616439,0.9468236301369863,11808.10744027397,24.323287671232876,0.0,85.83522715068493,4723.902898630137,28.09075342465754,15116.130136986301,381176.25582191785
254,116379925,0.0,0.0,0.0,0.0,0.0,0.0,0.0,0.0,0.0,0.0,0.0,0.0,0.0,0.0,0.0,0.0
255,116218863,0.0,0.0,0.0,0.0,0.0,0.0,0.0,0.0,0.0,0.0,0.0,0.0,0.0,0.0,0.0,0.0
256,115472209,0.0,0.0,0.0,0.0,0.0,0.0,0.0,0.0,0.0,0.0,0.0,0.0,0.0,0.0,0.0,0.0
257,115194149,2300910.5323940213,214.12174129146638,58970976.717318535,40944810.99844945,0.0,51.20610000000004,0.0,0.0,24167.600804357764,0.0,0.0,4573.377133333333,48110.523092799995,110852.73065669167,1147392.8040688129,3336395.0348399994
258,115179486,4539486.511391436,422.4426559414814,116344355.68136375,80780375.69133255,0.0,101.02496250000007,0.0,0.0,47680.47097855945,0.0,0.0,9022.855741666668,94917.67174820001,218702.3217471137,2263701.2973810085,6582402.941835
259,115091750,0.0,0.0,0.0,0.0,0.0,0.0,0.0,0.0,0.0,0.0,0.0,0.0,0.0,0.0,0.0,0.0
260,114959994,52590683.06827464,5435.527584644094,1445790036.1813116,1225117431.6259122,0.07471461187214619,1170.3903750000006,0.2841983732876712,0.1726464066463724,547133.750626634,0.0,81.3904109589041,104536.26966057533,1099723.7064057984,2533701.846485151,26226316.29422077,76268439.72141013
261,116687338,0.0,0.0,0.0,0.0,0.0,0.0,0.0,0.0,0.0,0.0,0.0,0.0,0.0,0.0,0.0,0.0
262,115838437,11434949.710028103,784.472889636726,348164513.3992267,290534409.32106334,0.0,297.84232500000024,0.0,0.0,137095.4744240194,0.0,0.0,25486.639117701667,279836.77833159995,644779.333544008,6340163.250657995,18273530.655019432
263,115179621,0.0,0.0,0.0,0.0,0.0,0.0,0.0,0.0,0.0,0.0,0.0,0.0,0.0,0.0,0.0,0.0
264,115984699,0.0,0.0,0.0,0.0,0.0,0.0,0.0,0.0,0.0,0.0,0.0,0.0,86.88015780821918,0.0,682.1506849315069,674.5369784246576
265,115999326,0.0,0.0,0.0,0.0,0.0,0.0,0.0,0.0,0.0,0.0,0.0,0.0,52.65464109589039,0.0,413.4246575342466,408.81028995433786
266,115838415,0.0,0.0,0.0,0.0,0.0,0.0,0.0,0.0,0.0,0.0,0.0,0.0,0.0,0.0,0.0,0.0
267,115970170,0.0,0.0,0.0,0.0,0.0,0.0,0.0,0.0,0.0,0.0,0.0,0.0,0.0,0.0,0.0,0.0
268,114828257,1.9232876712328766,0.0,0.8793493150684931,0.8684075342465752,0.0,0.0,3.647465753424657,0.08830479452054796,1101.2742690410957,2.2684931506849315,0.0,8.00535797260274,440.5712547945206,2.61986301369863,1409.7945205479452,35550.11712328767
269,115223450,2585322.379035639,3825.018412350212,66146152.591669105,45951590.95425434,0.0,57.43650000000005,680.8602739726026,192.37150684931507,232679.34227658962,423.45205479452056,0.0,6624.167154885845,136204.24251364384,124823.80304660945,1451409.3960946864,10378366.103613697
270,115794505,0.0,0.0,0.0,0.0,0.0,0.0,0.0,0.0,0.0,0.0,0.0,0.0,0.0,0.0,0.0,0.0
271,115501517,0.0,0.0,0.0,0.0,0.0,0.0,0.0,0.0,0.0,0.0,0.0,0.0,0.0,0.0,0.0,0.0
272,115706459,0.0,0.0,0.0,0.0,0.0,0.0,0.0,0.0,0.0,0.0,0.0,0.0,0.0,0.0,0.0,0.0
273,115955348,29113517.202183288,3008.739339342504,800370602.3615621,678209113.4190453,0.0,647.9129250000005,0.0,0.0,302772.9822244804,0.0,0.0,57867.13215,608744.4609204001,1402624.2374251168,14518009.139695784,42215545.92087
274,116731324,0.0,0.0,0.0,0.0,0.0,0.0,0.0,0.0,0.0,0.0,0.0,0.0,0.0,0.0,0.0,0.0
275,116540993,0.0,0.0,0.0,0.0,0.0,0.0,0.0,0.0,0.0,0.0,0.0,0.0,0.0,0.0,0.0,0.0
276,114828141,0.0,0.0,0.0,0.0,0.0,0.0,0.0,0.0,0.0,0.0,0.0,0.0,0.0,0.0,0.0,0.0
277,114901444,1996897.197591867,206.36909449475664,54897338.463478565,46518298.011094026,0.0,44.440275000000035,8.85027169520548,0.18497423344748862,27132.95624916579,5.324168547945206,0.0,4126.064431877626,44471.503552763264,96214.02693862276,1003552.3031396979,3214667.058540383
278,116160307,0.0,0.0,0.0,0.0,0.0,0.0,0.0,0.0,0.0,0.0,0.0,0.0,0.0,0.0,0.0,0.0
279,117756027,0.0,0.0,0.0,0.0,0.0,0.0,0.0,0.0,0.0,0.0,0.0,0.0,0.0,0.0,0.0,0.0
280,117624264,129781633.76038994,12071.066298055159,3211087938.9877753,3023306533.5063186,0.0,2888.2528125000026,0.0,0.0,1349695.1267932619,0.0,0.0,232420.97134020834,2667516.421321955,6252589.263632551,64718080.33406196,187246647.9828131
281,117668209,151696056.8587108,15677.069897340436,4170333098.038529,3533810554.509392,47.23032248858451,3375.951975000002,0.45346358090753425,1.4567473199200913,1577925.5742581573,0.0,1145.9383561643833,301524.88446981506,3172003.843434596,7308378.428709096,75647501.9214838,219980561.6268073
282,117404660,0.0,0.0,0.0,0.0,0.0,0.0,0.0,0.0,0.0,0.0,0.0,0.0,0.0,0.0,0.0,0.0
283,117243616,0.0,46.16438356164383,456.6438356164383,9.52054794520548,0.0,0.0,2026.3698630136987,255.27397260273975,36905479.45205479,34246575.34246575,0.0,4447.4210958904105,244761.80821917808,2191.780821917808,19636575.34246575,19750065.06849315
284,117111852,0.0,0.0,0.0,0.0,0.0,0.0,0.0,0.0,0.0,0.0,0.0,0.0,0.0,0.0,0.0,0.0
285,117536435,0.0,0.0,0.0,0.0,0.0,0.0,0.0,0.0,0.0,0.0,0.0,0.0,0.0,0.0,0.0,0.0
286,117390041,7.0684931506849304,0.9412328767123287,3.6916438356164387,133.37392694063925,0.0,0.0,1.080730593607306,1.4147488584474885,326.30348712328765,0.6721461187214611,0.0,2.3719579178082184,130.5396310502283,2.054794520547945,123.7442922374429,10533.36803652968
287,117433985,101240126.48095338,10463.234514722286,2783228507.1343865,2358425817.1410155,1044.726027397261,2253.068400000002,77.81767294520549,208.73743520547944,1067540.1811185589,1311.495509589041,32698.76712328767,201590.31744913242,2143675.841849172,4877582.43349983,50691619.45337689,147676078.1488799
288,117097252,8538090.218891712,1366.9012382603833,234712425.3553335,198887674.3016188,15.322648401826497,190.00286250000013,10.008781118721462,10.626079073972603,92759.51429192288,0.0,371.76986301369857,16994.003878042924,179752.91631935848,463766.1860468418,4274703.845481891,17367178.940863308
289,116936205,0.0,0.0,0.0,0.0,0.0,0.0,0.0,0.0,0.0,0.0,0.0,0.0,0.0,0.0,0.0,0.0
290,117126548,18188566.527936004,1885.3336607078788,500028843.5225807,423708740.26066035,0.0,404.78130000000033,169.1573794135274,18.39671748847032,310827.2515554413,652.604891917808,0.0,39152.382248654794,432256.7006334858,876520.1684619943,12790430.531834722,32473190.939551413
291,116658056,12714061.715595478,1313.9359762300332,349527031.1417444,296178316.903682,0.0,282.94777500000026,0.0,0.0,132222.92432355986,0.0,0.0,25270.951783333334,265842.6527932,612535.0982009018,6340108.716779477,18435802.602209996
292,116658056,0.0,0.0,0.0,0.0,0.0,0.0,0.0,0.0,0.0,0.0,0.0,0.0,0.0,0.0,0.0,0.0
293,117360798,0.0,0.0,0.0,0.0,0.0,0.0,0.0,0.0,0.0,0.0,0.0,0.0,0.0,0.0,0.0,0.0
294,117316882,0.0,0.0,0.0,0.0,0.0,0.0,0.0,0.0,0.0,0.0,0.0,0.0,0.0,0.0,0.0,0.0
295,117214415,0.0,0.0,0.0,0.0,0.0,0.0,246.6666666666667,863.3333333333334,0.0,5796.666666666665,0.0,0.0,34721.725,0.0,273676.6666666667,161769.5715833333
296,117097285,0.0,0.0,0.0,0.0,0.0,0.0,0.0,0.0,0.0,0.0,0.0,0.0,0.0,0.0,0.0,0.0
297,116921602,0.0,0.0,0.0,0.0,0.0,0.0,0.0,0.0,0.0,0.0,0.0,0.0,0.0,0.0,0.0,0.0
298,117346180,2494494.1738353926,232.13483454649943,63932929.75218688,44389592.45341579,0.0,55.51383750000005,1.0537123287671235,0.1267945205479452,26518.857608471855,0.0,0.0,4960.427317303196,52285.11985447396,120180.22821395448,1245732.2485019416,3627340.8867206164
299,117038820,0.0,0.0,0.0,0.0,0.0,0.0,0.0,0.0,0.0,0.0,0.0,0.0,0.0,0.0,0.0,0.0
300,116848486,3179062.2232269105,328.54050257188254,87396789.91304414,74057316.98253945,0.0,70.74911250000007,0.0,0.0,33061.417599224886,0.0,0.0,6318.824775,66472.0963074,153160.11787975414,1585299.848587471,4609743.520094999
301,116643507,65.0,0.0,29.71875,29.348958333333332,0.0,0.0,123.27083333333333,2.9843750000000004,37218.9915,76.66666666666667,0.0,270.55145,14889.676666666666,88.54166666666667,47645.833333333336,1201462.2916666667
302,116453200,12837637.360595623,1326.8779188690244,352924291.9811576,299058451.60380954,313.41780821917837,285.69791250000026,3.0091592465753423,9.666894657534248,135672.49460402326,0.0,7604.383561643835,25569.94422815069,269350.6042853145,618496.6818518465,6410874.146238946,18723490.076275274
303,116892382,0.0,0.0,0.0,0.0,0.0,0.0,0.0,0.0,0.0,0.0,0.0,0.0,0.0,0.0,0.0,0.0
304,116804532,0.0,0.0,0.0,0.0,0.0,0.0,0.0,0.0,0.0,0.0,0.0,0.0,935.1683652968036,2.73972602739726,3540.753424657534,2573.931244292238
305,117009481,17855021.987831358,1845.2290283767204,490859094.9123741,415938704.6349919,0.0,397.35836250000034,0.0,0.0,185687.56970847768,0.0,0.0,35489.31960833333,373336.7445514,860215.082429565,8903746.34602258,25890362.040795
306,117170520,0.0,0.0,0.0,0.0,0.0,0.0,0.0,0.0,0.0,0.0,0.0,0.0,0.0,0.0,0.0,0.0
307,116716656,0.0,0.0,0.0,0.0,0.0,0.0,0.0,0.0,0.0,0.0,0.0,0.0,0.0,0.0,0.0,0.0
308,116570380,0.0,0.0,0.0,0.0,0.0,0.0,0.0,0.0,0.0,0.0,0.0,0.0,0.0,0.0,0.0,0.0
309,116599688,0.0,0.0,0.0,0.0,0.0,0.0,0.0,0.0,0.0,0.0,0.0,0.0,0.0,0.0,0.0,0.0
310,116306916,0.0,0.0,0.0,0.0,0.0,0.0,0.0,0.0,0.0,0.0,0.0,0.0,0.0,0.0,0.0,0.0
311,116014088,16331119.35452045,2001.686261363211,404058388.2327674,380427764.39442253,0.0,363.43188750000036,13.965955993150686,11.769620520547948,179525.33554759753,5.639222773972602,0.0,29481.943750390245,340873.65366763173,786789.5128548787,8199456.718311109,24053312.34187175
312,115662688,0.0,0.0,0.0,0.0,0.0,0.0,0.0,0.0,0.0,0.0,0.0,0.0,0.0,0.0,0.0,0.0
313,115794448,5072064.1869027885,524.1729793355319,139438015.6920188,118155430.397323,0.0,112.87732500000011,0.0,0.0,52748.14407471792,0.0,0.0,10081.42735,106053.52001159999,244360.72470804944,2529281.2857752633,7354657.876229999
314,115618758,31127926.615570724,3310.1737193821123,855748994.9847323,725135016.9132384,0.0,692.7426000000006,10.179582838176374,9.589904554318016,331044.0491526181,88.67378186301369,5033.519580821917,62051.55116128554,657730.5216869846,1499700.661366907,15580134.724543318,45531738.251506306
315,115677301,0.0,0.0,0.0,0.0,0.0,0.0,0.0,0.0,0.0,0.0,0.0,0.0,0.0,0.0,0.0,0.0
316,115574835,0.0,0.0,0.0,0.0,0.0,0.0,0.0,0.0,0.0,0.0,0.0,0.0,0.0,0.0,0.0,0.0
317,116394681,19194668.097168703,1983.6824894109816,527687807.55202985,447146270.64937085,13.929680365296816,427.1718000000003,2.6652472602739725,8.078711299847793,199715.7359462215,248.07305753424654,337.972602739726,38154.423024584474,423446.50644471665,924781.41343943,9627976.465800678,27894547.90811092
318,116350746,0.0,0.0,0.0,0.0,0.0,0.0,0.0,0.0,0.0,0.0,0.0,0.0,0.0,0.0,0.0,0.0
319,115721188,0.0,0.0,0.0,0.0,0.0,0.0,0.0,0.0,0.0,0.0,0.0,0.0,0.0,0.0,0.0,0.0
320,116028656,0.0,0.0,0.0,0.0,0.0,0.0,0.0,0.0,0.0,0.0,0.0,0.0,0.0,0.0,0.0,0.0
321,116072558,6090195.225714021,629.3918331003832,167427837.29815713,141873133.22179642,0.0,135.53553750000012,0.0,0.0,63336.441214338956,0.0,0.0,12105.10325833333,127341.9691558,293412.0042904543,3036991.6948000095,8830980.964364998
322,116101822,0.0,0.0,0.0,0.0,0.0,0.0,0.0,0.0,0.0,0.0,0.0,0.0,0.0,0.0,0.0,0.0
323,115750452,3379188.947289691,434.73526641436297,92898548.61758046,78719335.90507288,0.0,75.20287500000006,0.0,0.0,35493.29205582961,0.0,0.0,6716.604249999999,70656.614238,183553.89442859113,1685096.846279768,6832935.1692
324,115838271,0.0,0.0,0.0,0.0,0.0,0.0,0.0,0.0,0.0,0.0,0.0,0.0,0.0,0.0,0.0,0.0
325,116292090,0.0,0.0,0.0,0.0,0.0,0.0,0.0,0.0,0.0,0.0,0.0,0.0,0.0,0.0,0.0,0.0
326,116013914,7040523.767848245,727.6036310828276,193553675.08090058,164011354.22552082,0.0,156.68482500000013,0.0,0.0,73219.61008042992,0.0,0.0,13994.012349999999,147212.71277159997,339196.7110113027,3510891.099142119,10208988.22923
327,115633285,0.0,0.0,0.0,0.0,0.0,0.0,0.0,0.0,0.0,0.0,0.0,0.0,0.0,0.0,0.0,0.0
328,115252621,2.365296803652968,0.0,127.12698630136985,35.86785388127854,0.0,0.0,0.13509132420091324,0.016255707762557078,40.78793589041096,0.0,0.0,0.2964947397260273,16.31745388127854,0.2511415525114155,232.6255707762557,1316.67100456621
329,115237966,0.0,0.0,0.0,0.0,0.0,0.0,0.0,0.0,0.0,0.0,0.0,0.0,0.0,0.0,0.0,0.0
330,117961015,0.0,0.0,0.0,0.0,0.0,0.0,0.0,0.0,0.0,0.0,0.0,0.0,0.0,0.0,0.0,0.0
331,115311377,0.0,0.0,0.0,0.0,0.0,0.0,0.0,0.0,0.0,0.0,0.0,0.0,0.0,0.0,0.0,0.0
332,115355262,0.0,0.0,0.0,0.0,0.0,0.0,0.0,0.0,0.0,0.0,0.0,0.0,0.0,0.0,0.0,0.0
333,115223478,0.0,0.0,0.0,0.0,0.0,0.0,0.0,0.0,0.0,0.0,0.0,0.0,0.0,0.0,0.0,0.0
334,115399102,0.0,0.0,0.0,0.0,0.0,0.0,0.0,0.0,0.0,0.0,0.0,0.0,52.65464109589039,0.0,413.4246575342466,408.81028995433786
335,115238085,0.0,0.0,0.0,0.0,0.0,0.0,0.0,0.0,0.0,0.0,0.0,0.0,0.0,0.0,0.0,0.0
336,114857398,0.0,0.0,0.0,0.0,0.0,0.0,0.0,0.0,0.0,0.0,0.0,0.0,0.0,0.0,0.0,0.0
337,115164853,255899.74552290913,23.81391989648438,6558559.197648545,4553747.991272421,0.0,5.694975000000006,0.0,0.0,2687.8415343249603,0.0,0.0,508.63605,5350.695058800001,12328.678219422933,127609.27573769116,371062.9458899999
338,115252681,0.0,0.0,0.0,0.0,0.0,0.0,0.0,0.0,0.0,0.0,0.0,0.0,0.0,0.0,0.0,0.0
339,114857506,0.0,0.0,0.0,0.0,0.0,0.0,0.0,0.0,0.0,0.0,0.0,0.0,0.0,0.0,0.0,0.0
340,114579332,0.0,0.0,0.0,0.0,0.0,0.0,0.0,0.0,0.0,0.0,0.0,0.0,0.0,0.0,0.0,0.0
341,114491523,0.0,0.0,0.0,0.0,0.0,0.0,0.0,0.0,0.0,0.0,0.0,0.0,0.0,0.0,0.0,0.0
342,114930746,1613043.267719189,207.51926147611172,44344776.44366704,37576382.02588431,0.0,35.897812500000036,0.0,0.0,16942.590868074003,0.0,0.0,3206.1460416666664,33727.671845,87618.7683761074,804374.7081756173,3261676.1730000004
343,116833837,273.36097602739727,232.86305365296803,0.0,542496.3988342466,8824497.285388129,0.0,5990.6551672374435,22292.283860616433,1808750.1943458489,313932.07762557076,2081593.2100456618,13148.125944467123,723601.1637924201,12351.866324200913,8019196.098972603,58388071.94846461
344,116877749,4367793.092386749,406.46494045537867,111943954.85217218,77725083.23564978,0.0,97.20397500000009,0.0,0.0,45877.09012005938,0.0,0.0,8681.591383333332,91327.6754908,210430.51627510766,2178083.1081040106,6333441.905489999
345,116453107,1990331.3540670674,256.05766500781243,54716944.493202716,46365434.09295555,0.0,44.29425000000003,0.0,0.0,20905.434155860807,0.0,0.0,3956.0581666666662,41616.517124,108112.64979289185,992516.5890709311,4024576.7016
346,115838383,0.35616438356164376,0.0,0.16284246575342465,0.16081621004566207,0.0,0.0,0.6754566210045662,0.016352739726027396,203.93967945205475,0.4200913242009132,0.0,1.4824736986301368,81.58726940639268,0.48515981735159824,261.0730593607306,6583.35502283105
347,116101743,0.0,0.0,0.0,0.0,0.0,0.0,0.0,0.0,0.0,0.0,0.0,0.0,0.0,0.0,0.0,0.0
348,116863080,0.0,0.0,0.0,0.0,0.0,0.0,0.0,0.0,0.0,0.0,0.0,0.0,0.0,0.0,0.0,0.0
349,115897001,0.0,0.0,0.0,0.0,0.0,0.0,0.0,0.0,0.0,0.0,0.0,0.0,0.0,0.0,0.0,0.0
350,115911637,3588392.4571979567,333.9342536595478,91968377.3301033,63855612.32377005,0.0,84.06172500000005,0.0,0.0,39079.26320369675,0.0,0.0,7507.815883333333,78979.9176628,181979.72038413168,1789420.1558892562,5400462.800395739
351,116687464,1997986.4746596373,185.93175919178182,51207212.19702519,35554263.16262698,0.0,44.46461250000004,0.0,0.0,20985.83967184489,0.0,0.0,3971.2737749999997,41776.58065139999,96258.52609780214,996333.9605673576,2897145.308294999
352,116687469,0.0,0.0,0.0,0.0,0.0,0.0,0.0,0.0,0.0,0.0,0.0,0.0,0.0,0.0,0.0,0.0
353,115164972,0.0,0.0,0.0,0.0,0.0,0.0,0.0,0.0,0.0,0.0,0.0,0.0,0.0,0.0,0.0,0.0
354,115091753,0.0,0.0,0.0,0.0,0.0,0.0,0.0,0.0,0.0,0.0,0.0,0.0,0.0,0.0,0.0,0.0
355,115194241,0.0,0.0,0.0,0.0,0.0,0.0,0.0,0.0,0.0,0.0,0.0,0.0,0.0,0.0,0.0,0.0
356,115076874,72.89383561643835,58.680479452054804,0.0,407.61893835616434,0.0,0.0,11.145034246575342,3.1489383561643844,3365.0047109589036,6.9315068493150696,0.0,24.460816027397257,1346.1899452054797,7.910958904109589,2691.2328767123286,108625.35787671233
357,114988995,0.0,0.0,0.0,0.0,0.0,0.0,0.0,0.0,0.0,0.0,0.0,0.0,0.0,0.0,0.0,0.0
358,115677088,18149197.33631706,2334.9082464118987,498946379.56549025,422791617.69598365,0.0,403.90515000000033,0.0,0.0,190629.99189597034,0.0,0.0,36074.03369999999,379487.75724719994,985844.7999795787,9050442.479242403,36698832.38448001
359,115559972,0.0,0.0,0.0,0.0,0.0,0.0,0.0,0.0,0.0,0.0,0.0,0.0,0.0,0.0,0.0,0.0
360,115896636,0.0,0.0,0.0,0.0,0.0,0.0,0.0,0.0,0.0,0.0,0.0,0.0,0.0,0.0,0.0,0.0
361,115911330,0.0,0.0,0.0,0.0,0.0,0.0,0.0,0.0,0.0,0.0,0.0,0.0,0.0,0.0,0.0,0.0
362,115457424,1097963.0107051318,113.46909686349163,30184512.23690963,25577415.290839214,0.0,24.434850000000022,0.0,0.0,11418.528816519361,0.0,0.0,2182.352966666667,22957.683072800002,52897.405693592416,547520.1403446236,1592082.0413399998
363,115530650,0.0,0.0,0.0,0.0,0.0,0.0,0.0,0.0,0.0,0.0,0.0,0.0,0.0,0.0,0.0,0.0
364,115779573,0.0,0.0,0.0,0.0,0.0,0.0,0.0,0.0,0.0,0.0,0.0,0.0,0.0,0.0,0.0,0.0
365,115428240,0.0,0.0,0.0,0.0,0.0,0.0,0.0,0.0,0.0,0.0,0.0,0.0,0.0,0.0,0.0,0.0
366,115120739,0.0,0.0,0.0,0.0,0.0,0.0,0.0,0.0,0.0,0.0,0.0,0.0,0.0,0.0,0.0,0.0
367,116687258,12793893.687489377,1322.1862193286736,351721721.7725157,298038029.3700478,0.0,284.72441250000026,0.0,0.0,133053.15600045817,0.0,0.0,25429.628841666665,267511.8867218,616381.2243120893,6379918.448099353,18551561.555414997
368,116277332,0.0,0.0,0.0,0.0,0.0,0.0,0.0,0.0,0.0,0.0,0.0,0.0,0.0,0.0,0.0,0.0
369,116145571,0.0,0.0,0.0,0.0,0.0,0.0,0.0,0.0,0.0,0.0,0.0,0.0,0.0,0.0,0.0,0.0
370,116116292,4217971.44650367,542.645282381941,115957832.36828731,98259054.55853273,0.0,93.86973750000006,0.0,0.0,44303.43930722809,0.0,0.0,8383.800191666667,88195.00359739999,229115.653984167,2103371.6945310887,8529006.77916
371,116628663,0.0,0.0,0.0,0.0,0.0,0.0,0.0,0.0,0.0,0.0,0.0,0.0,0.0,0.0,0.0,0.0
372,116672620,0.0,0.0,0.0,0.0,0.0,0.0,0.0,0.0,0.0,0.0,0.0,0.0,0.0,0.0,0.0,0.0
373,116028399,0.0,0.0,0.0,0.0,0.0,0.0,0.0,0.0,0.0,0.0,0.0,0.0,0.0,0.0,0.0,0.0
374,116043008,0.0,0.0,0.0,0.0,0.0,0.0,0.0,0.0,0.0,0.0,0.0,0.0,0.0,0.0,0.0,0.0
375,115940524,0.0,0.0,0.0,0.0,0.0,0.0,0.0,0.0,0.0,0.0,0.0,0.0,0.0,0.0,0.0,0.0
376,116379849,0.0,0.0,0.0,0.0,0.0,0.0,0.0,0.0,0.0,0.0,0.0,0.0,0.0,0.0,0.0,0.0
377,116189531,0.0,0.0,0.0,0.0,0.0,0.0,0.0,0.0,0.0,0.0,0.0,0.0,0.0,0.0,0.0,0.0
378,116599466,0.0,0.0,0.0,0.0,0.0,0.0,0.0,0.0,0.0,0.0,0.0,0.0,0.0,0.0,0.0,0.0
379,117536370,0.0,140.41666666666666,1388.9583333333333,28.95833333333334,0.0,0.0,6163.541666666667,776.4583333333335,1860949.5749999995,24583.33333333333,0.0,13527.572499999997,744483.8333333334,6666.666666666667,59727916.666666664,60073114.58333332
380,117389965,0.0,0.0,0.0,0.0,0.0,0.0,0.0,0.0,0.0,0.0,0.0,0.0,0.0,0.0,0.0,0.0
381,117199645,0.0,0.0,0.0,0.0,0.0,0.0,0.0,0.0,0.0,0.0,0.0,0.0,0.0,0.0,0.0,0.0
382,117155726,0.0,0.0,0.0,0.0,0.0,0.0,0.0,0.0,0.0,0.0,0.0,0.0,0.0,0.0,0.0,0.0
383,117009329,3729137.3172355574,347.0319096026142,95575584.88881,66360173.71896989,0.0,82.99087500000009,0.0,0.0,39168.97278653041,0.0,0.0,7412.174916666667,77973.804062,179661.50738560772,1859605.2575449867,5407370.27985
384,117609570,0.0,0.0,0.0,0.0,0.0,0.0,0.0,0.0,0.0,0.0,0.0,0.0,0.0,0.0,0.0,0.0
385,116994682,0.0,0.0,0.0,0.0,0.0,0.0,0.0,0.0,0.0,0.0,0.0,0.0,0.0,0.0,0.0,0.0
386,116980042,85295178.41781397,5851.512842843819,2597016606.299133,2167144142.1226315,0.0,2110.572337500002,0.0,0.0,986281.1130451948,0.0,0.0,180603.59788578248,1982981.3085221995,4569039.760113574,47292324.79165947,131328619.62672216
387,116862914,0.0,0.0,0.0,0.0,0.0,0.0,0.0,0.0,0.0,0.0,0.0,0.0,13.163660273972598,0.0,103.35616438356165,102.20257248858447
388,116980040,0.0,0.0,0.0,0.0,0.0,0.0,0.0,0.0,0.0,0.0,0.0,0.0,0.0,0.0,0.0,0.0
389,116980038,0.0,0.0,0.0,0.0,0.0,0.0,0.0,0.0,0.0,0.0,0.0,0.0,0.0,0.0,0.0,0.0
390,117550965,1582.9006849315067,1274.255502283105,0.0,8851.507006849315,0.0,0.0,242.0161073059361,68.37967351598174,4307331.968745844,150.51872146118723,0.0,531.170326219178,29232.718628310507,171.78767123287673,58440.5296803653,2358816.1046803654
391,117507044,371.09589041095893,298.7369863013699,0.0,2075.1509589041098,0.0,0.0,56.73835616438356,16.030958904109593,17130.9330739726,35.28767123287671,0.0,124.5277906849315,109134.97095890412,40.27397260273972,816778.2191780823,1347115.8101541095
392,116877533,0.0,0.0,0.0,0.0,0.0,0.0,0.0,0.0,0.0,0.0,0.0,0.0,0.0,0.0,0.0,0.0
393,117536319,33498.030821917804,26966.347602739726,0.0,187319.43030821913,0.0,0.0,5121.649828767124,1447.080308219178,1546372.6194452054,3185.3424657534247,0.0,11240.856819863011,618635.4702739726,3635.4452054794515,1236743.8356164382,49918289.46061644
394,117565596,0.0,0.0,0.0,0.0,0.0,0.0,0.0,0.0,0.0,0.0,0.0,0.0,0.0,0.0,0.0,0.0
395,117580231,875964.5135207274,81.51687964565805,22450452.638104632,15587829.66243252,0.0,19.494337500000015,0.0,0.0,9200.688329035444,0.0,0.0,1741.100325,18315.840778200003,42202.01390494774,436816.36694825045,1270177.007085
396,116833649,17142094.516258452,1771.5419256326998,471257206.10870427,399328678.28706497,0.0,381.4903125000003,14.117043378995435,33.49926255707763,182534.68910028995,1140.8632420091324,1376.6324200913239,34103.07807530137,378683.5525315753,826063.2403132058,8747130.542544583,25083785.4937186
397,116775086,0.0,0.0,0.0,0.0,0.0,0.0,0.0,0.0,0.0,0.0,0.0,0.0,0.0,0.0,0.0,0.0
398,117492402,0.0,0.0,0.0,0.0,0.0,0.0,0.0,0.0,0.0,0.0,0.0,0.0,0.0,0.0,0.0,0.0
399,117477761,0.0,0.0,0.0,0.0,0.0,0.0,0.0,0.0,0.0,0.0,0.0,0.0,0.0,0.0,0.0,0.0
400,117463115,6711964.177611462,2199.513209471835,184519880.47260225,234534560.45011726,7.939917808219186,29.874281250000053,417.7789342243152,1023.9987761705098,1187052.9801731042,242.74382441917805,215757.4346313699,65419.80841777741,826081.5853390852,1617241.9856595148,17788988.69773924,73693682.45050001
401,117404545,0.0,0.0,0.0,0.0,0.0,0.0,0.0,0.0,0.0,0.0,349.6575342465753,0.0,910267.1079452053,5.821917808219179,16602.39726027397,19403.234657534245
402,117345969,0.0,0.0,0.0,0.0,0.0,0.0,0.0,0.0,0.0,0.0,0.0,0.0,0.0,0.0,0.0,0.0
403,117302047,0.0,0.0,0.0,0.0,0.0,0.0,0.0,0.0,0.0,0.0,0.0,0.0,0.0,0.0,0.0,0.0
404,117565669,0.0,0.0,0.0,0.0,0.0,0.0,0.0,0.0,0.0,0.0,0.0,0.0,0.0,0.0,0.0,0.0
405,117404552,0.0,0.0,0.0,0.0,0.0,0.0,0.0,0.0,0.0,0.0,0.0,0.0,0.0,0.0,0.0,0.0
406,117038586,0.0,0.0,0.0,0.0,0.0,0.0,0.0,0.0,0.0,0.0,0.0,0.0,0.0,0.0,0.0,0.0
407,117507112,5421937.9546474265,2656.3184685678825,148974239.23899582,126233236.2131543,0.0,120.59231250000009,71.337506706621,72.31897212328768,78773.81804784466,0.0,0.0,10938.737806461188,122058.99804284668,294412.34229387593,2825286.908541027,11682806.559905022
408,117038583,0.0,0.0,0.0,0.0,0.0,0.0,0.0,0.0,0.0,0.0,0.0,0.0,0.0,0.0,0.0,0.0
409,117463193,0.0,0.0,0.0,0.0,0.0,0.0,0.0,0.0,0.0,0.0,0.0,0.0,0.0,0.0,0.0,0.0
410,117302073,0.0,0.0,0.0,0.0,0.0,0.0,0.0,0.0,0.0,0.0,0.0,0.0,0.0,0.0,0.0,0.0
411,117199652,0.0,0.0,0.0,0.0,0.0,0.0,0.0,0.0,0.0,0.0,0.0,0.0,0.0,0.0,0.0,0.0
412,117507068,0.0,0.0,0.0,0.0,0.0,0.0,0.0,0.0,0.0,0.0,0.0,0.0,50.02190904109589,0.0,392.75342465753425,388.36977545662097
413,117082500,0.0,0.0,0.0,0.0,0.0,0.0,0.0,0.0,0.0,0.0,0.0,0.0,0.0,0.0,0.0,0.0
414,117155695,1.2572602739726026,0.0,0.574833904109589,0.5676812214611872,0.0,0.0,2.384361872146119,0.05772517123287672,719.9070684657535,1.4829223744292237,0.0,5.233132156164383,288.00306100456623,1.7126141552511418,921.5878995433791,23239.243230593605
415,117433900,3614310.5083470717,373.52128001378463,99362363.48903024,84196571.25121875,0.0,80.43543750000008,0.0,0.0,37587.88619382119,0.0,0.0,7183.940791666665,75572.85115100001,174129.4081845846,1802344.6850985868,5240867.675925
416,117433864,0.0,0.0,0.0,0.0,0.0,0.0,0.0,0.0,0.0,0.0,0.0,0.0,0.0,0.0,0.0,0.0
417,117550992,1461034.452629094,187.97681065932593,40165844.96863673,34035375.23914475,20.02391552511417,32.514900000000026,0.1922518407534247,0.8469215171232879,15485.628859622217,0.0,485.8356164383561,2907.4172228401826,30608.305246357864,79362.38888079066,729156.698629019,2963971.1275271233
418,118326987,0.0,0.0,0.0,0.0,0.0,0.0,0.0,0.0,0.0,0.0,0.0,0.0,0.0,0.0,0.0,0.0
419,117887756,0.0,0.0,0.0,0.0,0.0,0.0,0.0,0.0,0.0,0.0,0.0,0.0,0.0,0.0,0.0,0.0
420,117799912,0.0,0.0,0.0,0.0,0.0,0.0,0.0,0.0,0.0,0.0,0.0,0.0,0.0,0.0,0.0,0.0
421,117712061,2509.3150684931506,334.13767123287676,1310.5335616438358,47347.74406392695,0.0,0.0,383.6593607305936,502.2358447488584,115837.73792876712,238.61187214611877,0.0,842.0450608219179,46341.56902283106,729.4520547945207,43929.22374429224,3739345.6529680365
422,117799898,0.0,0.0,0.0,0.0,0.0,0.0,0.0,0.0,0.0,0.0,0.0,0.0,0.0,0.0,0.0,0.0
423,117829173,20985.335189041096,12703.381610958902,37132.52371506849,12959.310717808221,0.0,0.0,466.5513972602741,472.0550794520548,140865.21539112326,0.0,0.0,1023.9742331178081,56353.95872438356,473.09589041095904,794659.1671232876,4547254.981369863
424,117858447,0.0,0.0,0.0,0.0,0.0,0.0,0.0,0.0,0.0,0.0,0.0,0.0,0.0,0.0,0.0,0.0
425,117931639,27.595616438356164,0.0,12.617034246575344,12.4600399543379,0.0,0.0,52.33437899543379,1.2670102739726028,15801.246363945203,32.54867579908676,0.0,114.86206216986301,6321.381633607306,37.59018264840183,20227.940639269404,510078.3471689499
426,117931632,304.16438356164383,0.0,139.06746575342467,137.33704337899545,0.0,0.0,576.8399543378996,13.965239726027397,174164.4862520548,358.75799086757996,0.0,1266.0325386301367,69675.52807305935,414.32648401826486,222956.39269406392,5622185.189497717
427,117887708,0.0,0.0,0.0,0.0,0.0,0.0,0.0,0.0,0.0,0.0,0.0,0.0,0.0,0.0,0.0,0.0
428,117858426,0.0,0.0,0.0,0.0,0.0,0.0,0.0,0.0,0.0,0.0,0.0,0.0,0.0,0.0,0.0,0.0
429,117829143,0.0,0.0,0.0,0.0,0.0,0.0,0.0,0.0,0.0,0.0,0.0,0.0,0.0,0.0,0.0,0.0
430,117712013,14929672.332815198,1250.4139785646335,344374808.33191514,265674220.41389346,0.0,332.2555500000003,0.0,0.0,156813.72917352294,0.0,0.0,26736.979993566667,306862.72748167114,719278.2694511194,7444965.095602392,21540267.4384779
431,118356085,0.0,0.0,0.0,0.0,0.0,0.0,0.0,0.0,0.0,0.0,0.0,0.0,0.0,0.0,0.0,0.0
432,117682807,0.0,0.0,0.0,0.0,0.0,0.0,0.0,0.0,0.0,0.0,0.0,0.0,0.0,0.0,0.0,0.0
433,117565634,2962.534246575342,0.0,80.42594178082192,1.2439212328767122,0.0,0.0,169.20188356164385,7.32054794520548,51086.889702739725,152.75924657534244,0.0,371.3596615068493,20437.610986301373,171.57534246575344,317471.5753424657,1649130.4332191779
434,118326763,12767.465753424658,10277.974885844751,0.0,71395.07465753425,0.0,0.0,1952.0696347031962,551.5413242009133,589385.6736164383,1214.0639269406392,0.0,4284.348989041096,235787.2085844749,1385.6164383561643,471373.5159817352,19025896.015981734
435,118400074,38.821917808219176,0.0,17.749828767123287,17.528966894977167,0.0,0.0,73.62477168949773,1.782448630136986,22229.425060273967,45.78995433789954,0.0,161.58963315068493,8893.012365296805,52.882420091324214,28456.963470319635,717585.6974885846
436,118429344,0.0,0.0,0.0,0.0,0.0,0.0,0.0,0.0,0.0,0.0,0.0,0.0,0.0,0.0,0.0,0.0
437,117887697,589.4520547945204,0.0,269.5042808219178,266.1508276255708,0.0,0.0,1117.8807077625572,27.06378424657534,337520.1694931506,695.2511415525113,0.0,2453.4939712328764,135026.9308675799,802.9394977168951,432075.91324200924,10895452.562785387
438,118341519,0.0,0.0,0.0,0.0,0.0,0.0,0.0,0.0,0.0,0.0,0.0,0.0,0.0,0.0,0.0,0.0
439,117887696,0.0,0.0,0.0,0.0,0.0,0.0,0.0,0.0,0.0,0.0,0.0,0.0,0.0,0.0,0.0,0.0
440,118077874,6.767123287671233,0.0,3.0940068493150683,3.05550799086758,0.0,0.0,12.83367579908676,0.3107020547945206,3874.8539095890405,7.981735159817351,0.0,28.167000273972604,1550.1581187214613,9.218036529680367,4960.388127853882,125083.74543378997
441,117843765,0.0,0.0,0.0,0.0,0.0,0.0,0.0,0.0,0.0,280.27397260273966,0.0,0.0,3233.872540639269,17.077625570776256,32969.863013698625,10668.246529680362
442,117960914,12893410.255192732,1332.4707689447866,354457568.99717593,300356301.07469565,0.0,286.9391250000003,0.0,0.0,134088.10233741355,0.0,0.0,25627.43175,269592.712578,621175.7102863094,6429544.2775529,18695863.812149998
443,118282961,57060196.96359776,5896.889509010361,1568662656.0190203,1329235866.3425786,0.0,1269.8577375000011,41.24675856164384,0.9908343036529679,606841.2954095023,25.605238356164385,0.0,113541.87060693606,1198508.8139446084,2749061.920028479,28471232.71182635,83202697.56538472
444,118268322,0.0,0.0,0.0,0.0,0.0,0.0,0.0,0.0,0.0,0.0,0.0,0.0,0.0,0.0,0.0,0.0
445,118033967,0.0,0.0,0.0,0.0,0.0,0.0,0.0,0.0,0.0,124.21232876712328,0.0,0.0,1433.1935123287667,7.568493150684933,14611.643835616436,4727.972893835617
446,117975547,12.821917808219178,0.0,5.862328767123288,5.789383561643837,0.0,0.0,24.316438356164383,0.5886986301369864,7341.828460273973,15.123287671232875,0.0,53.36905315068493,2937.1416986301374,17.46575342465754,9398.630136986301,237000.7808219178
447,118502456,26804962.171013173,2770.160391654425,736905014.7919054,624430319.8272613,0.0,596.5364625000004,0.8676409160958904,1.8656354757990872,279388.5754222173,112.40321917808217,0.0,53293.92748532511,569804.3422843643,1291434.6818952523,13435171.239240224,39016189.278845444
448,118253718,0.0,0.0,0.0,0.0,0.0,0.0,0.0,0.0,0.0,0.0,0.0,0.0,0.0,0.0,0.0,0.0
449,118429375,0.9708904109589042,0.827054794520548,0.0,1926.77301369863,31341.780821917808,0.0,21.27688356164383,79.17503424657535,6424.099902739726,0.0,7393.150684931506,46.69792150684932,2569.99898630137,43.86986301369863,28481.609589041094,207375.68321917803
450,118034104,0.0,0.0,0.0,0.0,0.0,0.0,0.0,0.0,0.0,0.0,0.0,0.0,0.0,0.0,0.0,0.0
451,118034158,0.0,0.0,0.0,0.0,0.0,0.0,20.091324200913245,70.31963470319636,0.0,472.1461187214611,0.0,0.0,2828.1301369863013,0.0,22291.32420091325,13176.344223744292
452,118224443,0.0,0.0,0.0,0.0,0.0,0.0,0.0,0.0,0.0,0.0,0.0,0.0,0.0,0.0,0.0,0.0
453,118268367,0.0,0.0,0.0,0.0,0.0,0.0,0.0,0.0,0.0,0.0,0.0,0.0,0.0,0.0,0.0,0.0
454,117990230,0.0,0.0,0.0,0.0,0.0,0.0,0.0,0.0,0.0,0.0,0.0,0.0,0.0,0.0,0.0,0.0
455,117697341,0.0,0.0,0.0,0.0,0.0,0.0,0.0,0.0,0.0,0.0,0.0,0.0,0.0,0.0,0.0,0.0
456,117770624,35363511.30744461,3682.5927270828256,972188118.8028225,823815612.8723665,0.0,787.0017375000007,23.033233308005133,24.921672813774734,384337.1472138913,51.522536589041096,219.78364726027397,70698.09627121028,747640.3579076742,1703787.0959242005,17652328.815711476,52114019.81299833
457,118019310,0.0,0.0,0.0,0.0,0.0,0.0,0.0,0.0,0.0,0.0,0.0,0.0,0.0,0.0,0.0,0.0
458,118034087,49.44349315068493,38.9425,0.4885273972602739,270.993198630137,0.0,0.0,9.422619863013699,2.1388082191780824,2844.958528356164,5.86027397260274,0.0,20.680508095890414,1138.1424082191782,6.705479452054795,2569.219178082192,91837.80256849313
459,118253734,6449985.893564608,666.5744355586389,177318977.26423606,150254577.07706144,0.0,143.54257500000014,0.0,0.0,67078.17027871632,0.0,0.0,12820.23685,134864.95494359997,310745.91512032674,3216408.1551320623,9352689.123329999
460,117946325,0.0,0.0,0.0,0.0,0.0,0.0,0.0,0.0,0.0,0.0,0.0,0.0,0.0,0.0,0.0,0.0
461,118122007,30615998.6567727,3164.0134351400634,841675882.6028867,1069814881.584869,0.0,136.2700432500002,0.0,0.0,2228788.781136216,0.0,0.0,251811.87128078172,2880721.61147421,7375052.19152014,68702625.43509284,221970964.2487575
462,117741335,123.86027397260274,4.969784246575342,38.62775,117.40250913242006,12.431506849315069,0.0,118.90062899543379,6.08767808219178,35899.50177394521,80.10301369863015,131.6609589041096,260.95984516986294,14709.57996832877,88.43675799086759,50425.412328767125,1159440.768669863
463,117799880,1718028.1859175588,221.0255998501502,47230945.74143985,40022032.320400335,0.0,38.234212500000034,0.8358775684931508,0.023956763698630146,18652.520343572814,1.5253095890410961,0.0,3429.6419786529673,36179.51457984293,93322.2854900402,857460.484422348,3515989.6759457537
464,118253735,0.0,0.0,0.0,0.0,0.0,0.0,0.0,0.0,0.0,0.0,0.0,0.0,48.04736,0.0,377.25000000000006,373.0393895833333
465,117990126,0.0,0.0,0.0,0.0,0.0,0.0,0.0,0.0,0.0,0.0,0.0,0.0,0.0,0.0,0.0,0.0
466,118078064,117.91004566210046,0.0,6337.280267123287,1788.0125159817353,0.0,0.0,6.734302511415525,0.8103470319634706,2033.2786041369861,0.0,0.0,14.780262775342463,813.4250759817352,12.519406392694064,11596.384703196345,65636.04957762557
467,118136651,0.0,0.0,0.0,0.0,0.0,0.0,0.0,0.0,0.0,0.0,0.0,0.0,0.0,0.0,0.0,0.0
468,117785239,8472031.318658022,875.542921714611,232907785.15870413,197358801.05391574,0.0,188.54261250000013,0.0,0.0,88106.91508125048,243.33333333333334,0.0,16839.331108333332,181118.50946206664,408195.2143840575,4264024.568973904,12305327.234995
469,118531765,0.0,0.0,0.0,0.0,0.0,0.0,0.0,0.0,0.0,0.0,0.0,0.0,0.0,0.0,0.0,0.0
470,118531774,2.0621917808219177,0.0,0.9428578767123287,0.9311258561643836,0.0,0.0,3.9108938356164384,0.09468236301369864,1180.8107440273973,2.4323287671232876,0.0,8.583522715068494,472.3902898630138,2.809075342465754,1511.6130136986305,38117.62558219178
471,118956296,354.79452054794524,0.0,9.631849315068495,0.14897260273972604,0.0,0.0,20.26369863013699,0.8767123287671234,6118.190383561644,18.294520547945208,0.0,44.47421095890411,411364.38356164395,20.547945205479454,1027397.2602739726,9634178.082191782
472,118927016,0.0,0.0,0.0,0.0,0.0,0.0,12.456621004566209,43.59817351598175,0.0,292.73059360730593,0.0,0.0,1753.4406849315067,0.0,13820.62100456621,8169.3334187214605
473,118897736,53.01369863013698,7.059246575342466,27.687328767123287,1000.3044520547945,0.0,0.0,8.105479452054796,42.11746575342466,2447.276153424657,206.4109589041096,0.0,17.78968438356164,4335.7806027397255,57.87671232876713,30602.054794520547,89328.09917808218
474,118546451,40783844.16925204,2518.1079766446674,1117585897.431321,1036218818.2746996,0.0,1062.283200000001,0.0,0.0,488964.14999669866,0.0,0.0,81901.38769510602,981097.5922297087,2299667.2945357785,22612799.931747034,64848427.08777062
475,118517173,0.0,0.0,0.0,0.0,0.0,0.0,0.0,0.0,0.0,0.0,0.0,0.0,0.0,0.0,0.0,0.0
476,118458660,0.0,0.0,0.0,0.0,0.0,0.0,0.0,0.0,0.0,0.0,0.0,0.0,0.0,0.0,0.0,0.0
477,118487895,2389491.213536562,307.40988903410454,65690397.647059314,55663996.42478454,0.0,53.177437500000046,0.0,0.0,25098.00748931641,0.0,0.0,4749.443458333333,49962.68676700001,129794.5823063015,1191565.2456703214,4831703.3478
478,119014815,7078799.370811057,910.6930030744892,194605924.01346228,164902997.18884686,0.0,157.53663750000015,0.0,0.0,74352.12928070714,0.0,0.0,14070.090391666667,148013.03040859997,384512.7374227411,3529977.9566242513,14313782.961240001
479,119146603,0.0,0.0,0.0,0.0,0.0,0.0,0.0,0.0,0.0,0.0,0.0,0.0,0.0,0.0,0.0,0.0
480,118751338,1.7808219178082192,0.0,0.8142123287671232,0.8040810502283106,0.0,0.0,3.377283105022831,0.08176369863013698,1019.6983972602739,2.100456621004566,0.0,7.412368493150684,407.9363470319634,2.425799086757991,1305.3652968036529,32916.77511415525
481,119014842,0.0,0.0,0.0,0.0,0.0,0.0,0.0,0.0,0.0,0.0,0.0,0.0,0.0,0.0,0.0,0.0
482,118985561,0.8904109589041096,0.0,0.4071061643835616,0.4020405251141553,0.0,0.0,1.6886415525114156,0.04088184931506849,509.8491986301369,1.050228310502283,0.0,3.706184246575342,203.9681735159817,1.2128995433789955,652.6826484018264,16458.387557077625
483,118678141,0.0,0.0,0.0,0.0,0.0,0.0,0.0,0.0,0.0,0.0,0.0,0.0,0.0,0.0,0.0,0.0
484,118985556,0.0,0.0,0.0,0.0,0.0,0.0,0.0,0.0,0.0,0.0,0.0,0.0,0.0,0.0,0.0,0.0
485,118678115,4430309.082744158,841.1413724496533,121787316.14083518,103197584.82283974,0.0,103.77510000000008,10.135851395547947,8.853499902739726,54948.330147984736,0.0,0.0,9448.243894029225,100614.12626575807,224669.15206457276,2246281.3832188603,7027273.38389656
486,118927000,0.0,0.0,0.0,0.0,0.0,0.0,0.0,0.0,0.0,0.0,0.0,0.0,0.0,0.0,0.0,0.0
487,118970915,0.0,0.0,0.0,0.0,0.0,0.0,0.0,0.0,0.0,0.0,0.0,0.0,0.0,0.0,0.0,0.0
488,118795200,0.0,0.0,0.0,0.0,0.0,0.0,60.41666666666666,0.0,0.0,481.25,0.0,351.97499999999997,13087.900666666666,58.33333333333334,19300.0,161025.2510416667
489,118648863,0.0,0.0,0.0,0.0,0.0,0.0,0.0,0.0,0.0,0.0,0.0,0.0,0.0,0.0,0.0,0.0
490,118912319,0.0,0.0,0.0,0.0,0.0,0.0,0.0,0.0,0.0,0.0,0.0,0.0,0.0,0.0,0.0,0.0
491,118912360,0.0,0.0,0.0,0.0,0.0,0.0,0.0,0.0,0.0,0.0,0.0,0.0,0.0,0.0,0.0,0.0
492,118736638,1957523.6943846429,251.8369342659254,53815016.83672136,45601168.69581893,0.0,43.56412500000004,0.0,0.0,20560.83908735761,0.0,0.0,3890.8484166666663,40930.530578,106330.57314795407,976156.4255148169,3958237.5251999996
493,118941584,0.0,0.0,0.0,0.0,0.0,0.0,0.0,0.0,0.0,0.0,0.0,0.0,0.0,0.0,0.0,0.0
494,119058721,2000173.651971795,257.3238842303786,54987522.79014713,46594713.71209654,0.0,44.51328750000004,0.0,0.0,21008.81267641177,0.0,0.0,3975.6210916666664,41822.3130878,108647.27278637321,997424.6381377657,4044478.45452
495,118941625,0.0,0.0,0.0,0.0,0.0,0.0,0.0,0.0,0.0,0.0,0.0,0.0,0.0,0.0,0.0,0.0
496,118736716,0.0,0.0,0.0,0.0,0.0,0.0,0.0,0.0,0.0,0.0,0.0,0.0,0.0,0.0,0.0,0.0
497,118590376,6375623.421389456,820.2286741733774,175274608.62116662,148522242.87965193,0.0,141.8876250000001,2.9517454337899545,0.07146147260273973,67857.5247116607,6138.822100456621,0.0,12678.906493396347,338690.59724042926,347661.480568068,4824411.212487061,14807183.066050686
498,119834574,3088294.3647721964,357.58030845266825,76411311.05710113,71942849.38379477,0.0,68.72910000000006,0.0,0.0,32437.88244843458,0.0,0.0,5530.708431133334,63476.438793454414,167752.81484347614,1540036.7294155546,6213504.1660944
499,118941625,0.0,0.0,0.0,0.0,0.0,0.0,0.0,0.0,0.0,0.0,0.0,0.0,0.0,0.0,0.0,0.0
500,118985548,120922473.68633752,15556.769368447172,3324324959.4471397,2816929404.8609056,0.0,2691.094725000002,3.343510273972603,0.09582705479452058,1272537.4045142492,6.101238356164385,0.0,240409.39549794517,2529435.9543973715,6568381.585312188,60303223.84659457,244681048.92898306
501,119029479,6948.627535159815,4206.321531506849,12295.25639748858,4291.064330365297,0.0,0.0,154.48368378995437,156.30605342465756,46643.044087479444,726.5,0.0,339.05655961369854,30524.41650484018,251.19520547945208,380416.09726027393,1567202.3622829907
502,119000165,0.0,0.0,0.0,0.0,0.0,0.0,0.0,0.0,0.0,0.0,0.0,0.0,0.0,0.0,0.0,0.0
503,118897684,729.1638356164384,441.39616438356165,1290.219726027397,450.2887671232877,0.0,0.0,16.210958904109592,16.40219178082192,4894.552306849314,0.0,0.0,35.57936876712328,1958.0944657534246,16.438356164383567,27611.506849315065,158000.5205479452
504,118941631,0.0,0.0,0.0,0.0,0.0,0.0,0.0,0.0,0.0,0.0,0.0,0.0,0.0,0.0,0.0,0.0
505,118853816,0.0,0.0,0.0,0.0,0.0,0.0,0.0,0.0,0.0,0.0,0.0,0.0,0.0,0.0,0.0,0.0
506,118809896,8775448.576092489,1118.0306370601552,241206348.3262282,204419983.48699683,0.0,195.2597625000002,242.6105091324201,317.59343436073055,164496.92726771533,150.888401826484,0.0,17971.735711407306,212760.18404398812,423166.3413021545,4403032.120493808,15086994.136055455
507,118722047,0.0,0.0,0.0,0.0,0.0,0.0,0.0,0.0,0.0,0.0,0.0,0.0,0.0,0.0,0.0,0.0
508,118531719,13.009132420091321,0.0,699.1984246575342,197.27319634703198,0.0,0.0,0.7430022831050228,0.08940639269406392,224.33364739726025,0.0,0.0,1.6307210684931508,89.74599634703198,1.3812785388127855,1279.4406392694061,7241.690525114154
509,118077908,0.0,0.0,0.0,0.0,0.0,0.0,0.0,0.0,0.0,0.0,0.0,0.0,0.0,0.0,0.0,0.0
510,118473178,0.0,0.0,0.0,0.0,0.0,0.0,0.0,0.0,0.0,0.0,0.0,0.0,0.0,0.0,0.0,0.0
511,118282869,2592898.703567597,241.29403450668565,66454460.930020094,46140754.2192603,0.0,57.70421250000005,0.0,0.0,27234.496914036252,0.0,0.0,5153.743908333334,54215.8033522,124920.06862500758,1292998.2597182298,3759787.3705349998
512,117975405,750201.8180714346,69.81345747430889,19227229.100798722,13349876.589798635,0.0,16.695525000000014,0.0,0.0,7879.740566439844,0.0,0.0,1491.1296166666668,15686.225685200001,36143.04811335099,374102.40664981253,1087817.01231
513,118048576,0.0,0.0,0.0,0.0,0.0,0.0,0.0,0.0,0.0,0.0,0.0,0.0,0.0,0.0,0.0,0.0
514,118780646,0.0,0.0,0.0,0.0,0.0,0.0,0.0,0.0,0.0,0.0,0.0,0.0,0.0,0.0,0.0,0.0
515,118238966,1.4709589041095887,0.0,0.6725393835616437,0.6641709474885843,0.0,0.0,2.789635844748858,0.06753681506849314,842.2708761369862,1.7349771689497713,0.0,6.1226163753424645,336.9554226484019,2.0037100456621,1078.2317351598174,27189.25624429223
516,118590376,1510245.9340475935,194.29430515153243,41518736.45335878,35181683.78152286,0.0,33.61008750000003,0.0,0.0,15862.859653430642,0.0,0.0,3001.822158333333,31578.247334199998,82034.92822196904,753112.8623664594,3053813.42028
517,118502526,0.0,0.0,0.0,0.0,0.0,0.0,0.0,0.0,0.0,0.0,0.0,0.0,0.0,0.0,0.0,0.0
518,118063361,0.0,0.0,0.0,0.0,0.0,0.0,0.0,0.0,0.0,0.0,0.0,0.0,0.0,0.0,0.0,0.0
519,118400128,0.0,0.0,0.0,0.0,0.0,0.0,0.0,0.0,0.0,0.0,0.0,0.0,0.0,0.0,0.0,0.0
520,118326894,71.23287671232876,0.0,32.56849315068493,32.163242009132425,0.0,0.0,135.09132420091325,3.2705479452054793,40787.93589041095,84.01826484018264,0.0,296.4947397260274,16317.453881278534,97.03196347031964,52214.61187214612,1316671.00456621
521,118268330,0.0,0.0,0.0,0.0,0.0,0.0,0.0,0.0,0.0,0.0,0.0,0.0,0.0,0.0,0.0,0.0
522,118400107,0.0,0.0,0.0,0.0,0.0,0.0,0.0,0.0,0.0,0.0,0.0,0.0,0.0,0.0,0.0,0.0
523,118341549,0.0,0.0,0.0,0.0,0.0,0.0,0.0,0.0,0.0,0.0,0.0,0.0,0.0,0.0,0.0,0.0
524,118224492,0.0,0.0,0.0,0.0,0.0,0.0,0.0,0.0,0.0,0.0,0.0,0.0,0.0,0.0,0.0,0.0
525,118136651,0.0,0.0,0.0,0.0,0.0,0.0,0.0,0.0,0.0,0.0,0.0,0.0,0.0,0.0,0.0,0.0
526,118034163,0.0,0.0,0.0,0.0,0.0,0.0,789.881278538813,2764.5844748858453,0.0,18562.2100456621,0.0,0.0,111186.65082191779,0.0,876373.2785388129,518021.98390913237
527,117917038,0.0,0.0,0.0,0.0,0.0,0.0,0.0,0.0,0.0,0.0,0.0,0.0,0.0,0.0,0.0,0.0
528,117785271,0.0,0.0,0.0,0.0,0.0,0.0,0.0,0.0,0.0,0.0,0.0,0.0,0.0,0.0,0.0,0.0
529,117829200,8531732.864861578,1118.6009517628436,773795918.9792837,218607967.63998973,13.634046232876718,189.81789750000007,365.8755060960331,602.6302160787916,790043.836867028,1771.50327446347,5598.762737260274,81131.75387393644,3457596.9613482673,4114293.7756027696,48129366.63014914,131370938.85320471
530,117799924,0.0,0.0,0.0,0.0,0.0,0.0,0.0,0.0,0.0,0.0,0.0,0.0,0.0,0.0,0.0,0.0
531,117712086,0.0,0.0,0.0,0.0,0.0,0.0,0.0,0.0,0.0,0.0,0.0,0.0,0.0,0.0,0.0,0.0
532,117360725,0.0,0.0,0.0,0.0,0.0,0.0,0.0,0.0,0.0,0.0,0.0,0.0,0.0,0.0,0.0,0.0
533,118063373,0.0,0.0,0.0,0.0,0.0,0.0,0.0,0.0,0.0,0.0,0.0,0.0,0.0,0.0,0.0,0.0
534,117785186,0.0,0.0,0.0,0.0,0.0,0.0,0.0,0.0,0.0,0.0,0.0,0.0,0.0,0.0,0.0,0.0
535,117755936,0.0,0.0,0.0,0.0,0.0,0.0,0.0,0.0,0.0,0.0,0.0,0.0,0.0,0.0,0.0,0.0
536,117653448,0.0,0.0,0.0,0.0,0.0,0.0,0.0,0.0,0.0,0.0,0.0,0.0,0.0,0.0,0.0,0.0
537,117375284,0.0,0.0,0.0,0.0,0.0,0.0,0.0,0.0,0.0,0.0,0.0,0.0,0.0,0.0,0.0,0.0
538,117389897,0.0,0.0,0.0,0.0,0.0,0.0,0.0,0.0,0.0,0.0,0.0,0.0,0.0,0.0,0.0,0.0
539,117375239,0.0,0.0,0.0,0.0,0.0,0.0,0.0,0.0,0.0,0.0,0.0,0.0,0.0,0.0,0.0,0.0
540,116965331,3756477.075925249,349.6274643480236,96276285.65778954,66847042.17193205,104.47260273972613,83.59931250000008,1.003053082191781,4.418720958904111,40184.8056511627,0.0,2534.794520547945,7484.306059383562,78853.48246217151,180981.33758786265,1876286.109418895,5483180.076128424
541,117551023,0.0,0.0,0.0,0.0,0.0,0.0,0.0,0.0,0.0,0.0,0.0,0.0,0.0,0.0,0.0,0.0
542,117477794,0.0,0.0,0.0,0.0,0.0,0.0,0.0,0.0,0.0,0.0,0.0,0.0,8640.955695342465,25.315068493150687,32716.561643835612,23783.12469726028
543,117653475,0.0,0.0,0.0,0.0,0.0,0.0,0.0,0.0,0.0,0.0,0.0,0.0,0.0,0.0,0.0,0.0
544,117302123,0.0,0.0,0.0,0.0,0.0,0.0,0.0,0.0,0.0,0.0,0.0,0.0,0.0,0.0,0.0,0.0
545,117170366,0.0,0.0,0.0,0.0,0.0,0.0,0.0,0.0,0.0,0.0,0.0,0.0,0.0,0.0,0.0,0.0
546,116936119,0.0,0.0,0.0,0.0,0.0,0.0,0.0,0.0,0.0,0.0,0.0,0.0,0.0,0.0,0.0,0.0
547,116892179,0.0,0.0,0.0,0.0,0.0,0.0,0.0,0.0,0.0,0.0,0.0,0.0,0.0,0.0,0.0,0.0
548,116745788,0.0,0.0,0.0,0.0,0.0,0.0,0.0,0.0,0.0,0.0,0.0,0.0,0.0,0.0,0.0,0.0
549,116643304,0.0,0.0,0.0,0.0,0.0,0.0,0.0,0.0,0.0,0.0,0.0,0.0,0.0,0.0,0.0,0.0
550,116570102,6720102.291616554,864.546346963191,184744848.30259934,156547028.84681967,0.0,149.5539375000001,0.0,0.0,70584.55653173882,0.0,0.0,13357.130458333333,140512.91083900002,365028.6994380881,3351106.8350774026,13588474.632600002
551,116511538,0.0,0.0,0.0,0.0,0.0,0.0,0.0,0.0,0.0,0.0,0.0,0.0,0.0,0.0,0.0,0.0
552,116482252,0.0,0.0,0.0,0.0,0.0,0.0,0.0,0.0,0.0,0.0,0.0,0.0,0.0,0.0,0.0,0.0
553,116233368,5647291.820001294,525.5345399378004,144736750.8404149,100493823.1920119,0.0,125.67885000000011,0.0,0.0,59316.297791684185,0.0,0.0,11224.771633333332,118081.1507848,272073.90737222234,2816129.486792467,8188756.634939999
554,116130858,60.55159817351599,0.0,1.6438356164383559,0.025424657534246577,0.0,0.0,3.458337899543379,0.1496255707762557,1044.1711587945204,3.1222648401826483,0.0,7.590265336986302,417.72681936073064,3.506849315068493,6488.840182648401,33706.777716894976
555,116101571,0.0,0.0,0.0,0.0,0.0,0.0,0.0,0.0,0.0,0.0,0.0,0.0,0.0,0.0,0.0,0.0
556,115369583,0.0,0.0,0.0,0.0,0.0,0.0,0.0,0.0,0.0,0.0,0.0,0.0,0.0,0.0,0.0,0.0
557,115281736,0.0,0.0,0.0,0.0,0.0,0.0,0.0,0.0,0.0,0.0,0.0,0.0,0.0,0.0,0.0,0.0
558,116921488,34.67979452054795,0.0,2.1022945205479453,3.11114497716895,0.0,0.0,5.302334474885845,1.7838139269406392,1600.9264836986304,3.297716894977169,517.060502283105,11.637418534246576,640.4600648401828,14.158675799086758,7047.615296803652,51679.33692922374
559,116584790,16.027397260273972,0.0,7.327910958904109,7.236729452054793,0.0,0.0,30.395547945205482,0.7358732876712328,9177.285575342465,18.904109589041095,0.0,66.71131643835615,3671.427123287671,21.83219178082192,11748.287671232878,296250.9760273972
560,116511592,0.0,0.0,0.0,0.0,0.0,0.0,22.511415525114156,0.0,0.0,179.31506849315068,0.0,131.14684931506847,4876.5876456621,21.7351598173516,7191.232876712329,59998.449703196355
561,116453033,2394959.15681697,247.50729295920982,65840718.92313954,55791373.99097398,0.0,53.29912500000003,0.0,0.0,24906.9503069496,0.0,0.0,4760.31175,50077.017858,115383.78333562489,1194291.9395963403,3472768.5961499996
562,115647855,0.0,0.0,0.0,0.0,0.0,0.0,0.0,0.0,0.0,0.0,0.0,0.0,0.0,0.0,0.0,0.0
563,116306613,6516694.801585524,838.3778163634915,179152896.83241487,151808583.3845726,0.0,145.02716250000012,0.0,0.0,68448.06710701899,0.0,0.0,12952.83000833333,136259.79425379998,353979.82423947396,3249673.821029494,13177171.738920001
564,115955252,0.0,0.0,0.0,0.0,0.0,0.0,0.0,0.0,0.0,0.0,0.0,0.0,0.0,0.0,0.0,0.0
565,115925972,0.0,0.0,0.0,0.0,0.0,0.0,0.0,0.0,0.0,0.0,0.0,0.0,0.0,0.0,0.0,0.0
566,115867412,3670083.5298071858,472.15907899242774,100895640.50504853,85495822.42635101,0.0,81.67665000000007,0.0,0.0,38548.70166322465,0.0,0.0,7294.797366666667,76739.02827919999,199354.97401370606,1830156.9631439808,7421142.533280001
567,115516051,0.0,0.0,0.0,0.0,0.0,0.0,0.0,0.0,0.0,0.0,0.0,0.0,6.845103342465753,0.0,53.74520547945206,53.145337694063926
568,115179328,0.0,0.0,0.0,0.0,0.0,0.0,0.0,0.0,0.0,0.0,0.0,0.0,960.9471999999997,0.0,7545.000000000001,7460.787791666666
569,115120739,0.0,0.0,0.0,0.0,0.0,0.0,0.0,0.0,0.0,0.0,0.0,0.0,0.0,0.0,0.0,0.0
570,115032923,0.0,0.0,0.0,0.0,0.0,0.0,0.0,0.0,0.0,0.0,0.0,0.0,394.90980821917793,0.0,3100.68493150685,3066.0771746575338
571,115076873,1416197.3096246468,146.3570522293044,38933210.50477886,32990789.643064532,0.0,31.517062500000023,0.0,0.0,14728.082487442798,0.0,0.0,2814.8875416666665,29611.752569000004,68229.22347928505,706213.7268389319,2053532.1150749996
572,119366120,0.0,0.0,0.0,0.0,0.0,0.0,0.0,0.0,0.0,0.0,0.0,0.0,0.0,0.0,0.0,0.0
573,118868411,42.93013698630137,0.0,2307.3548013698633,651.0015479452056,0.0,0.0,2.4519075342465757,0.295041095890411,740.301036410959,0.0,0.0,5.381379526027396,296.1617879452055,4.558219178082192,4222.154109589042,23897.578732876715
574,119088029,0.0,0.0,0.0,0.0,0.0,0.0,0.0,0.0,0.0,0.0,0.0,0.0,0.0,0.0,0.0,0.0
575,118151083,7701051.316121053,716.6565124403546,197373392.60615835,137040569.89119822,0.0,171.38467500000013,0.0,0.0,80887.94907998451,0.0,0.0,15306.901983333335,161023.90856440002,371019.4530819501,3840275.7254052185,11166774.636569997
576,118663567,0.0,0.0,0.0,0.0,0.0,0.0,0.0,0.0,0.0,0.0,0.0,0.0,0.0,0.0,0.0,0.0
577,118487880,0.0,0.0,0.0,0.0,0.0,0.0,0.0,0.0,0.0,0.0,0.0,0.0,0.0,0.0,0.0,0.0
578,118107269,0.0,0.0,0.0,0.0,0.0,0.0,0.0,0.0,0.0,0.0,0.0,0.0,0.0,0.0,0.0,0.0
579,118414807,0.0,0.0,0.0,0.0,0.0,0.0,0.0,0.0,0.0,0.0,0.0,0.0,0.0,0.0,0.0,3938452000.0
580,118136651,0.0,0.0,0.0,0.0,0.0,0.0,0.0,0.0,0.0,0.0,0.0,0.0,0.0,0.0,0.0,0.0
581,117082525,0.0,0.0,0.0,0.0,0.0,0.0,0.0,0.0,0.0,0.0,0.0,0.0,0.0,0.0,0.0,0.0
582,116833582,0.0,0.0,0.0,0.0,0.0,0.0,0.0,0.0,0.0,0.0,0.0,0.0,0.0,0.0,0.0,0.0
583,116731205,0.0,0.0,0.0,0.0,0.0,0.0,0.0,0.0,0.0,0.0,0.0,0.0,0.0,0.0,0.0,0.0
584,118048572,0.0,0.0,0.0,0.0,0.0,0.0,0.0,0.0,0.0,0.0,0.0,0.0,0.0,0.0,0.0,0.0
585,119190480,3389031.2451944184,436.001485636929,93169126.91452485,78948615.52421387,0.0,75.42191250000006,0.0,0.0,35596.67057638057,6.051500000000001,0.0,6736.167175,70948.04403179514,184088.90719036668,1690760.6235202772,6853737.964405644
586,119234403,0.0,0.0,0.0,0.0,0.0,0.0,0.0,0.0,0.0,0.0,0.0,0.0,0.0,0.0,0.0,0.0
587,118180513,1.39972602739726,0.0,0.6399708904109588,0.6320077054794521,0.0,0.0,2.654544520547945,0.06426626712328766,801.4829402465753,1.650958904109589,0.0,5.826121635616437,320.63796876712325,1.9066780821917808,1026.0171232876712,25872.58523972602
588,118048740,2.1369863013698627,0.0,0.9770547945205478,0.9648972602739726,0.0,0.0,4.052739726027398,0.09811643835616439,1223.6380767123285,2.5205479452054793,0.0,8.89484219178082,489.52361643835616,2.9109589041095894,1566.4383561643835,39500.1301369863
589,118063380,4.986301369863013,0.0,2.279794520547945,2.2514269406392695,0.0,0.0,9.456392694063927,0.22893835616438354,2855.1555123287667,5.8812785388127855,0.0,20.754631780821914,1142.2217716894977,6.792237442922375,3655.022831050228,92166.9703196347
590,115076823,0.0,0.0,0.0,0.0,0.0,0.0,0.0,0.0,0.0,0.0,0.0,0.0,0.0,0.0,0.0,0.0
591,118780690,0.0,0.0,0.0,0.0,0.0,0.0,0.0,0.0,0.0,0.0,0.0,0.0,0.0,0.0,0.0,0.0
592,117638735,3385750.4792261757,435.5794125627403,93078934.14887671,78872188.98450021,0.0,75.34890000000006,0.0,0.0,35562.21106953025,0.0,0.0,6729.6462,70793.81154719999,183910.30975757865,1688368.8789909908,6846203.004480001
593,115413566,1331990.9831064218,171.361668120613,36618262.85314336,31029175.12374718,0.0,29.643075000000024,0.0,0.0,13990.559781229924,0.0,0.0,2647.51585,5544030.236934722,72352.31178447379,43975209.90065221,45520949.75289136
594,118502518,0.0,0.0,0.0,0.0,0.0,0.0,0.0,0.0,0.0,0.0,0.0,0.0,0.0,0.0,0.0,0.0
595,116189439,0.0,0.0,0.0,0.0,0.0,0.0,0.0,0.0,0.0,0.0,0.0,0.0,0.0,0.0,0.0,0.0
596,116350532,0.0,0.0,0.0,0.0,0.0,0.0,0.0,0.0,0.0,84.40068493150686,0.0,0.0,973.8366173515982,5.142694063926941,9928.424657534246,3212.596966324201
597,119073378,0.0,0.0,0.0,0.0,0.0,0.0,0.0,0.0,0.0,0.0,0.0,0.0,0.0,0.0,0.0,0.0
598,118663448,0.0,0.0,0.0,0.0,0.0,0.0,0.0,0.0,0.0,0.0,0.0,0.0,0.0,0.0,0.0,0.0
599,118634183,0.0,0.0,0.0,0.0,0.0,0.0,0.0,0.0,0.0,0.0,0.0,0.0,0.0,0.0,0.0,0.0
600,118517092,3704.906506849315,493.34132962328766,1934.9520436643836,69907.11021889267,0.0,0.0,566.4581860730593,741.5317719748858,171029.9333788767,352.3011872146119,0.0,1243.2469178821916,68421.53174228311,1077.007705479452,64859.79737442923,5520999.022796805
601,118546361,5042537.293188597,648.7263150280346,138626280.80118558,117467591.5399,0.0,112.2202125000001,0.0,0.0,52964.262028941856,0.0,0.0,10022.738575000001,105436.13212019998,273905.1803269364,2514557.13857476,10196331.412680002
602,118473188,0.0,0.0,0.0,0.0,0.0,0.0,0.0,0.0,0.0,1088031.5239726028,0.0,0.0,12553985.07414064,66295.82762557079,127989944.8630137,41414436.10340468
603,118473146,0.0,0.0,0.0,0.0,0.0,0.0,0.0,0.0,0.0,0.0,0.0,0.0,0.0,0.0,0.0,0.0
604,118370686,21.26291095890411,17.116918036529682,0.0,118.90120910958905,0.0,0.0,3.2509727168949776,0.9185357762557079,981.5616772027396,467.021899543379,0.0,7.135145911506847,5757.968060986302,30.640936073059365,55485.024474885846,49385.27855821918
605,118063245,0.0,0.0,0.0,0.0,0.0,0.0,0.0,0.0,0.0,0.0,0.0,0.0,0.0,0.0,0.0,0.0
606,117887578,1.0684931506849313,0.0,0.4885273972602739,0.4824486301369863,0.0,0.0,2.026369863013699,0.049058219178082195,611.8190383561642,1.2602739726027397,0.0,4.44742109589041,244.76180821917808,1.4554794520547947,783.2191780821918,19750.06506849315
607,118063228,5453726.627874992,563.6159223687577,149930440.76241866,127046384.51734579,0.0,121.37111250000011,0.0,0.0,56717.333872492076,0.0,0.0,10840.034108333335,114033.83016339998,262748.3687190691,2719604.521811392,7908080.816894998
608,118429286,0.0,0.0,0.0,0.0,0.0,0.0,0.0,0.0,0.0,0.0,0.0,0.0,0.0,0.0,0.0,0.0
609,118385374,7.835616438356165,0.0,3.5825342465753423,3.5379566210045663,0.0,0.0,14.86004566210046,0.35976027397260274,4486.672947945205,9.242009132420092,0.0,32.614421369863,1794.919926940639,10.673515981735159,5743.607305936075,144833.81050228313
610,118443977,1773800.8001630672,228.20084211135816,48764221.96042571,41321282.47185379,0.0,39.47542500000004,0.0,0.0,18631.106703739682,0.0,0.0,3525.673816666667,37089.0059204,96350.94393630254,884539.5096005771,3586738.1373600005
611,118443993,11.575342465753423,0.0,5.2923801369863,5.226526826484017,0.0,0.0,21.9523401826484,0.5314640410958904,6628.03958219178,13.652968036529678,0.0,48.18039520547944,2651.586255707762,15.767694063926939,8484.874429223744,213959.0382420091
612,118443987,0.0,0.0,0.0,0.0,0.0,0.0,0.0,0.0,0.0,0.0,0.0,0.0,0.0,0.0,0.0,0.0
613,118107272,6.6175342465753415,0.0,3.02561301369863,2.987965182648402,0.0,0.0,12.549984018264842,0.30383390410958905,3789.199244219178,7.8052968036529675,0.0,27.544361320547946,1515.891465570776,9.014269406392694,4850.737442922375,122318.73632420092
614,118224401,391.7808219178082,0.0,179.1267123287671,176.8978310502283,0.0,0.0,743.0022831050229,17.988013698630137,224333.64739726027,462.10045662100464,0.0,1630.7210684931506,89745.99634703196,533.675799086758,287180.3652968037,7241690.525114155
615,117960871,0.0,0.0,0.0,0.0,0.0,0.0,0.0,0.0,0.0,0.0,0.0,0.0,0.0,0.0,0.0,0.0
616,118063347,0.0,0.0,0.0,0.0,0.0,0.0,0.0,0.0,0.0,0.0,0.0,0.0,0.0,0.0,0.0,0.0
617,117990124,0.0,0.0,0.0,0.0,0.0,0.0,0.0,0.0,0.0,0.0,0.0,0.0,0.0,0.0,0.0,0.0
618,118341553,171.60228310502282,12.705636225266362,24.777426179604266,0.10656126331811262,36.4406392694064,0.0,9.800875570776258,6.896667047184169,2959.164748849315,0.0,385.93949771689495,21.510693367123285,1183.831279086758,11.04261796042618,14801.52511415525,95524.48138127854
619,118268424,0.0,0.0,0.0,0.0,0.0,0.0,0.0,0.0,0.0,0.0,0.0,0.0,0.0,0.0,0.0,0.0
620,118092725,0.0,0.0,0.0,0.0,0.0,0.0,0.0,0.0,0.0,0.0,0.0,0.0,0.0,0.0,0.0,0.0
621,118195196,0.0,0.0,0.0,0.0,0.0,0.0,0.0,0.0,0.0,0.0,0.0,0.0,0.0,0.0,0.0,0.0
622,118078066,0.0,0.0,0.0,0.0,0.0,0.0,0.0,0.0,0.0,0.0,0.0,0.0,0.0,0.0,0.0,0.0
623,117902414,14453961.267420044,1493.7460689688933,397359261.1904728,336709858.4651613,0.0,321.66873750000025,0.0,0.0,150317.42566527528,0.0,0.0,28729.242191666668,302222.80594939995,696359.5727611665,7207742.724038735,20958713.486445
624,117975603,0.0,0.0,0.0,0.0,0.0,0.0,0.0,0.0,0.0,0.0,0.0,0.0,0.0,0.0,0.0,0.0
625,117624248,21342485.340702068,2210.8342167644455,586734044.8775866,745770762.5701623,218.5386695205482,94.99413000000015,3.885908289811644,20.791836301107942,1559566.371318113,19.128712610958907,7742.269989863015,175624.184760815,2010435.297738416,5141179.163391668,47914146.34594425,154950722.3725663
626,117799907,0.0,0.0,0.0,0.0,0.0,0.0,0.0,0.0,0.0,0.0,0.0,0.0,0.0,0.0,0.0,0.0
627,117785239,0.0,0.0,0.0,0.0,0.0,0.0,0.0,0.0,0.0,0.0,0.0,0.0,0.0,0.0,0.0,0.0
628,117931634,0.0,0.0,0.0,0.0,0.0,0.0,0.0,0.0,0.0,0.0,0.0,0.0,0.0,0.0,0.0,0.0
629,117902339,6326410.375427465,813.8975780605468,173921716.424823,147375844.08118019,0.0,140.7924375000001,0.0,0.0,66449.41570970042,0.0,0.0,12574.613458333333,132281.07228700002,343643.7796988348,3154784.8724040315,12792404.5158
630,117873052,0.0,0.0,0.0,0.0,0.0,0.0,0.0,0.0,0.0,0.0,0.0,0.0,0.0,0.0,0.0,0.0
631,117609526,1354374.2315072017,526.6272526587544,37225699.44359744,47329345.45844337,0.0,6.026938500000011,755.843773092894,161.5137387128425,12780340.288276747,9860.263914452054,0.0,16360.994873629863,360624.0924590243,327536.6024014387,10305841.165382748,25540697.923492197
632,117463118,0.0,0.0,0.0,0.0,0.0,0.0,0.0,0.0,0.0,0.0,0.0,0.0,0.0,0.0,0.0,0.0
633,117433830,0.0,0.0,0.0,0.0,0.0,0.0,0.0,0.0,0.0,0.0,0.0,0.0,0.0,0.0,0.0,0.0
634,117345966,3.9027397260273973,0.0,209.75952739726029,59.181958904109585,0.0,0.0,0.22290068493150686,0.026821917808219176,67.30009421917808,0.0,0.0,0.4892163205479452,26.923798904109592,0.41438356164383566,383.83219178082186,2172.5071575342467
635,117580306,0.0,0.0,0.0,0.0,0.0,0.0,0.0,0.0,0.0,0.0,0.0,0.0,0.0,0.0,0.0,0.0
636,117682780,6199276.610969237,385.00715034871496,622880844.8413885,173259884.44816926,25.583022260273992,153.3968287500001,73.62340116190067,5.902503960231932,934046.3552264661,183918.93816379804,3079.208087671232,67735.0146031258,1673911.2060254123,3321836.6728134546,50333069.83712547,120786780.63125037
637,117653500,0.0,0.0,0.0,0.0,0.0,0.0,0.0,0.0,0.0,0.0,0.0,0.0,0.0,0.0,0.0,0.0
638,117580298,164.06186301369863,99.31413698630138,290.29943835616433,101.31497260273973,0.0,0.0,3.647465753424657,3.6904931506849317,1101.2742690410957,0.0,0.0,8.00535797260274,440.5712547945206,3.6986301369863024,6212.58904109589,35550.11712328767
639,117433887,0.0,0.0,0.0,0.0,0.0,0.0,0.0,0.0,0.0,0.0,0.0,0.0,242.21134904109587,0.0,1901.7534246575344,1880.5273337899544
640,117346044,275101.3180597844,15.393360473765858,25769101.289247707,5873255.23811606,0.0,6.807198750000004,6.101906249999999,0.5460055000000008,57341.39294688553,71.4077,0.0,3233.300595236807,82694.87480333332,147449.59171565162,2867332.819856431,6336835.620628974
641,117258207,1442019.8019914755,162.04610968081403,39642851.02434019,50388408.02515652,146.05345376712341,6.41828550000001,109.62655290539386,39.19900395590944,284425.00333984697,423.3838191780822,5004.110608767123,14651.525095182997,187166.56130973063,347619.8566298625,6694122.433497432,16924593.776026446
642,117170353,0.0,0.0,0.0,0.0,0.0,0.0,0.0,0.0,0.0,0.0,0.0,0.0,0.0,0.0,0.0,0.0
643,117126447,0.0,0.0,0.0,0.0,0.0,0.0,0.0,0.0,0.0,0.0,0.0,0.0,0.0,0.0,0.0,0.0
644,117053241,0.0,0.0,0.0,0.0,0.0,0.0,0.0,0.0,0.0,0.0,0.0,0.0,0.0,0.0,0.0,0.0
645,117009310,3247958.3085600007,302.2535986861478,83243251.35476999,57797570.658457644,0.0,72.28237500000006,0.0,0.0,34114.911781816816,0.0,0.0,6455.76525,67912.668054,156479.37740036802,1619656.192055311,4709645.08245
646,116950754,0.0,0.0,0.0,0.0,0.0,0.0,0.0,0.0,0.0,0.0,0.0,0.0,0.0,0.0,0.0,0.0
647,116789697,0.0,0.0,0.0,0.0,0.0,0.0,0.0,0.0,0.0,0.0,0.0,0.0,0.0,0.0,0.0,0.0
648,116599382,0.0,0.0,0.0,0.0,0.0,0.0,0.0,0.0,0.0,0.0,0.0,0.0,0.0,0.0,0.0,0.0
649,116306591,0.0,0.0,0.0,0.0,0.0,0.0,0.0,0.0,0.0,0.0,0.0,0.0,0.0,0.0,0.0,0.0
650,116467593,0.0,0.0,0.0,0.0,0.0,0.0,0.0,0.0,0.0,0.0,0.0,0.0,0.0,0.0,0.0,0.0
651,116277291,0.0,0.0,0.0,0.0,0.0,0.0,0.0,0.0,0.0,0.0,0.0,0.0,0.0,0.0,0.0,0.0
652,116116242,0.0,0.0,0.0,0.0,0.0,0.0,0.0,0.0,0.0,0.0,0.0,0.0,0.0,0.0,0.0,0.0
653,116057665,0.0,0.0,0.0,0.0,0.0,0.0,0.0,0.0,0.0,0.0,0.0,0.0,0.0,0.0,0.0,0.0
654,115633122,0.0,0.0,0.0,0.0,0.0,0.0,0.0,0.0,0.0,0.0,0.0,0.0,0.0,0.0,0.0,0.0
655,115984446,11592039.754456567,1197.9805047340749,318681105.2900818,270040440.3216092,0.0,257.9775000000002,0.0,0.0,120554.18870030397,0.0,0.0,23040.778333333332,242381.91291999994,558478.5860080475,5780591.123160369,16808834.301
656,115589179,0.0,0.0,0.0,0.0,0.0,0.0,0.0,0.0,0.0,0.0,0.0,0.0,0.0,0.0,0.0,0.0
657,115135358,0.0,0.0,0.0,0.0,0.0,0.0,0.0,0.0,0.0,0.0,0.0,0.0,0.0,0.0,0.0,0.0
658,116980051,2.601826484018265,0.0,139.83968493150687,39.45463926940639,0.0,0.0,0.14860045662100457,0.01788127853881279,44.866729479452054,0.0,0.0,0.32614421369863017,17.949199269406392,0.2762557077625571,255.8881278538813,1448.338105022831
659,116687245,0.0,0.0,0.0,0.0,0.0,0.0,0.0,0.0,0.0,0.0,0.0,0.0,0.0,0.0,0.0,0.0
660,116731177,0.0,0.0,0.0,0.0,0.0,0.0,0.0,0.0,0.0,0.0,0.0,0.0,0.0,0.0,0.0,0.0
661,116775104,0.0,0.0,0.0,0.0,0.0,0.0,0.0,0.0,0.0,0.0,0.0,0.0,0.0,0.0,0.0,0.0
662,116628745,5999427.367259316,620.0114197142581,164932504.11522534,139758665.62305173,0.0,133.5155250000001,0.0,0.0,62392.47917074224,0.0,0.0,11924.689616666668,125444.07304520001,289039.0115886932,2991728.575628093,8699364.62031
663,116584805,0.0,0.0,0.0,0.0,0.0,0.0,0.0,0.0,0.0,0.0,0.0,0.0,0.0,0.0,0.0,0.0
664,116496973,0.0,0.0,0.0,0.0,0.0,0.0,0.0,0.0,0.0,0.0,0.0,0.0,0.0,0.0,0.0,0.0
665,115926016,0.0,0.0,0.0,0.0,0.0,0.0,0.0,0.0,0.0,0.0,0.0,0.0,0.0,0.0,0.0,0.0
666,116072407,2962531.6693229103,306.16313087968007,81444067.38026714,69013165.3614377,0.0,65.93028750000005,0.0,0.0,30809.556338596554,0.0,0.0,5888.440425,61944.5851038,142728.15938639626,1477322.7691171167,4295767.181264999
667,115999223,0.0,0.0,0.0,0.0,0.0,0.0,0.0,0.0,0.0,0.0,0.0,0.0,0.0,0.0,0.0,0.0
668,115911373,0.0,0.0,0.0,0.0,0.0,0.0,0.0,0.0,0.0,0.0,0.0,0.0,0.0,0.0,0.0,0.0
669,115779620,0.0,0.0,0.0,0.0,0.0,0.0,0.0,0.0,0.0,0.0,0.0,0.0,0.0,0.0,0.0,0.0
670,116584776,0.0,0.0,0.0,0.0,0.0,0.0,0.0,0.0,0.0,0.0,0.0,0.0,0.0,0.0,0.0,0.0
671,116467651,3729137.3172355494,479.75639432782447,102519110.28671499,86871500.14119694,0.0,82.99087500000009,0.0,0.0,39168.97278653041,0.0,0.0,7412.174916666667,77973.804062,202562.71197459407,1859605.2575449867,7540553.0508
672,116116284,0.0,0.0,0.0,0.0,0.0,0.0,0.0,0.0,0.0,0.0,0.0,0.0,0.0,0.0,0.0,0.0
673,116189491,0.0,0.0,0.0,0.0,0.0,0.0,0.0,0.0,0.0,0.0,0.0,0.0,0.0,0.0,0.0,0.0
674,115472170,0.0,0.0,0.0,0.0,0.0,0.0,0.0,0.0,0.0,0.0,0.0,0.0,0.0,0.0,0.0,0.0
675,115852763,1388857.593222624,178.67760140655045,38181604.12437773,32353901.81211734,0.0,30.90862500000003,0.0,0.0,14587.857899968805,0.0,0.0,2760.5460833333327,29040.097114000004,75441.24463569926,692580.2572088366,2808358.4676000006
676,115838142,0.0,0.0,0.0,0.0,0.0,0.0,0.0,0.0,0.0,0.0,0.0,0.0,0.0,0.0,0.0,0.0
677,115720993,0.0,0.0,0.0,0.0,0.0,0.0,0.0,0.0,0.0,0.0,0.0,0.0,0.0,0.0,0.0,0.0
678,115735649,0.0,0.0,0.0,0.0,0.0,0.0,0.0,0.0,0.0,0.0,0.0,0.0,0.0,0.0,0.0,0.0
679,115603883,0.0,0.0,0.0,0.0,0.0,0.0,0.0,0.0,0.0,0.0,0.0,0.0,0.0,0.0,0.0,0.0
680,115413556,0.0,0.0,0.0,0.0,0.0,0.0,0.0,0.0,0.0,0.0,0.0,0.0,0.0,0.0,0.0,0.0
681,115120771,3495109.344834257,449.648515035697,96085359.67048128,81419740.30828898,0.0,77.78265000000007,0.0,0.0,36710.86129787425,0.0,0.0,6947.0120333333325,73080.4333672,189850.5652407046,1742902.7575113715,7067333.59248
682,115091501,0.0,0.0,0.0,0.0,0.0,0.0,0.0,0.0,0.0,0.0,0.0,0.0,0.0,0.0,0.0,0.0
683,114959760,0.0,0.0,0.0,0.0,0.0,0.0,0.0,0.0,0.0,0.0,0.0,0.0,0.0,0.0,0.0,0.0
684,117785270,0.0,0.0,0.0,0.0,0.0,0.0,0.0,0.0,0.0,1433.2191780821915,0.0,0.0,16536.848219178082,87.32876712328768,168595.8904109589,54553.53339041095
685,117887724,672666.3945717436,56.3382389551059,56892137.74947197,13167142.882107938,0.0,14.969996250000008,0.025076327054794515,0.0004312217465753431,53126.73234174453,0.045759287671232864,0.0,6302.120863627049,140727.11388449286,324075.871846158,3354598.8436487745,9762922.691623354
686,117917000,22.43835616438356,0.0,10.259075342465753,10.131421232876713,0.0,0.0,42.55376712328766,1.030222602739726,12848.199805479451,26.46575342465753,0.0,93.39584301369864,5139.99797260274,30.56506849315069,16447.60273972603,414751.36643835617
687,118224317,0.0,0.0,0.0,0.0,0.0,0.0,0.0,0.0,0.0,0.0,0.0,0.0,0.0,0.0,0.0,0.0
688,116658167,0.0,0.0,0.0,0.0,0.0,0.0,0.0,0.0,0.0,0.0,0.0,0.0,0.0,0.0,0.0,0.0
