like1,parES9080010001010E,parES9080910001010E,parES9083020001010E,parES9081130006010E,parES9081140002010E,parES9081270001010E,parES9081840001010E,parES9082110001010E,parES9082790004050E,parES9080440001010E,parES9080530002010E,simulation_0,chain
32.0,4.128512,0.0,6.678821,3.5138988,2.162845,4.0526524,0.7689675,4.2486887,5.477672,7.747816,4.9947844,32.0,0.0
33.0,7.0505333,0.0,2.6350868,7.7151394,2.164727,5.095954,3.3289993,4.651526,5.080898,4.087619,6.182659,33.0,0.0
38.0,3.8223906,0.0,4.4149637,7.7614703,6.8323736,6.106285,1.2566755,3.2860956,0.8211037,2.9778602,3.0085154,38.0,0.0
34.0,7.1756964,0.0,6.9708824,1.6502364,4.0963025,6.98371,0.20847876,3.8985698,0.24134706,6.029556,6.906623,34.0,0.0
37.0,7.2420483,0.0,3.01853,1.6954143,2.163184,0.14403024,4.8862243,7.326812,3.2029595,1.8569292,5.3829203,37.0,0.0
32.0,4.3626456,0.0,5.897192,4.1756506,5.0287924,0.8656757,1.7581912,0.442189,4.4576254,4.304573,3.6870043,32.0,0.0
39.0,2.597119,0.0,3.7943244,2.9279969,6.8729978,4.30427,6.3623967,1.5004852,2.3799248,0.9084206,1.4747201,39.0,0.0
34.0,5.5851717,0.0,1.6096842,5.5207386,7.282417,6.7761593,3.248113,2.9576976,4.986885,5.15225,2.9549105,34.0,0.0
40.0,2.911181,0.0,0.26452556,3.7991965,7.880343,3.3748047,6.798371,4.285005,5.969932,0.4929349,1.1122731,40.0,0.0
35.0,5.312328,0.0,5.7390256,1.3661456,1.2782627,7.304872,5.064619,6.0834165,6.7250943,0.8636092,2.032632,35.0,0.0
41.0,2.8122559,0.0,1.4555268,4.063391,2.641663,0.9455415,4.74878,4.221417,1.4513557,1.7246634,3.5539308,41.0,0.0
41.0,0.34650826,0.0,2.674895,5.23645,6.2266107,4.3730283,1.1829358,1.9525588,0.43134356,1.5654429,1.0004052,41.0,0.0
39.0,0.1734581,0.0,2.6781943,0.56811804,4.964652,1.898945,3.9078934,6.2261753,0.64833444,6.571954,3.4720373,39.0,0.0
37.0,7.1532044,0.0,1.6829168,3.3076644,1.8134531,0.17629853,2.1146657,7.8556223,0.51096296,3.92771,0.38213772,37.0,0.0
38.0,3.929968,0.0,4.1130996,6.4514465,5.9454994,2.5231872,4.3452415,3.894695,0.4053686,2.2755415,4.8977838,38.0,0.0
40.0,0.38812777,0.0,0.4422187,5.9111056,0.64011776,0.8988684,5.7092338,0.74452776,4.379295,2.152058,5.584836,40.0,0.0
34.0,7.61916,0.0,6.8439417,3.3585615,3.2445445,2.4177547,3.4153085,5.189356,5.9063973,2.5579855,2.3390384,34.0,0.0
31.0,7.833119,0.0,4.766919,2.951087,1.0228243,4.886583,2.058499,7.30144,4.805794,5.243166,3.231034,31.0,0.0
42.0,1.3519692,0.0,3.2293742,0.24120916,6.1374645,7.4126453,0.9367379,6.088436,3.8511899,2.8338995,6.9777923,42.0,0.0
37.0,6.6283517,0.0,3.3672578,0.4942192,4.74914,0.8077563,2.207486,0.99957186,5.2341223,0.36224714,0.09271782,37.0,0.0
38.0,7.5228243,0.0,0.012271449,1.755527,2.722881,6.152111,3.5011303,6.301698,5.559281,3.89121,3.8238072,38.0,0.0
38.0,3.3413625,0.0,4.20011,7.1549745,7.2835274,0.5820309,1.8847468,4.8473787,0.7117,7.7350936,2.8598697,38.0,0.0
36.0,6.0592,0.0,2.6063602,1.1310617,4.163425,5.1340594,1.0161853,4.4840775,3.4347134,0.22141281,4.5554094,36.0,0.0
36.0,4.9605794,0.0,1.0531985,4.3908086,3.688294,2.735012,3.5998228,2.5218244,3.6305017,7.343758,5.3068767,36.0,0.0
32.0,5.258452,0.0,5.268313,3.7279396,7.519119,7.0550714,3.1482148,2.489968,2.9693928,4.8893585,6.687896,32.0,0.0
33.0,6.134825,0.0,4.2243037,1.5607928,6.9313707,1.1134793,6.02851,2.6692321,6.8024273,3.162262,6.5487146,33.0,0.0
36.0,7.1097865,0.0,5.7047186,5.4991837,7.884559,4.7449613,5.200533,3.091062,3.5163186,1.088243,1.4043617,36.0,0.0
37.0,1.1296074,0.0,4.560411,7.954164,4.061113,5.576001,1.5938551,2.0726042,1.1815114,6.2163396,4.5679107,37.0,0.0
37.0,3.123224,0.0,5.3523417,4.4930897,2.0612466,6.976347,5.843731,7.574756,4.9710517,1.278991,3.748393,37.0,0.0
33.0,6.937469,0.0,2.364469,1.6156545,0.080288894,0.12303737,1.6476939,5.043538,2.5049303,7.697544,2.6833055,33.0,0.0
35.0,7.0697093,0.0,3.3666112,3.5645626,5.8702607,4.7918935,2.8438075,4.5032783,4.984372,3.2188077,2.3119097,35.0,0.0
34.0,7.791296,0.0,6.242474,5.400502,6.929275,1.9977316,3.456044,7.6465397,1.2450043,5.917898,4.373432,34.0,0.0
33.0,5.50545,0.0,4.2426147,6.1831546,7.0132203,1.1014119,4.0929313,2.7142968,5.700541,1.579837,0.60616493,33.0,0.0
36.0,5.8936443,0.0,1.6137044,3.9761293,1.7354903,4.218615,2.3547153,2.9961667,3.8920574,2.8479578,0.47114292,36.0,0.0
37.0,0.48555276,0.0,2.340997,0.8518319,4.9714527,2.5379207,0.9643157,6.899575,4.056942,6.41777,1.682149,37.0,0.0
43.0,0.04962324,0.0,0.92974055,4.526271,6.476176,7.6451263,5.621327,0.81668574,1.2871916,1.9391247,3.9027126,43.0,0.0
38.0,5.505492,0.0,0.7445675,2.676784,5.1556664,5.147823,5.601853,1.6899482,3.6119485,4.4278464,3.6618721,38.0,0.0
42.0,1.3802451,0.0,1.1021998,4.728242,0.5877558,3.1294577,0.60423374,1.0289754,3.2158144,1.6084226,6.0751195,42.0,0.0
40.0,1.4335698,0.0,3.5894048,7.7123494,4.0966926,1.8723779,1.4300387,3.509404,3.256386,6.721948,0.057828892,40.0,0.0
34.0,7.4807105,0.0,5.097851,3.8520048,3.6110234,0.85745466,5.662572,2.9384665,2.0062299,0.6857951,2.8633692,34.0,0.0
31.0,4.223033,0.0,5.2114015,2.2029545,7.324323,6.4125614,4.846992,5.8907347,6.9678082,6.8964515,5.3692923,31.0,0.0
40.0,0.2949197,0.0,0.45566744,2.9643826,1.3785075,5.8836884,0.36636066,7.2294316,2.1716747,4.51301,4.9059377,40.0,0.0
36.0,5.1752257,0.0,4.212688,4.6009464,5.745783,3.5614703,5.5207133,1.0056399,3.1223238,1.4414531,1.4283037,36.0,0.0
37.0,6.4025674,0.0,1.9668131,5.926058,7.766943,6.465679,3.0017319,7.2154474,1.8360023,0.08580003,5.170425,37.0,0.0
41.0,3.079063,0.0,3.243507,3.756371,6.6654005,2.1698945,0.13801439,0.35512143,5.3816905,2.33684,5.6963634,41.0,0.0
40.0,1.2272733,0.0,0.36962646,2.04418,5.2222047,2.2395084,1.5578989,4.1046247,5.801821,3.0289376,5.4499006,40.0,0.0
34.0,6.2281857,0.0,6.8715215,6.4805107,2.0368383,7.6985464,2.7740393,4.376356,2.922907,0.9966997,3.249984,34.0,0.0
32.0,7.0389266,0.0,2.7858882,5.483545,4.2107887,6.9144683,1.8885134,2.18887,4.9548435,6.728167,6.811195,32.0,0.0
39.0,1.0489062,0.0,1.914448,4.1503005,0.5624884,2.4287925,6.594384,1.6659163,5.15368,7.6750727,4.2794576,39.0,0.0
37.0,7.18774,0.0,0.7170707,4.986464,4.6423016,2.7533484,4.7542963,0.39636415,1.7903804,4.1335735,5.4760256,37.0,0.0
32.0,7.6978965,0.0,4.7261763,4.880351,2.4906638,0.8289122,5.3061337,1.9657192,6.4360685,2.2895029,0.36512235,32.0,0.0
42.0,0.1714458,0.0,0.49827108,3.967635,6.0300136,3.071809,3.7140691,3.193374,0.791179,6.615303,0.34667245,42.0,0.0
36.0,6.155201,0.0,3.9003005,7.5992246,5.2207384,3.7794883,1.8196111,0.930754,1.9156874,7.0715556,3.8815353,36.0,0.0
35.0,7.352155,0.0,4.9502897,5.780868,2.5172408,3.7081022,4.3867083,1.3571292,1.7847188,3.4548266,2.1160743,35.0,0.0
38.0,0.28333038,0.0,5.61747,6.893472,2.966295,4.6133585,1.0954702,2.8269036,3.8443098,2.883346,0.66544706,38.0,0.0
40.0,2.981136,0.0,3.8934786,3.0849094,7.2733436,5.61176,2.898919,2.5266786,0.96756464,2.1139739,1.9663811,40.0,0.0
41.0,3.4271922,0.0,4.0304704,0.93407685,4.7797837,4.2344747,0.16055256,2.2483768,3.18497,0.7264838,0.43268108,41.0,0.0
33.0,7.273867,0.0,1.130584,7.7144194,1.6084381,6.337728,0.27012205,7.6537323,4.134747,5.1056547,4.273937,33.0,0.0
39.0,2.8958316,0.0,5.42778,0.7016758,0.8404703,3.742239,0.4713413,1.4509635,4.7952943,1.6619443,0.2098535,39.0,0.0
43.0,3.7298596,0.0,1.2532117,0.14116551,5.1324854,3.7255433,2.669228,1.0284007,0.18325353,3.2223315,6.7132545,43.0,0.0
31.0,4.816152,0.0,2.5261137,6.9904194,3.8964212,4.9871397,5.77713,7.665872,6.5902615,5.195734,5.3167024,31.0,0.0
38.0,0.26847544,0.0,5.7357297,1.2035939,1.5525677,5.829761,0.23073728,4.6614666,3.7678506,4.9451747,3.2006485,38.0,0.0
39.0,1.1726328,0.0,1.3111625,7.1557045,3.2446225,3.6558814,4.307707,0.96586293,4.6002035,4.732606,2.3923461,39.0,0.0
35.0,4.2160954,0.0,3.3642366,6.058822,2.7853787,1.3118936,5.1991544,0.6742387,5.675669,6.4827304,0.7332223,35.0,0.0
34.0,7.8316927,0.0,5.677404,3.9528208,0.95463175,1.2337209,6.748278,3.5895417,2.8286293,1.9527316,3.7586873,34.0,0.0
36.0,4.665429,0.0,0.19413358,6.772389,1.8061951,2.36514,0.8556655,2.4547138,2.4357073,2.7785192,0.086564116,36.0,0.0
36.0,7.1448426,0.0,5.716531,0.43993413,0.59530026,2.505494,3.4310977,3.8529758,0.8127618,4.8028016,1.3181388,36.0,0.0
41.0,0.18221247,0.0,3.2256649,2.7836058,6.7095785,7.3377137,5.9337106,5.00325,0.85253584,2.7754164,4.232256,41.0,0.0
36.0,5.6027384,0.0,6.500076,4.351342,3.2897415,5.29777,1.2703664,7.347417,3.86201,3.6637692,3.3898985,36.0,0.0
40.0,2.823425,0.0,3.0978882,0.62192214,7.5184765,5.444154,1.9416096,4.6654596,5.1539984,7.476145,4.9316363,40.0,0.0
38.0,2.2804413,0.0,5.922573,3.740972,5.248351,3.5739462,2.984815,7.181624,3.0568702,4.3748093,2.920591,38.0,0.0
36.0,4.1787825,0.0,5.58278,6.459632,4.754526,0.8805083,1.929585,2.0422688,3.8866577,0.499702,2.1529493,36.0,0.0
37.0,5.767295,0.0,3.7508543,0.42885566,0.41212574,1.7889975,2.500033,1.0366855,5.745737,4.6029944,5.226117,37.0,0.0
39.0,0.087601155,0.0,5.6929526,3.1816595,6.15052,1.1438642,3.0093946,1.8252999,5.7832108,7.6825037,6.8837414,39.0,0.0
42.0,1.7059119,0.0,3.9180315,5.643796,4.3975806,3.9722185,1.0985805,1.2744936,1.5145652,0.53008646,0.09854967,42.0,0.0
36.0,1.6152569,0.0,4.6345177,6.223223,2.1172335,2.4575324,2.4216268,0.9442065,5.469823,5.1402144,0.50348467,36.0,0.0
41.0,0.8747901,0.0,3.0523229,4.765653,2.980653,6.0460052,1.7166934,0.015303319,3.0425284,7.0236382,6.0605884,41.0,0.0
38.0,2.8014598,0.0,4.6314754,7.426833,2.6998231,2.2364292,3.9402087,0.57593805,0.15293455,2.5756578,4.6645217,38.0,0.0
35.0,4.795374,0.0,1.0622051,3.6240253,0.43895647,5.9362884,3.6538668,6.3631706,2.3734992,0.14739078,1.0594705,35.0,0.0
39.0,3.070998,0.0,0.7704561,5.369916,0.22435254,4.6323376,1.1342775,6.087054,4.6898994,1.4162447,6.426339,39.0,0.0
34.0,4.063358,0.0,3.2317219,3.0501752,0.50503564,5.6741533,4.335556,2.5847657,2.6441503,1.4425014,2.593675,34.0,0.0
40.0,3.3089788,0.0,1.1932,6.1643662,7.602781,7.1824055,4.5614047,3.0326893,4.6553087,1.4393929,2.2303538,40.0,0.0
37.0,3.855764,0.0,6.262182,3.361032,0.44034603,5.328766,0.5896024,4.535742,2.094229,5.8300376,2.8342674,37.0,0.0
35.0,5.1432853,0.0,4.951271,0.7477241,7.445853,5.863568,5.2903337,6.665027,0.814881,6.9844313,4.617129,35.0,0.0
40.0,3.6757667,0.0,6.193916,6.137819,7.9498553,6.604549,2.1896844,7.330952,0.43130687,3.1042938,0.15869571,40.0,0.0
36.0,1.583117,0.0,2.3692846,4.689557,6.130176,3.6123078,0.57340944,5.4533076,4.36033,4.3886986,6.058542,36.0,0.0
35.0,1.7982744,0.0,6.6707125,1.5845531,1.0499194,2.4419286,4.31599,2.439047,2.0002534,7.1721487,6.0259748,35.0,0.0
41.0,3.2078192,0.0,0.80546165,7.8822265,6.5422063,5.692735,1.5825106,5.324918,1.5284125,5.6216598,6.0557275,41.0,0.0
32.0,7.094086,0.0,2.1505685,5.845621,7.582679,0.14524244,5.4184403,3.73718,5.745584,5.9592996,0.5904408,32.0,0.0
37.0,6.4279118,0.0,0.6704194,5.43769,7.27146,0.09549739,6.086078,7.1653495,0.4270983,7.2650347,1.5900913,37.0,0.0
33.0,6.5471663,0.0,6.095063,4.051637,2.032674,5.019154,0.056495458,4.348623,4.236749,1.5013193,2.272999,33.0,0.0
34.0,5.9575624,0.0,3.120966,7.166418,1.4819866,4.1628847,0.020418324,5.12486,4.127818,0.49429625,3.9993057,34.0,0.0
40.0,1.9143195,0.0,2.0877953,2.8668554,7.273633,6.505504,5.267216,5.2556033,0.883159,0.93100697,0.6327502,40.0,0.0
36.0,4.9109287,0.0,2.3455374,1.3408952,0.35641584,1.6147579,4.1527767,4.3099422,0.21468037,1.7324815,3.3138702,36.0,0.0
42.0,2.0927212,0.0,1.2593663,1.7236203,4.618829,6.6880746,3.9270027,3.8364568,5.960718,1.6142094,4.079326,42.0,0.0
36.0,7.756229,0.0,4.2294135,5.5215483,3.0921767,6.5749083,2.7163095,0.5239773,1.3326154,3.5128884,0.3251049,36.0,0.0
34.0,6.233737,0.0,2.6925159,6.9210687,1.5877403,2.7204287,5.739828,3.295128,3.40891,5.8566194,0.7430478,34.0,0.0
32.0,5.539139,0.0,6.3145633,0.17257662,2.7274582,0.739504,2.4545572,7.565016,4.4815974,7.8041,5.122934,32.0,0.0
37.0,3.9609227,0.0,4.0636635,4.37413,5.7146544,0.66796327,5.8412848,5.842147,4.608,3.804336,6.063066,37.0,0.0
38.0,0.7129538,0.0,5.180041,1.2659851,5.343615,6.393813,5.630261,1.2198054,4.028417,1.4077927,4.053674,38.0,0.0
41.0,3.6175625,0.0,0.81130767,7.358282,1.0285865,1.866426,6.7791724,5.713355,0.34129715,5.740359,5.127813,41.0,0.0
37.0,6.917115,0.0,3.7908468,2.5229306,5.868936,0.1981797,3.347385,3.1494355,0.64726126,4.0482817,4.891486,37.0,0.0
39.0,2.252942,0.0,5.937092,4.97182,6.5162373,5.0278897,1.1719043,1.2541292,2.0492814,0.1284546,0.9858011,39.0,0.0
36.0,2.6207464,0.0,5.1531262,7.108321,2.2598794,0.34023595,3.7409532,7.0773497,6.958719,6.561875,6.6201825,36.0,0.0
41.0,3.6170554,0.0,0.19119254,7.171904,3.7903829,1.8467151,1.5126103,5.806883,1.400751,5.1364107,4.245963,41.0,0.0
40.0,3.370642,0.0,3.5738518,4.0062466,0.4954117,5.324701,3.8256257,2.3663237,6.904292,1.9553192,0.21863268,40.0,0.0
32.0,6.492741,0.0,4.085807,4.13519,0.26186088,6.5804977,5.729947,3.5755358,4.4058957,2.9780538,2.4042172,32.0,0.0
42.0,3.594144,0.0,3.3059673,0.6802964,0.20126411,6.846314,3.0929687,4.2780848,6.7491655,6.453722,1.4344268,42.0,0.0
43.0,3.2637727,0.0,0.7166471,5.962068,5.276755,4.53461,6.677082,3.8081317,1.4919096,0.7219952,0.3090104,43.0,0.0
37.0,6.023964,0.0,3.3845613,1.2173878,7.0522237,7.967634,5.8314657,4.965597,3.2220855,1.1407369,5.917656,37.0,0.0
42.0,0.006427647,0.0,1.8159302,4.91315,4.9719467,4.545725,0.9544611,0.76637423,5.2690687,1.2350167,0.65582776,42.0,0.0
31.0,5.2458544,0.0,4.92275,7.2949758,4.860798,4.513489,1.897684,7.339773,4.340693,7.5355434,2.5063226,31.0,0.0
33.0,5.5886,0.0,3.383349,5.96001,2.0133274,6.2305145,4.8856087,5.6199136,4.842496,7.0182405,1.7237425,33.0,0.0
38.0,1.6224989,0.0,1.1416545,7.5522637,4.354277,4.89216,4.9133034,0.5119198,4.3179975,4.674863,5.049435,38.0,0.0
38.0,1.5678935,0.0,5.5498195,3.1522603,6.565444,7.8303475,6.531118,3.613689,6.8977594,5.70496,6.8807154,38.0,0.0
38.0,0.22391677,0.0,6.102552,5.6792045,2.0455947,1.129106,1.0909517,7.629212,3.141157,6.5995326,6.8400407,38.0,0.0
38.0,3.7624764,0.0,4.6334696,2.543553,2.3257077,1.775268,0.042254176,1.7168354,3.892695,2.7013853,1.2155418,38.0,0.0
36.0,1.5110799,0.0,2.4525504,7.365355,4.8502975,5.4155025,2.3746505,4.0557485,4.074862,4.3097706,3.6872804,36.0,0.0
38.0,5.128823,0.0,3.4226623,1.9231312,4.016066,6.9816055,0.45341223,6.0807505,0.113237634,1.7546542,4.470281,38.0,0.0
36.0,4.158936,0.0,1.2686968,4.859015,4.3990326,4.7250314,4.926298,1.004045,1.3768154,5.378272,5.7401147,36.0,0.0
39.0,3.1625915,0.0,0.88863945,4.4901834,7.00034,2.041476,5.441131,5.09547,5.3807063,6.642341,2.8263628,39.0,0.0
33.0,7.596326,0.0,3.9855947,6.639379,3.5474732,0.8794079,4.0426545,5.377174,5.1452594,2.767351,4.377343,33.0,0.0
36.0,4.897497,0.0,3.290154,2.944499,2.828901,4.67062,0.17447554,0.5069511,6.032725,7.921994,5.423231,36.0,0.0
40.0,2.403262,0.0,1.261755,7.562043,0.30853906,2.81411,5.4948144,2.4050624,0.8024018,0.897182,6.3425865,40.0,0.0
39.0,3.6242478,0.0,2.6163626,2.536463,1.8608707,0.9304845,6.839649,0.5486737,5.4841576,0.9250875,4.9168487,39.0,0.0
32.0,7.8604064,0.0,6.653272,6.4562335,7.2154145,0.34850827,1.4723306,1.3295555,4.1599746,7.784179,5.9163833,32.0,0.0
41.0,1.3154492,0.0,3.55031,7.389608,6.494433,1.1870621,5.908559,1.7835447,3.974249,3.2168906,3.2466788,41.0,0.0
36.0,5.895031,0.0,2.4233952,2.0237606,4.912826,2.3550735,1.5217451,4.1243973,0.49386376,0.7875264,2.2007222,36.0,0.0
35.0,5.147186,0.0,4.6081896,6.602523,4.9593906,1.1216938,2.6240659,7.6910996,3.59647,0.5208082,3.4129958,35.0,0.0
31.0,6.70928,0.0,4.851396,7.3597584,6.0505548,7.049171,5.621354,7.8214183,6.722133,2.6011655,2.6678903,31.0,0.0
37.0,4.2802024,0.0,3.6977274,6.017332,7.784677,1.4519784,3.8563838,0.14102459,1.4678813,4.7970777,1.7948933,37.0,0.0
43.0,1.969425,0.0,0.38644516,5.5042825,5.023925,1.1725827,3.7188025,6.887509,1.5452845,3.4375105,3.5094059,43.0,0.0
33.0,6.108417,0.0,6.5526266,3.734158,4.719708,6.5195074,3.3171287,6.9770017,4.350506,1.5736014,2.0236619,33.0,0.0
38.0,2.1699057,0.0,6.2152863,7.677511,6.4096365,2.263949,3.6814716,3.8522296,4.8333073,1.2952539,6.6137733,38.0,0.0
34.0,7.292177,0.0,0.49008438,3.455853,2.92093,5.3189464,5.0547447,2.5455706,6.8915057,4.307589,3.50698,34.0,0.0
33.0,7.790389,0.0,6.047462,2.6662152,7.50202,6.3613086,4.4947047,1.9757717,1.3090037,2.5876155,5.1360855,33.0,0.0
36.0,2.1178465,0.0,5.4058175,1.694675,7.5641975,5.430201,4.6217747,0.8911592,4.543819,4.7926903,5.700045,36.0,0.0
34.0,4.3396425,0.0,1.1165546,1.6866337,4.9483724,5.466906,5.1992354,5.604082,5.4620833,6.622132,1.0007414,34.0,0.0
35.0,5.3110776,0.0,5.2839136,7.2497725,1.3325304,4.3973007,0.93706816,5.841978,1.1772571,2.9166443,1.7020158,35.0,0.0
35.0,4.6483946,0.0,6.958025,0.9547134,2.0238683,4.235698,0.45092276,3.9014797,2.513044,6.1730747,4.2608123,35.0,0.0
35.0,6.7246876,0.0,3.3092918,3.23231,7.097771,1.8258281,5.6037245,6.946649,6.246383,1.7789034,5.4204855,35.0,0.0
37.0,0.023557805,0.0,5.519793,4.3777003,5.900729,2.7081847,0.6772834,7.4016156,4.8182507,3.0634687,0.46992964,37.0,0.0
33.0,7.312672,0.0,2.9272964,6.7671275,1.508628,2.2120678,5.520657,2.1723156,4.9774165,0.011846218,1.3220394,33.0,0.0
32.0,4.307849,0.0,2.346356,1.6137437,6.4698834,2.3756342,1.8377744,4.208165,4.392431,2.005521,1.0405402,32.0,0.0
39.0,3.31623,0.0,3.5455072,7.428987,0.7982441,4.4568844,6.9043174,6.3799844,5.612423,1.2253722,0.076606005,39.0,0.0
38.0,7.1420426,0.0,0.32631302,2.396123,7.9347334,0.1214588,2.9833815,7.1406455,1.9259926,0.3184854,3.7530558,38.0,0.0
36.0,0.26427713,0.0,4.6427917,0.2752401,4.0486574,1.6387436,5.127371,4.378332,2.3038712,4.90254,0.63281775,36.0,0.0
35.0,5.067851,0.0,0.81428266,4.996617,1.4479114,2.0849166,2.8641322,0.2626725,2.7203498,2.2517524,0.7438556,35.0,0.0
40.0,3.2141683,0.0,2.9576735,2.6297145,6.084508,6.7657146,6.865571,5.168033,3.5602312,0.8625894,0.41210917,40.0,0.0
38.0,2.125706,0.0,5.404083,1.7309482,5.7905626,5.8421373,0.5139566,7.348857,1.7843041,6.060206,5.137219,38.0,0.0
36.0,3.0857716,0.0,2.4678602,6.1980042,0.13720314,4.853784,4.795302,0.9288961,2.0761418,4.0177794,6.7575164,36.0,0.0
38.0,3.9881516,0.0,4.4444366,7.961231,6.968747,1.2395009,1.0086311,4.0339317,0.37673393,2.7260163,0.8716321,38.0,0.0
33.0,6.6342297,0.0,4.194564,3.0403671,1.9078908,3.2193596,5.882202,3.2542071,2.7844326,2.6966672,3.5621583,33.0,0.0
41.0,2.6915693,0.0,1.6607645,1.4739895,1.4949937,3.260775,0.24422257,1.1741179,5.0666494,6.2676525,1.1107808,41.0,0.0
37.0,3.3184004,0.0,2.3356645,3.3978803,3.7736595,1.6694127,6.596187,5.5309353,2.8070524,7.346072,0.035746966,37.0,0.0
37.0,3.874276,0.0,5.6179996,3.6378183,6.0328336,5.4362626,2.275313,7.206714,4.9225235,0.53790456,4.707419,37.0,0.0
34.0,7.868391,0.0,6.347071,5.948928,4.3124456,4.301794,5.5409164,4.096972,1.2282023,7.0724273,5.946352,34.0,0.0
41.0,1.8169007,0.0,0.76234275,5.9189467,0.031538785,7.8731065,1.4783994,4.648614,5.748112,4.873337,0.60502774,41.0,0.0
33.0,7.883603,0.0,4.3859897,1.9094809,3.7332883,2.331426,4.708838,2.5903242,0.15821172,7.0338287,2.6869216,33.0,0.0
35.0,5.0460243,0.0,3.3111722,7.366403,2.950652,2.2380393,6.654436,0.7884607,6.869867,7.241574,5.926614,35.0,0.0
36.0,5.6358347,0.0,2.0239,7.418667,2.0704384,7.920909,2.432249,0.0052783615,0.8205085,0.69409627,1.7274508,36.0,0.0
32.0,4.5096397,0.0,2.8124099,2.201513,1.2814499,4.90285,6.887571,0.04576184,2.550198,4.4574165,1.4280893,32.0,0.0
38.0,1.716638,0.0,6.7820477,5.8042336,4.2732954,6.3476334,1.6572441,5.2484055,2.213594,3.4272482,4.286177,38.0,0.0
36.0,4.475166,0.0,6.316979,2.6147518,1.0002052,3.2068985,4.03411,5.0841274,3.3712037,3.6972072,3.440904,36.0,0.0
34.0,4.781706,0.0,3.1719513,0.45672742,1.4635675,4.794175,5.154683,7.340937,6.549485,5.7023044,5.637667,34.0,0.0
37.0,6.000103,0.0,3.7666502,5.4081388,4.368629,3.9417493,3.9818943,0.20504394,1.6969929,4.852938,2.217338,37.0,0.0
40.0,1.9855866,0.0,6.3474526,3.8548627,2.9240944,7.377506,5.652493,2.1087096,0.4381107,1.0820836,3.068597,40.0,0.0
43.0,0.44777384,0.0,0.8437071,3.0910323,1.0191629,2.1901698,1.0427154,6.470487,0.35721225,4.6241965,3.2167578,43.0,0.0
35.0,5.7858143,0.0,2.5944273,2.6264675,1.5682316,6.034656,1.327642,1.173603,3.5204086,7.617372,3.6338181,35.0,0.0
38.0,3.6078913,0.0,3.2887397,6.3282337,3.3882327,3.8884983,5.644089,2.163707,6.691212,6.227259,0.12157358,38.0,0.0
41.0,1.0980989,0.0,1.7096057,1.2263646,3.1942046,0.8483795,1.7968885,7.3709335,3.504159,6.673129,4.496178,41.0,0.0
38.0,3.1408343,0.0,5.1098537,2.1675282,7.877895,1.3063921,4.383369,5.3804717,2.8217676,0.5435422,0.2783606,38.0,0.0
42.0,1.1603973,0.0,1.7273452,0.2809088,6.4305296,6.2937937,1.9487443,0.48519364,6.935764,6.0928993,4.0527177,42.0,0.0
42.0,3.405003,0.0,0.015860405,0.34595013,6.321597,4.3075995,1.5312502,1.710726,4.9611926,3.93214,0.07318786,42.0,0.0
37.0,5.682545,0.0,0.28585002,6.0020328,0.9923824,1.4525905,0.48058322,2.7065115,0.4887597,7.8725734,1.5572087,37.0,0.0
32.0,6.705627,0.0,4.8160925,2.0772974,0.79885757,4.018529,2.0416322,3.6820984,5.162411,6.168822,3.7333121,32.0,0.0
40.0,1.574408,0.0,5.7853355,3.873023,0.40175056,5.7273602,4.0166817,7.563848,3.7593136,0.3307773,6.478992,40.0,0.0
33.0,4.8332443,0.0,4.44564,7.506868,0.57581383,4.389424,2.3507066,0.11452778,5.576274,7.652883,1.049396,33.0,0.0
36.0,7.6942906,0.0,3.932037,4.094887,3.70663,5.5180397,0.73858833,3.1243775,1.2682066,7.1895604,2.395657,36.0,0.0
34.0,7.449846,0.0,4.2013855,5.122201,2.2022831,1.4542156,5.1926517,4.0104384,0.42891705,7.6718616,5.959051,34.0,0.0
37.0,0.20102347,0.0,5.9055834,7.214681,6.172156,6.4370403,5.690675,1.3805835,6.767696,5.855679,4.1570983,37.0,0.0
38.0,0.5295053,0.0,4.5390444,2.2553177,4.7119417,7.023279,6.709834,1.8398255,0.86442864,5.981822,4.565373,38.0,0.0
39.0,2.8343062,0.0,2.1647658,6.5478287,2.0911481,3.8203447,4.3768682,2.9640963,1.2514218,1.3479782,0.20619938,39.0,0.0
33.0,6.0169287,0.0,1.683691,7.290868,2.4937878,1.0165972,2.653769,6.3675513,2.260031,0.41300645,4.9667444,33.0,0.0
36.0,2.667485,0.0,5.7711067,4.240249,1.469126,5.3311415,5.1549416,0.34932867,4.973733,7.765116,2.404376,36.0,0.0
36.0,5.0046053,0.0,3.142936,7.828483,0.8458489,0.3144475,6.378988,7.5384903,3.9669442,6.7257943,1.177424,36.0,0.0
38.0,5.82936,0.0,1.8271861,0.8872226,2.8057706,7.4991736,1.737927,6.4993453,1.1481371,6.8986917,4.6425505,38.0,0.0
35.0,4.6613417,0.0,5.181953,0.40517965,4.379506,0.6654064,2.5864189,2.8256512,0.36388075,2.0271642,5.1849008,35.0,0.0
34.0,7.5294714,0.0,5.5015664,0.77361894,1.2993671,4.8624673,5.1407547,5.00358,5.5636206,1.2499613,4.511523,34.0,0.0
36.0,6.621736,0.0,3.877434,2.6978488,6.3049803,7.1270223,4.9010825,7.2955003,1.7357012,7.1180234,0.049289618,36.0,0.0
34.0,4.143039,0.0,3.1251547,6.7544165,6.6822886,1.1133202,5.2901225,6.834099,2.2259564,7.3950434,6.7347383,34.0,0.0
40.0,0.5841778,0.0,3.1416261,7.9792004,1.5651191,1.6471738,6.2008286,4.9949183,1.6354308,5.7565355,1.1990942,40.0,0.0
41.0,2.6210155,0.0,3.1217837,7.2802544,5.7255282,2.8399503,2.745638,5.177733,1.7409744,1.1591232,6.204517,41.0,0.0
35.0,2.0351841,0.0,2.600345,1.954188,7.814793,2.4864557,2.5101962,2.473431,6.825911,5.879747,0.2288393,35.0,0.0
42.0,3.2615197,0.0,3.1492686,1.2986038,4.149383,4.0358434,1.7417477,1.7670428,5.8813853,4.5332913,0.80815923,42.0,0.0
40.0,1.0908573,0.0,3.1517568,1.7158618,0.60782427,1.0472304,1.8252033,7.0202403,1.4658287,7.3034964,2.1020873,40.0,0.0
37.0,6.0883327,0.0,3.7461026,5.0550065,4.284262,4.0578923,4.9205914,3.2832518,3.456763,5.3468804,3.093986,37.0,0.0
35.0,2.6459887,0.0,6.5204954,6.0020337,2.3367972,5.6210704,4.4013767,2.2092464,2.1148584,5.0359893,3.243636,35.0,0.0
38.0,1.1847832,0.0,4.4702787,4.9030476,3.1646383,0.7128816,1.4163183,5.7744265,1.8032688,7.072936,6.3248663,38.0,0.0
37.0,5.0445166,0.0,0.10961583,5.448528,4.516314,4.598267,1.7265388,7.4733095,3.6664207,7.1112704,1.4351996,37.0,0.0
43.0,0.11483905,0.0,0.27258658,2.301099,5.228878,4.62006,1.6624782,0.06012401,3.975996,0.42305505,3.3228247,43.0,0.0
32.0,5.4510875,0.0,6.5752487,6.5949917,0.51885706,4.18055,4.194023,7.216769,4.5307765,6.882893,0.5769829,32.0,0.0
40.0,3.6144576,0.0,1.4022437,4.876519,7.799466,6.0886054,6.452143,1.2592065,1.5644591,7.896523,0.9577167,40.0,0.0
38.0,2.734265,0.0,4.914328,2.271524,2.9851587,0.5589157,5.958312,6.766073,0.944473,4.619822,1.8887222,38.0,0.0
35.0,4.9419494,0.0,3.9111392,0.3127019,2.9775856,3.5855453,4.1598763,6.0596013,4.6249437,3.7114658,6.243402,35.0,0.0
33.0,7.322895,0.0,4.8279777,5.9276567,0.13376315,6.530876,1.2237308,5.7248034,6.2901254,5.7609696,2.0434155,33.0,0.0
32.0,5.0543103,0.0,6.025248,6.5933676,1.6081982,5.5150166,1.370369,6.462763,2.0257227,4.6026435,3.476055,32.0,0.0
37.0,4.9602523,0.0,3.5499911,0.22266,0.024745766,7.663405,4.665502,3.1439135,3.9235063,7.2129683,6.1126494,37.0,0.0
41.0,0.30720505,0.0,0.65796196,1.5076137,0.0056979856,4.488151,5.48132,6.3351245,2.9698086,4.7707276,2.2069798,41.0,0.0
41.0,3.2846603,0.0,3.402214,3.085156,0.036470126,1.9152275,5.454174,6.4390397,6.8626575,0.38271487,1.6571466,41.0,0.0
34.0,5.938173,0.0,2.3150733,6.319249,0.77122265,5.1067066,2.0691102,7.232129,0.6407757,2.9733934,0.82418746,34.0,0.0
32.0,6.2689,0.0,4.6530547,4.225978,0.16973425,5.3347397,6.46409,1.5679632,2.1526077,2.1841934,4.808665,32.0,0.0
42.0,1.0190219,0.0,6.0493236,0.8640468,5.892461,6.4107056,1.2815043,3.4243262,1.2984505,3.44255,0.6416758,42.0,0.0
36.0,0.36583522,0.0,4.0582247,6.765539,6.0579615,7.774288,3.8848288,6.73841,4.6856136,7.6731153,5.97938,36.0,0.0
36.0,6.459727,0.0,4.9240127,6.98834,4.135218,2.732793,1.5645998,2.9970787,0.28734902,0.50640935,2.1392744,36.0,0.0
35.0,5.1870747,0.0,5.9219894,2.7523992,4.7904706,6.65351,3.6265345,5.953032,6.148239,0.80206984,0.5107756,35.0,0.0
38.0,2.7191153,0.0,4.6719193,4.663228,3.382842,5.980805,0.015133273,7.0660434,2.3784637,0.11945489,3.5092206,38.0,0.0
40.0,2.2519774,0.0,1.5473439,4.7881875,4.028468,5.897324,2.7367933,1.9206848,0.51084954,5.6155295,0.67079335,40.0,0.0
39.0,3.9435115,0.0,5.3262587,3.796927,2.8665614,5.3380117,1.4016038,7.4397635,2.9619539,0.99747777,0.28232935,39.0,0.0
36.0,5.7578397,0.0,3.423667,5.052324,3.8838682,0.5672831,4.8085155,1.9601141,5.8750863,1.9851714,2.279677,36.0,0.0
37.0,7.6247334,0.0,0.8768481,3.1830432,3.7291355,5.3902416,4.66642,4.6563373,1.0678818,6.956881,1.9438447,37.0,0.0
37.0,3.2035022,0.0,1.3555653,2.950275,7.0774417,6.022404,5.70585,2.34474,2.763197,6.4755616,1.2880998,37.0,0.0
36.0,5.2516317,0.0,5.1754875,2.2373035,4.1880126,6.461383,5.93606,7.5642405,3.7112465,1.333104,1.8796936,36.0,0.0
35.0,6.7740517,0.0,0.9815334,7.5236983,2.0020545,5.539129,0.44281337,2.2523475,2.2391841,6.446531,0.2498336,35.0,0.0
40.0,2.4813135,0.0,1.4392943,5.8621726,1.1824871,2.6645927,0.57113576,2.89826,1.7193626,5.83521,4.742228,40.0,0.0
37.0,3.0517788,0.0,3.090174,5.228093,6.920512,1.9047685,4.1375403,4.8120008,4.1172066,5.0931225,6.631347,37.0,0.0
35.0,6.768603,0.0,3.8219182,4.9515862,1.3233036,6.566017,3.2249184,4.7581177,5.1264486,1.6701841,4.7681623,35.0,0.0
43.0,0.7863706,0.0,3.5790877,0.5641818,5.0535173,6.957855,1.625909,1.1656967,0.7427015,6.706388,3.9785802,43.0,0.0
39.0,6.7091765,0.0,0.798573,0.1138739,6.5853033,2.4612558,0.6197421,3.6494646,3.6788032,0.39322838,2.0210822,39.0,0.0
36.0,6.1271133,0.0,3.3723297,3.2242436,0.7713454,6.665212,1.7607996,2.600912,3.050249,5.79798,5.6449237,36.0,0.0
31.0,6.903064,0.0,4.173373,0.21728778,4.426778,3.3778462,4.8389335,4.511537,6.865859,4.4258504,5.829005,31.0,0.0
35.0,6.017569,0.0,0.9406161,4.3065906,0.2071906,0.22349232,6.023436,4.0183797,6.387733,0.5044506,6.3442755,35.0,0.0
43.0,0.52584654,0.0,3.5758772,1.9451026,3.0424066,4.443825,2.312568,1.8117814,0.47735786,1.1624489,5.948713,43.0,0.0
34.0,5.52504,0.0,4.329963,1.8361853,1.6695079,4.448543,5.697803,6.423394,6.5487742,3.256325,5.7063117,34.0,0.0
34.0,5.254383,0.0,3.5971315,7.3503036,0.9962939,3.738787,0.0076806946,5.068509,4.6398563,1.716419,1.5239799,34.0,0.0
33.0,6.1290355,0.0,4.2277403,3.205591,7.788506,7.0732784,5.2766013,3.874404,6.693395,7.9130187,4.124364,33.0,0.0
42.0,0.7639025,0.0,0.26058024,2.1628995,5.385472,4.882385,0.48965034,0.8198392,0.39169922,7.3390574,0.04932864,42.0,0.0
43.0,0.12062752,0.0,0.0629034,6.398826,5.797326,1.2355661,3.771009,1.2239311,0.38173458,0.8129696,1.4656229,43.0,0.0
40.0,0.5021763,0.0,0.17308415,6.388222,6.785498,5.3080773,2.5131245,2.3814266,5.108081,4.7024007,5.920746,40.0,0.0
36.0,3.7623944,0.0,4.2366977,0.6255458,1.363755,0.8387209,4.7950187,2.878563,5.5845847,2.3150222,1.3013095,36.0,0.0
34.0,7.343366,0.0,3.607429,2.570684,2.2489796,3.0532591,1.6937964,2.3317256,2.9957757,7.2976,2.6676977,34.0,0.0
38.0,1.0008358,0.0,4.4890137,5.7497454,2.087149,4.225655,2.2359755,2.6949694,1.0239156,6.562774,2.5662777,38.0,0.0
36.0,6.8177276,0.0,2.64322,5.688012,1.0323429,4.430203,3.2709131,4.2399635,0.63871324,0.7135682,6.031861,36.0,0.0
34.0,7.3231845,0.0,6.7795534,6.0959973,4.667405,5.6137915,4.3505826,5.739437,0.42155427,7.221124,1.5861849,34.0,0.0
41.0,2.1888525,0.0,0.4422724,4.6281643,5.1424427,7.1226964,1.9403906,2.4237385,3.6225,5.666541,0.653891,41.0,0.0
40.0,3.0896847,0.0,2.25734,1.5924789,1.7012829,4.80093,4.7062774,3.7590215,3.8406792,3.6851966,5.8306518,40.0,0.0
41.0,1.2747846,0.0,1.452218,6.7878933,5.3358235,0.30860886,0.45597032,3.8162546,0.7230681,4.948437,5.706439,41.0,0.0
39.0,3.6905801,0.0,6.47762,3.1309824,0.8222025,2.0731957,4.600224,5.262575,5.3664923,0.5436604,3.9713273,39.0,0.0
40.0,3.969687,0.0,6.9136424,6.409875,1.8749834,2.910999,6.5498567,7.334567,0.58549494,1.0531514,3.6078298,40.0,0.0
31.0,4.396432,0.0,6.6259193,6.6169815,3.676891,4.3765216,4.293058,2.8282602,2.2439137,6.391872,5.762334,31.0,0.0
35.0,4.683345,0.0,1.1089694,6.627788,7.6094766,4.640975,2.745906,1.8703876,5.542626,1.3256936,6.2071514,35.0,0.0
40.0,0.44977817,0.0,0.3637391,4.424618,4.735103,0.6281146,6.244739,1.8135946,5.2516747,2.4217293,2.2836108,40.0,0.0
36.0,0.9223986,0.0,6.1687837,6.0313187,4.8510356,2.755494,2.766724,3.6298106,4.355165,4.6999755,1.0611476,36.0,0.0
42.0,1.4157526,0.0,0.9727613,4.311136,0.60999066,2.959312,0.04936323,5.72385,3.956009,7.119501,0.5511243,42.0,0.0
36.0,7.1465225,0.0,2.5412934,4.7729974,1.6378528,1.5380439,6.1268854,5.019713,3.3382566,1.5297071,0.4296191,36.0,0.0
36.0,6.116236,0.0,3.030865,5.0345607,2.625201,5.298509,2.3137867,2.4033487,3.911463,5.5935545,4.621461,36.0,0.0
37.0,1.842213,0.0,2.1007612,5.8991237,7.678146,1.1140176,2.448763,3.374816,6.196499,6.186334,2.858855,37.0,0.0
39.0,4.0060425,0.0,0.24479504,1.0975345,1.5203853,1.6561934,2.4033399,6.698362,1.3799961,0.7877836,1.4580238,39.0,0.0
41.0,1.8030761,0.0,3.6602466,1.9483215,1.1382399,6.727233,3.0893738,0.19568743,2.2984529,7.243121,1.3892307,41.0,0.0
41.0,0.26321495,0.0,6.2881727,2.6900082,6.616134,1.5436711,1.7841616,0.4467401,3.3430285,0.74109226,1.3693473,41.0,0.0
34.0,7.6613274,0.0,2.4668305,7.2625904,1.9220343,6.5370245,2.1667018,0.26807597,3.5629334,2.680797,1.4105173,34.0,0.0
41.0,2.134711,0.0,3.0821645,6.1038547,2.6790318,6.7319226,4.8874125,6.648799,3.4940593,6.4776354,4.1682487,41.0,0.0
35.0,3.869318,0.0,6.749957,5.7242894,1.6899546,6.3948874,6.0550036,4.211111,5.971826,2.4287336,2.9593964,35.0,0.0
38.0,1.9353322,0.0,2.3214676,3.3365612,3.743578,5.778003,1.8845459,4.5881634,0.2642449,7.1922584,2.203017,38.0,0.0
37.0,1.4435266,0.0,2.248893,4.9270267,0.20706795,5.609428,0.48492995,3.5323637,4.813588,6.9939237,2.4423616,37.0,0.0
38.0,1.0475045,0.0,1.0237561,6.3212233,0.72900975,7.8964095,5.7695985,7.270388,4.0002074,1.2067035,2.4840362,38.0,0.0
38.0,4.5731363,0.0,0.7423001,0.75146973,6.7172723,6.823956,2.1080832,0.6798693,1.2897512,7.308915,3.099916,38.0,0.0
37.0,0.068627946,0.0,4.4706426,3.8061473,1.8597734,6.766455,5.0597854,5.499436,4.4930816,3.3527353,0.0057426146,37.0,0.0
41.0,2.2428396,0.0,3.0629504,2.3549683,3.7764807,6.034744,3.4084718,3.6150622,3.7426333,1.4845543,5.1502256,41.0,0.0
33.0,6.2036786,0.0,3.4487286,7.567432,7.234455,6.696229,4.521907,7.911269,5.3851295,6.894886,0.3706233,33.0,0.0
36.0,1.1870898,0.0,2.4023583,0.462875,6.066615,2.3293355,2.691905,2.2719994,5.971696,4.921025,6.815801,36.0,0.0
37.0,3.1596663,0.0,2.778151,3.3431222,1.1866452,1.6074206,2.7102027,1.8765043,2.508122,7.3199124,5.8486686,37.0,0.0
40.0,3.3998501,0.0,2.5184267,0.39327022,7.238693,1.9003397,5.825234,0.14563186,5.0751085,1.4181693,1.3925906,40.0,0.0
38.0,5.339204,0.0,1.6677424,5.320967,4.9083934,4.413342,0.9679801,1.4076273,1.1560806,3.1699445,0.7328347,38.0,0.0
35.0,6.4347215,0.0,2.2692492,3.0519943,7.3035903,7.9506917,0.45938876,0.27332458,4.474664,1.4761709,2.3996255,35.0,0.0
39.0,1.7838593,0.0,1.91592,5.1621256,7.057985,3.6541998,3.4362242,0.89457095,2.5446475,4.9794083,4.5590544,39.0,0.0
38.0,0.50396985,0.0,2.0407808,7.0126567,4.387354,2.510108,5.957324,3.5987985,4.882826,1.146144,3.1236866,38.0,0.0
39.0,0.7104762,0.0,0.53634924,3.4757066,5.582421,7.338543,5.568692,5.9815536,4.3916774,2.1623416,6.232743,39.0,0.0
34.0,6.8908362,0.0,6.841184,1.6489397,0.28339118,3.6275148,2.0102863,2.6752515,4.135806,1.4562517,6.3267584,34.0,0.0
36.0,6.499487,0.0,3.2743483,1.458675,5.0501204,5.1342363,3.72188,7.8934083,0.1993047,7.3884263,2.488935,36.0,0.0
35.0,3.773341,0.0,4.7464786,5.8598733,3.0286896,0.043497384,4.074581,6.8566647,2.2322588,5.3164525,4.346234,35.0,0.0
33.0,7.07768,0.0,5.8192167,2.1317744,3.402995,4.9306307,3.7385244,2.614816,6.299325,4.7896047,3.5689404,33.0,0.0
35.0,4.4074364,0.0,5.8636928,0.30379754,4.33925,1.398468,3.819386,7.001353,6.4261713,1.3805305,3.5276966,35.0,0.0
41.0,3.514706,0.0,1.9037383,5.978394,5.4422674,5.9168572,3.514852,1.904644,5.6968894,5.4951324,3.3756666,41.0,0.0
41.0,0.6735839,0.0,3.1462295,1.7868865,3.5981328,3.5334125,6.5152564,7.036953,0.3918782,4.2157235,0.5303419,41.0,0.0
36.0,5.004048,0.0,0.5053336,4.4564867,7.12413,6.9439044,1.3508575,1.2744514,4.1884227,7.738633,4.320285,36.0,0.0
37.0,5.8512855,0.0,4.8390775,1.0212089,4.878234,2.6772041,2.1765966,3.6655068,3.8076558,1.0098029,0.20496786,37.0,0.0
42.0,0.06497908,0.0,0.6100197,6.9147477,2.41455,5.9610996,3.0343368,3.2374659,1.392077,4.358904,0.6574684,42.0,0.0
38.0,6.6898007,0.0,1.617555,3.6675267,2.6717098,3.3483918,6.778603,6.376338,1.9512547,1.1486053,0.71849763,38.0,0.0
35.0,2.0195503,0.0,4.5522184,1.5249981,0.88212854,3.2926242,4.065461,5.470729,6.4545674,5.445724,3.063845,35.0,0.0
40.0,2.884725,0.0,1.3664836,5.9318304,4.4998455,2.1808922,5.0568147,3.122326,4.8697066,3.8756878,5.289279,40.0,0.0
35.0,7.0792484,0.0,0.7440812,1.8658696,6.5205173,1.8476568,5.514951,1.8474067,4.7157245,4.130707,4.940196,35.0,0.0
38.0,2.816825,0.0,6.4069886,2.381847,0.6615903,0.2654297,1.2330976,6.216806,5.8296757,0.21189915,0.92104405,38.0,0.0
33.0,5.950836,0.0,1.4909021,2.279429,2.4900105,2.292911,4.158143,5.2495127,2.2157874,6.0509133,2.7066543,33.0,0.0
32.0,6.526446,0.0,6.955135,2.6125746,0.4769867,5.942458,2.25679,1.7853415,2.6847043,2.6328835,5.036569,32.0,0.0
42.0,2.5597613,0.0,1.6440159,6.371904,2.2020218,1.8853102,1.3551036,3.0153277,1.8567364,3.698546,6.8656783,42.0,0.0
36.0,4.9332304,0.0,0.24452999,5.5694284,4.7872343,0.062369227,0.15124403,2.6376946,6.3396893,0.028481767,6.675502,36.0,0.0
32.0,5.2058787,0.0,6.583068,6.1089063,6.2753615,1.0540725,6.347944,7.2336,5.810045,7.3815975,5.4959188,32.0,0.0
36.0,4.804536,0.0,1.5183096,3.9239602,2.5497608,7.291911,2.2280624,4.5572805,0.4321488,5.678838,1.6034054,36.0,0.0
37.0,5.9200926,0.0,0.10122336,4.4033103,5.198596,1.9864243,2.2929184,3.4530945,3.5201898,6.9567327,0.55877024,37.0,0.0
41.0,1.99402,0.0,0.26616403,5.057072,2.7459905,0.52650267,6.7291956,6.234146,6.0441594,1.1342074,4.519283,41.0,0.0
36.0,1.0744486,0.0,5.907218,6.3193707,7.812948,2.2145472,0.29453492,4.416573,6.975014,4.869853,4.166146,36.0,0.0
38.0,6.2681937,0.0,0.40906155,4.534503,2.3957613,1.8184421,5.2360916,0.439188,1.6660585,6.9405065,5.922254,38.0,0.0
33.0,6.078493,0.0,2.5894103,4.14304,6.8687263,5.012932,4.0049524,2.3781579,0.60864604,5.5408654,4.444375,33.0,0.0
38.0,0.76747483,0.0,2.7455893,3.7010665,6.0223513,2.7396533,6.3178477,0.16505599,3.497083,6.062631,1.3477147,38.0,0.0
38.0,4.299249,0.0,3.872191,0.26027656,3.1494787,5.3054376,1.870142,5.0187426,5.8682246,1.7255307,5.611774,38.0,0.0
32.0,7.3570867,0.0,6.159939,4.7257466,2.878943,7.592737,5.074521,3.8716,2.705341,4.7598805,4.6102257,32.0,0.0
38.0,2.0531232,0.0,6.93301,7.2141953,5.9665337,6.9641614,0.8290772,0.49662247,1.8453544,5.552484,2.263604,38.0,0.0
36.0,0.95403934,0.0,4.993858,3.0707695,6.446868,7.159217,5.2337174,5.412974,6.104578,5.822276,5.0267825,36.0,0.0
37.0,1.6871108,0.0,3.7129185,6.7020574,0.86298007,5.680543,6.530836,4.8523145,2.7596138,7.911948,6.928633,37.0,0.0
39.0,5.220198,0.0,0.54391533,0.5511568,0.99224716,5.4295573,6.047465,3.3339503,6.2782917,3.0882833,4.1450686,39.0,0.0
36.0,7.964377,0.0,5.897086,1.446675,6.451785,4.3257957,1.1592069,3.4306135,1.0029211,0.56888795,0.2490477,36.0,0.0
42.0,0.86047125,0.0,1.5864156,6.127976,3.9729595,4.4616323,0.2472991,3.305438,1.2920814,0.2601224,6.5286155,42.0,0.0
41.0,3.524076,0.0,0.9308921,2.5004659,1.3911016,1.165229,1.6374606,1.1715311,6.0685844,7.6567874,0.55460584,41.0,0.0
36.0,7.151618,0.0,3.8045468,3.194155,5.4839783,0.34292108,1.0321158,3.386,0.90808725,5.4191666,0.25034276,36.0,0.0
32.0,5.9373136,0.0,6.8171964,4.9416347,7.6123652,3.2153268,4.899373,0.15125738,6.8167024,2.0630102,2.3195736,32.0,0.0
38.0,0.674747,0.0,1.5083019,5.11026,4.3472767,0.3811756,2.8479662,3.0051985,2.135307,5.3338943,4.8938465,38.0,0.0
37.0,6.2102275,0.0,6.024867,0.16749427,7.056215,7.8968973,0.6667316,7.4421225,0.81021816,3.698853,2.3208683,37.0,0.0
34.0,5.209683,0.0,1.031744,4.1371803,5.030104,1.2224715,5.926104,4.536635,5.7956405,3.1712577,3.877912,34.0,0.0
38.0,1.259055,0.0,4.8805437,5.115377,6.392222,2.8316562,4.705468,4.8036127,1.6174582,4.9810944,4.490197,38.0,0.0
38.0,2.9857771,0.0,0.24959667,6.781405,6.5173426,2.1707642,4.020294,6.107983,5.5670667,6.861733,5.1330333,38.0,0.0
35.0,6.3457913,0.0,6.6265535,1.7640218,6.789696,4.428129,3.3801973,0.55845606,1.3157309,6.7980986,5.1836457,35.0,0.0
39.0,1.7019898,0.0,5.107009,6.25616,4.6853905,6.4765673,2.5501242,1.8659636,6.9095397,1.4344319,3.1110322,39.0,0.0
41.0,1.5158187,0.0,1.9507072,4.672915,3.5837762,7.54082,1.8228339,1.184233,6.946968,5.1196613,6.0226736,41.0,0.0
37.0,5.641946,0.0,1.7076902,4.413025,4.2253804,4.502735,0.98269534,0.25582775,3.328267,2.7278955,2.4404583,37.0,0.0
37.0,0.4661109,0.0,2.6653907,7.874948,2.4606771,4.126732,2.326106,0.6533194,1.0676517,6.7979503,5.4682555,37.0,0.0
38.0,2.3354776,0.0,4.4758925,4.3955564,2.087804,2.5401118,0.55223954,5.533353,1.6388004,4.8704243,4.1018324,38.0,0.0
39.0,3.3196988,0.0,2.7291393,6.809651,5.8928246,6.7298646,3.9393115,1.3513495,2.1692066,0.10990899,0.7464444,39.0,0.0
33.0,5.4077168,0.0,5.0150256,7.1462774,3.3972168,2.4295251,6.9208326,6.372422,4.8381515,0.63171077,3.9856384,33.0,0.0
40.0,1.074342,0.0,3.905324,2.5273626,2.9253817,3.8456197,1.1047521,5.4338694,3.9977355,4.336257,2.8632457,40.0,0.0
35.0,4.5764394,0.0,3.8054166,2.320372,4.099382,3.634312,2.1929088,4.9263825,0.9530575,4.372232,4.555186,35.0,0.0
34.0,5.9628744,0.0,0.4197874,7.900749,2.550701,6.4249873,2.0595026,6.599393,5.2087693,5.4645267,6.261283,34.0,0.0
37.0,4.0311055,0.0,6.6904197,0.5476672,4.3286967,0.54631686,1.3743637,3.4858077,6.039887,0.18633975,6.5224605,37.0,0.0
37.0,5.1254506,0.0,0.54686856,7.791803,6.2952337,0.8819647,6.6890044,5.6851964,0.21843417,6.365305,0.36304933,37.0,0.0
35.0,6.15771,0.0,1.4979123,2.9925342,5.358546,7.132407,2.2439287,1.307864,4.531132,5.474281,2.9684057,35.0,0.0
41.0,3.4219902,0.0,4.2199583,6.0092793,1.2646887,0.41707733,3.3805768,0.47411275,3.7219367,3.4962215,3.7140174,41.0,0.0
36.0,7.163118,0.0,3.9689372,7.660843,3.97934,6.4382715,3.773915,6.82057,0.3886434,2.0347304,4.105124,36.0,0.0
36.0,6.5342774,0.0,4.9454894,2.0784876,7.598619,2.5592635,3.2328389,6.2885013,1.7806137,0.883353,5.6181726,36.0,0.0
34.0,5.579877,0.0,3.549509,0.25653756,0.5598081,4.558917,5.9646573,4.245357,2.211816,4.9776306,1.8772765,34.0,0.0
41.0,3.4765296,0.0,5.323741,1.3331515,2.8732939,4.8817873,1.1925515,1.8739264,6.416679,3.7415495,2.1356037,41.0,0.0
34.0,6.302156,0.0,3.8087409,5.838718,7.539997,3.32357,6.343284,4.3684196,2.721072,1.7949382,2.971608,34.0,0.0
38.0,2.7239444,0.0,5.043016,1.308576,4.7139306,6.28984,1.8661683,4.8397675,4.2873907,3.9576082,3.6277595,38.0,0.0
37.0,6.662658,0.0,1.8259002,0.36024818,1.280602,5.9121523,4.678575,2.229169,3.9724662,6.636047,0.5675895,37.0,0.0
37.0,1.1381273,0.0,6.9087853,3.631463,3.2060633,1.3899208,3.1013172,0.8920524,4.4102325,7.386118,2.0345898,37.0,0.0
37.0,5.591357,0.0,0.0862964,3.5429258,1.089006,3.1397069,3.1179113,3.3522277,4.307812,1.6648335,6.2869873,37.0,0.0
39.0,1.4132224,0.0,2.0832818,3.6479626,7.6071243,1.6749747,4.291177,3.1377497,5.952138,0.35490304,0.25837132,39.0,0.0
33.0,7.025385,0.0,6.8720703,4.7923074,1.5263838,5.7632008,6.596273,0.11105955,3.3073888,4.254984,6.678341,33.0,0.0
39.0,0.13497375,0.0,6.401144,6.476634,4.624367,3.607322,4.9382606,1.7440788,0.35059932,2.482419,5.178025,39.0,0.0
44.0,1.1571141,0.0,3.2997553,0.21733259,0.5305592,0.9231148,1.3272225,0.7335421,6.450908,3.6387913,6.128342,44.0,0.0
31.0,7.6778207,0.0,2.8184142,7.891338,1.387213,7.428932,0.67834085,5.773573,4.17663,7.1531987,0.26715806,31.0,0.0
33.0,5.51805,0.0,5.5023932,4.399645,7.054999,0.23382898,6.518453,5.8567963,4.3490505,3.061049,2.6974337,33.0,0.0
32.0,4.1771884,0.0,6.308994,6.911945,0.91484123,7.658955,0.013703848,6.4141407,2.375358,4.7990556,4.1078086,32.0,0.0
36.0,1.7359968,0.0,2.170066,5.5542207,4.396316,2.4038775,4.132802,3.8776708,5.7191896,6.554859,6.41653,36.0,0.0
35.0,1.0654138,0.0,6.6504693,3.2397819,4.7528863,1.6206872,6.8894753,7.1655636,6.314382,6.781788,0.5358759,35.0,0.0
37.0,1.6056354,0.0,3.607342,4.0582943,7.907132,6.282582,6.3347216,7.080184,5.129901,6.938554,6.0567884,37.0,0.0
41.0,3.312735,0.0,4.6643033,6.919466,0.9072929,1.9097201,3.7392147,3.9076023,1.368316,3.2244024,2.102711,41.0,0.0
33.0,7.5111566,0.0,4.1152105,1.1140299,2.760386,2.144662,6.76484,5.9473023,5.3959093,3.8225963,5.086689,33.0,0.0
35.0,6.9438972,0.0,4.522921,4.9215026,0.13239048,0.27694997,0.4588097,0.13816553,2.346472,0.57680434,6.478174,35.0,0.0
40.0,3.1393566,0.0,3.4164808,1.0643672,0.15110494,2.8630867,5.5219784,0.9543323,2.920346,7.508988,1.9264231,40.0,0.0
35.0,6.4457436,0.0,3.8718643,4.951095,2.4112587,7.7633467,3.91306,4.5314727,2.5395868,0.7903317,3.6386917,35.0,0.0
39.0,1.7372148,0.0,5.886548,5.8362017,3.801141,3.3736713,6.7864985,0.1283569,3.7717302,6.328877,2.2639909,39.0,0.0
36.0,6.7069464,0.0,2.0584307,3.4460173,4.609845,4.2252483,0.83164394,0.96064806,5.2961545,3.2456615,2.3801284,36.0,0.0
42.0,0.26385948,0.0,3.7803512,3.6563318,0.8247139,7.6718335,5.155528,5.8835516,6.502163,0.89848197,1.2693251,42.0,0.0
35.0,4.2611504,0.0,3.5951746,2.7351408,2.2974613,2.0656457,0.8342209,7.169535,5.173722,3.2387524,1.4190601,35.0,0.0
33.0,4.892556,0.0,6.2869544,5.820926,5.210199,6.305074,3.4007175,4.870717,2.5214882,3.9926147,5.6139364,33.0,0.0
34.0,4.720378,0.0,6.155766,0.88368225,6.401401,6.1914744,0.22371836,3.5058315,2.3672826,7.7224436,2.5306375,34.0,0.0
38.0,4.320007,0.0,0.8070792,4.9998407,0.64418715,2.5798655,0.41945702,5.719148,1.7170678,1.1019669,4.341084,38.0,0.0
37.0,4.164182,0.0,6.1523085,6.384662,2.7356398,6.546656,3.9187965,6.245541,0.9654788,1.5234246,3.9148529,37.0,0.0
39.0,3.6860735,0.0,2.2576563,3.9503415,2.1734023,5.7957277,0.90894645,6.4685063,5.6564775,4.5871058,3.8560507,39.0,0.0
40.0,0.97505504,0.0,2.0581033,0.6581575,0.8966652,0.39932802,5.309049,1.3497365,6.0076203,1.1891581,2.5947874,40.0,0.0
38.0,3.6099818,0.0,3.1469498,5.567243,4.2411976,6.1415887,3.0172884,5.381361,2.8833833,5.7985277,3.7311795,38.0,0.0
38.0,6.2760077,0.0,6.579891,1.649617,3.9384367,4.284834,1.4046346,3.7613127,1.4192617,3.1401017,3.259403,38.0,0.0
38.0,2.8142383,0.0,6.5490727,5.335213,5.4196873,1.0219975,4.393635,4.0547795,3.4109344,4.3192415,1.8026226,38.0,0.0
34.0,6.6305037,0.0,5.5231476,4.0657206,4.532888,3.1980293,2.4580612,5.19081,0.4893089,7.4287257,6.8149486,34.0,0.0
41.0,1.7849325,0.0,3.1760921,2.0313756,0.43833813,0.22287929,3.596577,6.9325833,0.61313605,2.6255412,0.26060602,41.0,0.0
32.0,4.165544,0.0,6.8192296,3.3845,0.89749026,6.7846103,1.6428286,2.2151167,4.9261613,5.9913163,6.816674,32.0,0.0
32.0,4.1074553,0.0,4.599576,1.2010243,7.342916,3.3916554,3.3102405,1.4618242,4.0123324,5.549804,0.3831503,32.0,0.0
36.0,7.894769,0.0,5.514201,0.53601664,3.5344877,2.0845165,3.249155,0.57132524,5.7628074,1.2820683,4.0808053,36.0,0.0
38.0,0.98981494,0.0,4.5926843,0.46218386,0.9708495,1.6056556,5.463444,3.0323703,6.19876,6.125895,4.2055526,38.0,0.0
40.0,2.1452036,0.0,5.7214394,7.514902,6.933382,6.6777606,5.394969,5.592394,0.36798924,0.27432814,6.609658,40.0,0.0
33.0,7.694169,0.0,5.7149515,1.6639825,7.9357266,7.294729,0.77108324,5.1251454,4.143045,3.2408555,5.649971,33.0,0.0
39.0,0.9620531,0.0,1.0778677,7.4388356,5.296535,2.9812367,3.5223093,2.7092583,4.483631,1.611306,1.267092,39.0,0.0
37.0,7.363161,0.0,3.142278,7.5844674,0.786495,1.1509993,1.2670571,1.7492638,4.6970987,1.7835718,0.99217176,37.0,0.0
38.0,5.0072403,0.0,6.001722,0.7424026,3.2468088,6.686551,3.0877194,0.1748414,3.7138731,3.466532,3.0481765,38.0,0.0
36.0,6.6618752,0.0,1.5205555,0.92816895,7.5693216,2.5565066,2.5523174,3.023025,2.2177362,3.562475,1.4098662,36.0,0.0
38.0,3.0180364,0.0,6.1580477,7.702988,7.6318135,7.5264974,1.5611644,6.2943225,2.240398,0.56254596,3.723533,38.0,0.0
38.0,1.0573037,0.0,0.7206663,4.327343,7.8720393,3.972289,4.4088917,6.419943,5.4676843,4.7909064,5.345213,38.0,0.0
37.0,5.077703,0.0,3.408535,6.6082497,6.495049,6.925001,2.1413696,5.566093,0.9461379,7.239544,0.24356006,37.0,0.0
37.0,5.352097,0.0,4.6478033,1.9892997,3.061909,5.561103,5.5020432,1.7255745,0.38895777,1.5389278,3.3736072,37.0,0.0
36.0,4.631519,0.0,3.0181997,2.2817504,4.135886,4.0757394,2.2844064,5.035717,1.1318626,4.528844,1.0002685,36.0,0.0
35.0,7.7441883,0.0,4.1379833,2.309293,6.9388885,2.0032709,3.878828,1.5393988,1.1828789,6.434551,3.8580227,35.0,0.0
39.0,3.5433176,0.0,5.799091,5.302735,1.2729905,3.5578983,0.30111477,6.615671,3.642806,2.1309566,4.854522,39.0,0.0
37.0,1.0244226,0.0,1.9113244,2.6482127,0.6590418,0.7062178,6.965526,2.1870365,4.7068768,4.6388974,4.8851743,37.0,0.0
38.0,7.149809,0.0,0.59388876,1.6700288,3.4522822,4.2101703,5.0025997,2.4333088,3.5962389,3.8671632,2.169564,38.0,0.0
41.0,0.9250761,0.0,2.298461,0.75852364,2.2123713,0.2426642,6.5923944,0.55506015,0.33516076,0.014835258,4.570948,41.0,0.0
33.0,4.0742536,0.0,4.98104,4.576556,5.208148,7.7396994,6.104949,4.454615,0.5733636,7.085741,0.21705642,33.0,0.0
38.0,3.174343,0.0,6.1568637,1.7256671,2.1038394,7.378984,4.3152137,3.2350612,4.489977,1.6566675,4.8350916,38.0,0.0
40.0,3.7778616,0.0,6.319044,0.27378055,6.4097457,0.1434301,3.8739972,3.217385,0.4176865,5.036811,5.0222607,40.0,0.0
38.0,1.6880322,0.0,4.156664,7.21532,7.5773897,1.6483009,3.7271564,1.6714345,3.5644379,5.2627606,1.2020048,38.0,0.0
36.0,7.815099,0.0,1.4494342,2.4766045,2.9146752,4.62905,3.4418337,0.8998298,4.1863675,3.3115308,4.8537273,36.0,0.0
37.0,5.004717,0.0,0.55942017,6.408943,3.607976,0.6286777,5.9497776,1.995084,2.4545968,1.584275,6.932991,37.0,0.0
35.0,4.5305414,0.0,4.0704737,0.3667357,5.033486,6.794954,3.5054698,2.64138,2.8352633,3.845396,4.231727,35.0,0.0
44.0,0.15362546,0.0,0.5013768,0.04559303,7.558237,6.592412,5.1939263,6.4153447,3.6387272,1.7073072,6.0423203,44.0,0.0
37.0,4.1445704,0.0,1.8082974,4.2278123,0.8952393,2.4698398,1.1298082,4.1081815,1.6462499,1.9366723,6.157618,37.0,0.0
38.0,3.4526687,0.0,6.5261397,3.8408947,7.7871633,4.1859007,3.0195806,5.117513,4.417426,0.41416273,1.3960197,38.0,0.0
35.0,5.4604397,0.0,6.364402,6.800251,3.3538756,4.059885,4.276244,3.5191324,1.537042,7.6734996,6.4129734,35.0,0.0
40.0,1.2568728,0.0,5.514664,7.6534853,1.1350311,3.700992,2.844601,3.144304,1.2919086,1.6711135,2.8627398,40.0,0.0
36.0,3.5469444,0.0,5.1324363,5.9477935,7.2270794,1.074057,4.347158,0.24631579,2.6018603,2.6108844,6.228707,36.0,0.0
38.0,1.5545002,0.0,5.296111,2.03878,1.5461459,4.182388,0.6693311,2.809372,1.4692168,2.2214098,6.109314,38.0,0.0
38.0,3.9799533,0.0,2.3273203,4.6892595,1.2061707,5.4829316,1.5523053,5.1204405,0.3379364,7.5261426,6.507499,38.0,0.0
37.0,4.456243,0.0,0.18993005,4.4165063,4.8103704,2.3442597,2.4266305,6.853693,3.3658712,6.7061014,0.48120505,37.0,0.0
39.0,0.2941315,0.0,0.40392956,4.4394646,4.6386576,1.3677592,5.398999,5.570365,4.495622,7.9287286,2.6323965,39.0,0.0
39.0,5.936812,0.0,0.0124992905,5.6382623,2.769343,5.322572,3.7999935,5.71003,0.33053032,1.5727788,5.866662,39.0,0.0
40.0,0.6083784,0.0,3.513741,7.2686634,3.24113,0.75110185,1.5748845,2.1272416,1.2800266,4.500311,6.549232,40.0,0.0
35.0,5.5345635,0.0,2.1480677,3.7766778,3.5666294,7.0325565,1.8117896,3.4957225,0.2744323,4.5273604,2.5093846,35.0,0.0
35.0,6.8777757,0.0,3.1610596,0.9849853,1.4802495,6.195694,4.7166567,6.6971846,4.0289483,0.3144498,4.6726747,35.0,0.0
42.0,1.1139727,0.0,0.2740369,7.3300304,0.032882847,1.1070659,5.57652,5.7136664,3.0319548,0.78298706,5.7638626,42.0,0.0
35.0,4.764529,0.0,1.1143961,3.7559695,3.9849467,6.832671,4.968715,0.4997555,2.8360505,4.741236,2.328956,35.0,0.0
38.0,1.2681612,0.0,5.909523,2.8960564,2.2858944,7.623225,4.7996416,3.4661882,0.48453617,5.145233,3.5752454,38.0,0.0
35.0,7.412784,0.0,5.8610773,1.7357959,0.7366642,4.6845965,5.4107714,1.6099682,3.308363,6.7189136,3.9217043,35.0,0.0
35.0,4.0130186,0.0,2.456561,3.7456431,5.819605,6.993787,3.161424,6.7631865,1.5037035,6.7488008,2.9283557,35.0,0.0
41.0,1.5633603,0.0,0.32185173,4.626786,1.2676731,3.0301483,1.5714631,6.822794,6.7817106,0.1201005,0.04660066,41.0,0.0
38.0,0.3819941,0.0,6.6855206,7.4559455,1.4200536,2.0126884,5.902204,2.274292,0.12803514,7.120263,4.678859,38.0,0.0
39.0,2.6880805,0.0,0.3429904,2.394807,3.949382,0.31706643,5.5177474,0.24053177,4.7407985,7.8275924,4.6341,39.0,0.0
34.0,6.2845416,0.0,4.6596003,2.5925157,7.689229,5.2791643,6.8616943,1.6259089,4.9533544,0.8360227,4.595697,34.0,0.0
35.0,7.876808,0.0,0.10069684,0.5419139,4.65705,6.9673805,2.6512113,3.619083,5.0658627,7.7812967,0.5963814,35.0,0.0
36.0,1.673009,0.0,5.935622,2.2123823,7.71517,2.1932383,0.36341682,7.7142024,6.8032866,2.3638773,5.6523933,36.0,0.0
39.0,3.4829128,0.0,2.417528,0.977471,3.594446,1.2772155,4.0221796,5.8941903,3.6528008,4.422969,1.9830818,39.0,0.0
35.0,4.2772393,0.0,1.6147202,1.9568907,6.091233,7.0634527,6.2760954,3.2863076,6.4412336,4.76085,0.99089915,35.0,0.0
38.0,5.584845,0.0,0.5319455,6.159261,7.8631635,5.3287745,1.751597,5.312779,0.14833961,5.3397374,6.938631,38.0,0.0
40.0,0.3909574,0.0,4.0860353,7.1923804,6.8972483,6.7020555,1.2970654,5.873457,3.8891525,1.9167643,5.0829105,40.0,0.0
35.0,0.26374403,0.0,2.6129777,7.204902,4.1626763,6.215902,1.2569836,2.303447,4.615004,4.891342,2.1466205,35.0,0.0
41.0,0.23147945,0.0,2.694384,3.862729,4.102466,2.596204,3.4730086,6.601249,1.0040525,0.96990603,5.3676534,41.0,0.0
40.0,2.723489,0.0,0.8287965,5.497254,2.9442794,7.2618194,4.3706107,7.633121,5.754946,0.20929006,4.632493,40.0,0.0
32.0,5.9134336,0.0,2.2467408,1.5219547,7.553126,5.59958,6.1503844,1.555101,6.093658,6.49938,1.5578861,32.0,0.0
34.0,7.3324137,0.0,4.4362392,1.1050359,4.7711434,5.563613,5.370617,1.1946614,2.0093195,3.1651385,6.1303306,34.0,0.0
36.0,2.096734,0.0,5.611854,5.925934,2.3762286,5.882399,4.9533086,1.7396183,5.1288633,7.662872,6.6909323,36.0,0.0
38.0,2.927306,0.0,4.707386,7.33464,4.6502795,0.25417778,3.681553,1.3780266,1.9052267,6.6848207,0.956393,38.0,0.0
36.0,4.6858587,0.0,5.2649846,0.3219752,0.8436785,4.6084065,0.1834838,1.3280152,4.9888263,3.0503082,0.0629269,36.0,0.0
39.0,1.7524418,0.0,5.9099298,3.2811153,1.0790712,1.812733,1.3517685,5.3537316,3.1434343,2.195704,0.85174227,39.0,0.0
38.0,0.37145424,0.0,4.533563,2.2302198,4.4058,0.82327175,2.23459,3.1313763,2.6393552,1.9141563,0.040420532,38.0,0.0
38.0,3.4329338,0.0,2.880919,6.4506106,5.498116,5.415854,1.0819137,2.145597,2.3274624,1.3396072,0.36811507,38.0,0.0
33.0,4.256924,0.0,4.8201776,4.6858187,6.6724787,3.6428041,3.148965,5.040012,0.7011257,7.923046,5.85257,33.0,0.0
31.0,6.3731003,0.0,2.7865708,7.413112,5.065419,6.2872686,4.5441403,6.7555895,4.3173018,5.017803,0.93862975,31.0,0.0
37.0,1.1066681,0.0,6.6976843,6.192736,4.3255444,5.212918,2.8156097,3.0926955,6.7619596,7.1324515,3.9234147,37.0,0.0
40.0,0.049973357,0.0,1.9614818,5.378848,3.361974,4.876386,4.253257,1.3741673,5.9832144,0.8244685,5.932343,40.0,0.0
39.0,0.35708603,0.0,3.7596579,7.9628716,2.2475753,3.599809,5.829667,0.022579715,2.3077226,4.03472,6.2608094,39.0,0.0
37.0,6.586273,0.0,0.3673141,6.3890686,0.29517862,4.65669,6.432361,7.090459,0.037836157,4.50352,2.941887,37.0,0.0
39.0,1.6160127,0.0,0.24862373,4.5993314,0.16260187,2.5826185,2.7262723,6.0317526,4.5067563,4.6658673,0.3443003,39.0,0.0
40.0,2.9604256,0.0,3.3033576,1.6829964,0.8585973,6.103372,4.478728,5.0362244,0.058606327,2.6118822,4.66215,40.0,0.0
38.0,1.1776168,0.0,4.341136,1.4774705,4.8954377,2.3087566,1.7561436,7.1148014,1.8819674,7.592428,0.44256693,38.0,0.0
32.0,6.9928546,0.0,2.687872,6.3838053,3.379132,5.0384264,6.1292543,3.4085393,6.50463,4.1370435,3.7027364,32.0,0.0
37.0,0.73910904,0.0,2.3078055,2.5674207,7.1485972,0.7828394,6.867133,5.625535,2.779184,1.8688948,1.003301,37.0,0.0
41.0,0.7348197,0.0,0.50280654,1.3175359,5.9366493,7.601445,0.5737247,4.7239556,3.6034052,6.0005913,4.0882044,41.0,0.0
34.0,7.82335,0.0,5.6572585,3.8796146,0.42587373,4.4898496,0.7082661,5.6842475,0.7778631,4.959984,1.7460413,34.0,0.0
38.0,1.105144,0.0,4.5178466,1.8587941,1.5403404,3.8853242,3.8405075,0.021933697,2.9562001,5.34506,4.8122087,38.0,0.0
34.0,5.570973,0.0,5.9539933,2.5236561,0.19590892,1.8241712,6.2234163,1.5032094,1.394076,7.7539444,1.1507417,34.0,0.0
38.0,3.1832051,0.0,4.0126176,2.997108,1.0418316,2.0457544,0.10069235,1.8682821,6.447451,2.2953432,2.109912,38.0,0.0
34.0,5.9818316,0.0,2.3968878,6.5619445,5.0988393,7.5527987,2.7594635,4.9454236,3.62636,2.9236114,2.2085614,34.0,0.0
34.0,7.950053,0.0,5.523903,4.3271227,4.9983606,7.2502832,5.5585885,7.63846,1.4744309,0.9160807,5.5010505,34.0,0.0
38.0,4.325612,0.0,0.07702304,4.2552123,0.176352,0.66340256,5.7886786,4.249439,3.7973611,1.0809424,4.4639506,38.0,1.0
37.0,5.5094633,0.0,1.9939398,6.3506947,3.2185943,6.389592,0.061956063,1.4044377,1.8001764,2.1388764,2.8457994,37.0,2.0
41.0,3.0864782,0.0,0.6238209,6.651531,7.3458138,7.2140365,2.912176,4.902688,3.4279299,6.089955,5.482815,41.0,3.0
36.0,2.8231628,0.0,2.0423172,3.678666,2.4447923,4.9438086,2.4640617,5.5517507,2.9932663,4.807816,3.8857918,36.0,4.0
40.0,3.208738,0.0,3.8785596,5.239484,1.236352,5.2043147,0.38824415,1.1810079,4.93149,1.3303459,6.145513,40.0,5.0
37.0,1.0411545,0.0,2.9287236,1.9690217,4.2465253,6.253031,2.358102,0.041713532,4.016816,6.5238175,6.7032194,37.0,6.0
34.0,6.2966976,0.0,2.628415,7.444151,2.9584992,5.9458084,1.9708216,5.2887917,2.7556248,0.5787822,6.3986793,34.0,7.0
38.0,2.5190635,0.0,5.3077946,1.2253107,1.0326257,2.2055833,5.530748,2.9765542,1.3397213,7.9618196,4.6503057,38.0,8.0
32.0,4.0349874,0.0,4.627286,2.7377481,2.3929675,3.1790118,4.732499,3.8284302,2.3696883,6.2015305,3.8253922,32.0,9.0
40.0,1.0852131,0.0,1.4384588,7.5773416,4.26767,6.6847053,3.636927,0.32903773,2.4660707,0.97801703,1.3637109,40.0,10.0
37.0,3.076497,0.0,6.714273,0.00018153047,5.1183386,1.755406,3.1072135,5.5357547,2.0646808,5.456597,1.03737,37.0,11.0
40.0,3.1096284,0.0,5.1874113,6.7689643,5.1338935,2.0686572,1.3436688,7.7758293,3.6296654,3.0396082,1.9018052,40.0,12.0
37.0,7.643263,0.0,3.330957,3.6582823,2.7428591,3.905914,5.595035,4.711366,3.3156583,0.24425478,2.758343,37.0,13.0
35.0,6.872413,0.0,2.878859,2.5946722,1.8024955,7.1744523,5.2057896,0.053975817,3.0138905,7.0988345,6.0140667,35.0,14.0
34.0,6.925312,0.0,5.337264,7.4947653,4.1051464,7.885188,2.1899467,0.7030669,3.2198005,4.052309,0.5892302,34.0,15.0
37.0,3.657825,0.0,2.5773094,4.8082175,3.792851,2.1209605,5.9527717,0.49620292,2.0193086,7.03818,0.41914555,37.0,16.0
37.0,1.2118416,0.0,6.128486,5.919496,1.3250337,6.668449,0.56384444,1.2536244,4.9301157,5.6510625,2.0664258,37.0,17.0
37.0,2.787806,0.0,4.007075,6.001201,7.4452996,2.5173259,2.4539077,3.408238,2.1853871,0.8800012,6.2753687,37.0,18.0
35.0,7.4620514,0.0,3.8771858,5.7703347,2.0273979,3.1486576,4.5795197,1.785939,5.632677,2.5121808,2.5785863,35.0,19.0
33.0,4.7779913,0.0,3.1306787,4.777534,3.3239532,3.6825528,4.820148,2.078829,2.7485712,5.8393526,2.0863576,33.0,20.0
34.0,5.731784,0.0,2.2657804,5.985368,7.862626,4.8578057,5.5460887,0.865643,0.8523604,4.405935,6.9048553,34.0,21.0
34.0,7.827275,0.0,6.8988566,5.7566276,5.7915897,4.7705903,6.341365,0.9651096,3.7418883,5.5078363,2.535381,34.0,22.0
37.0,6.6012287,0.0,6.0792823,0.9398618,2.4452822,2.091911,6.152093,0.29932615,1.5077178,3.084332,0.2940515,37.0,23.0
33.0,6.2138276,0.0,3.3874125,4.700798,0.7413175,1.3363063,4.9459004,4.8092895,4.04319,4.949802,3.236598,33.0,1.0
32.0,7.6409745,0.0,6.043873,5.35892,6.5817986,0.82890844,0.2067122,5.0516977,2.7803042,6.898341,5.5545173,32.0,2.0
36.0,4.145271,0.0,5.1708226,0.10969798,0.02986586,1.3163632,4.274531,4.4950404,0.52945435,0.14945236,1.7171683,36.0,3.0
33.0,6.550104,0.0,4.966467,1.9946822,2.072239,7.5081353,0.592894,5.6216283,5.520312,2.5298133,1.6893334,33.0,4.0
38.0,3.3547719,0.0,6.2076726,7.7699933,6.466412,5.6396956,3.3334436,6.200548,3.0937493,7.181112,1.2231601,38.0,5.0
35.0,0.061751094,0.0,5.0643773,7.528041,1.5842683,1.6933012,5.390424,7.36883,2.927796,4.8946996,5.0240297,35.0,6.0
37.0,5.1579375,0.0,0.9277688,2.7905424,5.2110167,2.0834672,3.3708425,2.211748,0.56195766,7.8052883,3.2830245,37.0,7.0
36.0,6.8975115,0.0,3.248939,4.980339,3.1662066,0.5688048,3.4563062,3.3635132,5.715288,2.1863766,5.7229652,36.0,8.0
36.0,5.486365,0.0,3.5187976,4.2510996,4.1542354,7.245196,1.3514935,1.3395873,6.556179,4.333494,4.358789,36.0,9.0
38.0,3.8087769,0.0,2.1997654,1.2848892,5.446873,0.007852587,1.5125549,2.4375374,2.8320327,2.5923665,6.2561646,38.0,10.0
35.0,4.569709,0.0,3.2123446,2.712322,4.617093,1.721836,2.1480563,3.6593573,2.535517,3.970701,4.7908096,35.0,11.0
32.0,4.844192,0.0,4.6102147,0.76934236,1.9787554,6.81778,5.0906286,4.37506,5.578219,7.7741666,6.0327864,32.0,12.0
37.0,6.8421764,0.0,6.2909093,2.023281,2.556856,1.381002,0.118099615,5.7108254,0.63663787,3.1640456,6.56852,37.0,13.0
34.0,6.066625,0.0,3.8973794,4.352586,3.2260685,2.2217748,3.3292227,4.297224,4.535754,3.5507016,4.849116,34.0,14.0
38.0,4.0300837,0.0,2.2189825,0.23034291,1.5023264,4.420809,0.87087864,3.9460695,0.9294488,0.2360161,2.580287,38.0,15.0
38.0,2.4656436,0.0,6.390802,4.832691,2.5328476,7.1574664,3.9144597,0.042402446,0.20970048,5.2457004,6.299365,38.0,16.0
32.0,4.899825,0.0,5.901822,3.9026167,0.31147894,6.292255,4.91385,5.1362195,5.776235,7.4374166,5.4371834,32.0,17.0
37.0,6.6001754,0.0,2.825074,6.4411798,3.2810216,1.0737071,1.7047008,1.9918883,3.5813677,1.7894142,4.965765,37.0,18.0
33.0,6.623755,0.0,5.50775,7.482754,0.46814817,6.6579328,6.509154,7.3092117,0.36984807,2.5089538,5.9297447,33.0,19.0
34.0,5.7128015,0.0,4.0281153,4.3635736,2.6038938,4.6437035,2.9441442,3.8727775,3.8534753,5.6244206,4.365591,34.0,20.0
34.0,4.2686496,0.0,5.164566,4.2372336,3.017358,5.449048,3.5491538,2.4721634,1.6792651,5.4589214,5.2572417,34.0,21.0
33.0,5.268362,0.0,5.2452893,1.9466709,3.7159455,2.6786637,3.6522455,5.7889743,4.7407594,3.402716,3.99881,33.0,22.0
35.0,2.893525,0.0,4.943721,6.1060057,2.2656975,2.8416314,4.4979978,6.143198,2.690881,5.319039,4.5230904,35.0,23.0
35.0,4.7500644,0.0,4.198962,7.738487,6.7621984,0.80342436,3.9149983,4.0675063,0.45877033,1.6412345,4.0492344,35.0,1.0
38.0,2.2407,0.0,4.8618693,5.620199,7.514525,7.1606174,3.7590215,5.184442,1.8674548,6.0567055,2.157351,38.0,2.0
36.0,4.601562,0.0,1.872761,7.7844734,6.4345,2.1791449,6.291268,2.6391127,3.7918475,6.776623,5.9607854,36.0,3.0
37.0,3.2829976,0.0,4.3340106,4.221945,5.4379144,5.9803815,5.055272,3.9287164,5.23002,4.7728157,5.1793823,37.0,4.0
37.0,6.244532,0.0,1.9184846,0.23176791,6.0845604,7.6093,5.972985,3.4957938,2.6060364,1.7392606,0.84572685,37.0,5.0
33.0,6.6471615,0.0,2.2521865,7.398882,2.182757,6.784641,3.0232322,7.074568,3.660156,4.7457166,6.468215,33.0,6.0
32.0,6.3622794,0.0,2.5595167,2.5701945,7.298759,7.135425,3.3143299,3.9237514,4.3212814,5.826295,5.635741,32.0,7.0
37.0,5.3615146,0.0,1.8124038,6.2970467,0.0058769276,3.8586283,1.9085785,3.2199605,6.791712,3.2265098,6.951079,37.0,8.0
37.0,2.5644536,0.0,6.4030604,3.5562758,7.913384,4.104881,6.262264,3.1459432,6.6221128,2.2182574,0.973685,37.0,9.0
37.0,5.0968857,0.0,6.9038424,6.48433,4.7175317,4.0420656,3.0053382,0.97539294,1.2130816,3.4887106,1.6662824,37.0,10.0
31.0,5.251217,0.0,5.344567,6.0198855,4.237079,4.370783,3.5348682,2.7729552,2.3536677,4.1894207,2.993949,31.0,11.0
34.0,5.147824,0.0,6.3789225,6.9345183,0.11553636,7.302652,4.0416813,3.1439183,4.2786794,3.15422,6.915254,34.0,12.0
34.0,4.9237165,0.0,4.7657948,5.175649,7.807749,5.714087,4.3148513,5.640976,1.5654687,5.2169914,0.20906024,34.0,13.0
31.0,4.910569,0.0,6.9429917,6.638707,3.8477633,0.92999995,5.007364,2.8484037,4.9665623,2.0621624,5.1329455,31.0,14.0
36.0,0.22541587,0.0,4.3674536,1.1669469,2.644004,0.80547845,0.5842484,6.5864825,4.11285,6.0503597,1.7456803,36.0,15.0
34.0,7.4322357,0.0,4.4839363,7.4149613,0.35770103,2.7553422,2.073817,5.22131,0.32594636,2.5325053,1.4725834,34.0,16.0
35.0,1.6994524,0.0,4.5681953,6.797053,6.6831703,0.52144223,4.1239886,4.1299343,5.9549336,6.53667,4.472864,35.0,17.0
32.0,6.418426,0.0,4.372205,4.5863705,4.6712365,5.674191,5.6610055,1.9472889,4.086903,4.690905,1.0759962,32.0,18.0
33.0,4.206159,0.0,5.6933227,5.297082,4.799926,2.7563329,4.457902,4.1705823,3.133053,4.2303987,2.8622212,33.0,19.0
35.0,3.773235,0.0,4.7982326,6.1049404,5.021121,2.528359,4.346056,4.170766,4.3883615,5.3280168,3.8729603,35.0,20.0
33.0,5.0925455,0.0,5.895124,6.5404096,5.668055,5.7487535,6.926984,6.1926003,2.5903962,3.3807225,3.9033837,33.0,21.0
34.0,5.492871,0.0,4.861541,6.4143863,2.1956086,4.587752,2.7422135,5.1510496,2.1803703,3.453248,2.7647498,34.0,22.0
35.0,7.1866474,0.0,6.127319,3.2733603,4.3838735,4.967525,0.051755436,6.3462534,6.5131936,1.0413268,0.8874752,35.0,23.0
40.0,1.5783207,0.0,0.627961,5.657521,3.4348278,6.564218,2.088399,0.28765318,4.247765,5.756885,4.428391,40.0,1.0
38.0,2.0545466,0.0,1.854178,6.9482784,4.6229563,2.0867717,6.4677696,7.661024,4.126531,7.75379,3.8207302,38.0,2.0
38.0,0.94740593,0.0,1.0110853,4.944612,3.2029023,3.564064,2.7540536,2.9108412,4.791535,1.5649505,0.6176674,38.0,3.0
36.0,5.4003577,0.0,2.5585074,0.44988343,3.6673737,2.1980236,6.3143973,6.384041,0.004104107,5.4963183,2.2918012,36.0,4.0
33.0,7.765236,0.0,5.5915384,3.5623784,3.151745,0.6715673,1.3190107,2.1678705,6.7717047,6.1250505,1.728162,33.0,5.0
38.0,3.1903872,0.0,4.8380775,6.2246857,7.893841,4.7135653,0.8888786,3.7750068,5.5060964,4.3663774,1.8644776,38.0,6.0
38.0,2.4681683,0.0,1.329846,2.338829,1.2879285,5.587926,5.0778823,5.3781047,4.145787,1.9261742,4.7633533,38.0,7.0
38.0,3.7404287,0.0,2.9279935,5.3303876,5.6877146,0.2279269,2.7481346,3.3126318,4.0044456,0.3834925,2.478038,38.0,8.0
34.0,6.0462494,0.0,2.662793,3.202451,2.539985,1.3682259,4.960167,1.3397046,0.31004572,2.7881536,1.2830448,34.0,9.0
37.0,5.7835374,0.0,3.1649668,2.6002116,0.92523444,2.62239,6.6235538,3.6903133,0.73117757,4.813276,4.098691,37.0,10.0
38.0,5.5881963,0.0,0.86167294,6.9837427,7.041359,0.2673646,0.074161254,0.2033887,1.6266527,6.707672,6.7370963,38.0,11.0
36.0,6.1495786,0.0,4.4355345,2.3817284,4.5977116,0.6306725,5.9646964,2.3327913,3.6726406,1.3831774,4.2779737,36.0,12.0
37.0,4.331253,0.0,3.8370237,3.9148865,0.55429333,2.8731263,3.7993321,1.8009038,0.9680987,7.1234317,1.9085845,37.0,13.0
32.0,6.230727,0.0,2.6355917,6.6952977,5.7485795,5.0142436,6.8625603,3.5689354,2.8495615,2.0890496,5.161725,32.0,14.0
35.0,3.2590885,0.0,4.337414,5.9790597,4.2192044,4.4817533,2.864595,2.7610838,2.658988,5.0198927,4.075751,35.0,15.0
37.0,4.8028164,0.0,6.1098804,1.3424699,1.6672944,2.8787212,0.8053743,3.6103904,1.5162791,3.2364929,0.0018942178,37.0,16.0
34.0,7.7625256,0.0,1.5313886,1.441752,7.489508,7.0831847,5.9204874,5.081347,2.6882281,4.630346,4.7315865,34.0,17.0
35.0,5.601745,0.0,3.3672826,3.4097574,2.811083,2.856347,5.4303813,3.6803782,2.0184236,4.452813,3.1751783,35.0,18.0
35.0,6.683509,0.0,6.4524927,0.8256797,3.0974054,1.4588865,6.9142027,1.1148231,6.17937,7.3094625,5.4230986,35.0,19.0
34.0,5.077843,0.0,4.2553973,6.1000204,0.36834365,6.5217605,2.0180724,3.4860463,0.8874542,6.935276,2.0284777,34.0,20.0
34.0,5.3359017,0.0,5.0471478,2.528302,3.3822918,3.4429033,2.8840976,3.734099,2.7461352,3.4092255,1.9104545,34.0,21.0
34.0,5.601373,0.0,2.4779577,5.3121476,5.662575,2.0594862,1.833352,1.8039901,1.8899693,5.773756,5.207679,34.0,22.0
34.0,6.77194,0.0,2.384082,2.4986072,7.1700873,0.19927116,4.2831154,1.4022586,3.7315602,6.4426694,1.7900006,34.0,23.0
39.0,1.023014,0.0,6.7066045,1.5470834,4.8336825,6.959147,6.553503,1.2363473,1.5703456,7.9688144,1.7080206,39.0,1.0
39.0,3.2205188,0.0,6.627423,2.4502196,7.5943313,6.968661,2.403755,0.38206097,0.5299698,6.9155846,6.4367485,39.0,2.0
36.0,5.271953,0.0,2.4563413,3.4883833,6.9321713,6.286002,5.191306,6.6759324,3.8036292,3.2477448,5.063041,36.0,3.0
35.0,5.7423673,0.0,1.73291,4.38245,7.370866,4.1959414,4.661571,0.2334736,4.012839,0.5935635,4.398919,35.0,4.0
36.0,0.489266,0.0,5.0168486,7.976982,6.755693,1.013483,6.9059734,3.9392493,4.4599004,7.796689,5.2150536,36.0,5.0
35.0,6.2142787,0.0,6.678507,5.9520745,2.4400096,3.7304494,1.4172248,3.7640193,3.3155513,6.8543186,6.7389336,35.0,6.0
36.0,3.924924,0.0,2.9710355,3.4576354,3.915454,4.752084,2.964562,4.2908735,2.180138,5.751849,2.937569,36.0,7.0
34.0,4.8695354,0.0,4.7141247,3.9633064,3.2066398,4.5108385,2.307588,5.8572545,3.143627,2.7159665,2.14925,34.0,8.0
36.0,6.338186,0.0,2.6446,5.624276,1.2326514,0.042102687,0.54465735,4.659736,0.008892822,1.4903545,1.7349949,36.0,9.0
35.0,7.6032844,0.0,6.5686665,3.9814627,0.22061628,0.55604404,0.38440222,5.5011873,6.3326077,1.5847032,6.670641,35.0,10.0
39.0,2.766325,0.0,4.286297,5.4924335,5.4533954,5.2911034,2.325994,4.972166,3.6340842,3.6247919,4.6637344,39.0,11.0
37.0,2.6918526,0.0,2.447368,0.61063695,3.7632635,3.2046456,2.5530076,5.0231385,4.8845587,6.0839763,2.8043725,37.0,12.0
34.0,6.908606,0.0,5.692306,0.45726836,3.6652443,6.8593388,5.7396116,1.1731834,5.441896,4.532328,2.6155536,34.0,13.0
36.0,7.5515394,0.0,3.2884305,2.1077342,7.1768136,3.0980022,1.2050706,1.9157901,1.8385193,5.088281,6.1581583,36.0,14.0
33.0,7.2304726,0.0,6.296639,3.82398,1.2236036,1.2918049,2.1149323,0.5736084,6.0127683,4.6537166,3.490577,33.0,15.0
36.0,6.5474863,0.0,3.659353,3.2135382,5.2172475,3.367351,2.164172,2.97412,3.1657815,4.5727096,5.029342,36.0,16.0
36.0,6.3366733,0.0,3.5827289,4.546985,2.0715117,1.7696266,1.9013429,3.940504,2.3482118,3.2261333,2.8896222,36.0,17.0
34.0,6.200318,0.0,2.65521,0.41467366,5.7917876,3.5776048,2.0041203,7.9266753,4.157338,0.31846526,6.3158603,34.0,18.0
35.0,7.6433077,0.0,5.231616,7.8366466,4.851634,3.6260095,5.2066765,2.2324886,3.2103176,3.8924553,4.607599,35.0,19.0
33.0,4.929208,0.0,4.584384,4.170555,1.6142464,4.2630544,4.748096,4.4989114,6.043954,3.9284115,2.4213781,33.0,20.0
36.0,5.609179,0.0,0.7270126,5.288138,1.5106122,0.54386014,5.0826225,1.3024297,5.212047,5.851732,3.0106735,36.0,21.0
35.0,6.8807826,0.0,2.9363904,1.1778693,2.9204013,7.318746,1.8216532,5.3513274,6.1738615,1.5849371,0.6093839,35.0,22.0
33.0,7.033936,0.0,4.1575313,2.859249,4.921007,2.8148878,3.5302544,2.4543629,3.1135938,4.930548,3.7723603,33.0,23.0
41.0,2.3307483,0.0,5.493481,5.505155,0.46909615,2.2052891,0.21572472,1.2927336,0.96648574,1.19617,1.3304535,41.0,1.0
34.0,5.720283,0.0,4.5113053,3.1882696,7.3381968,7.038109,1.7550107,4.0048556,3.3145578,5.483256,3.160801,34.0,2.0
38.0,1.734313,0.0,2.5547478,1.179755,3.4892054,1.9971647,2.2691844,7.7469034,6.124577,1.9805486,0.21664175,38.0,3.0
33.0,4.6731095,0.0,1.694156,4.8160634,2.1800745,4.1805944,2.4327161,5.764804,5.594581,5.7909684,3.642943,33.0,4.0
33.0,6.9090333,0.0,5.56326,4.3194337,6.5794597,3.7413597,6.661737,2.4014375,3.2042127,6.036465,2.9319746,33.0,5.0
36.0,6.1684675,0.0,1.495367,6.3767,2.1039388,4.9357038,4.3345985,4.370369,3.1842148,6.155448,4.5837665,36.0,6.0
32.0,6.314351,0.0,5.951716,2.6727033,2.1427646,7.959587,4.0758157,1.4446126,2.427929,6.001115,0.51456195,32.0,7.0
37.0,5.696723,0.0,3.8153846,1.1920887,6.3940897,2.0203793,3.422016,3.7604797,3.73516,5.3973703,0.65873504,37.0,8.0
36.0,3.0822184,0.0,4.9229918,5.173399,4.9806037,5.4308705,4.7344584,2.8164253,5.4597673,5.091907,3.512284,36.0,9.0
34.0,4.329991,0.0,1.9271644,7.0708113,1.1282036,7.3006735,3.588374,7.523953,6.3253613,2.6218567,3.1204815,34.0,10.0
35.0,5.59741,0.0,2.723255,4.234966,6.0406795,2.0670536,1.2719759,0.05934185,1.057609,2.0374665,1.2629153,35.0,11.0
34.0,5.3875546,0.0,3.7152567,7.615175,0.7743582,6.777913,4.6011004,6.104747,4.849751,3.6783018,6.3168736,34.0,12.0
36.0,7.8591795,0.0,4.709829,6.7084146,5.624965,2.245426,5.755248,6.85039,3.4182608,1.7549565,3.899212,36.0,13.0
33.0,7.771491,0.0,1.7817961,6.498398,5.7862873,4.3825235,0.21952523,5.263081,4.7737927,4.4373207,4.842812,33.0,14.0
34.0,7.9225426,0.0,3.7373204,7.3340807,5.6667724,7.523115,3.460559,5.8404627,2.8134851,6.9711204,4.995819,34.0,15.0
39.0,1.160057,0.0,4.2676296,3.1052408,1.6744303,7.277444,5.1617413,1.1893313,4.1235995,0.4618378,4.036313,39.0,16.0
34.0,4.9977684,0.0,4.8087173,3.1822839,5.3224273,7.8597794,5.824976,1.6295997,4.5191092,1.979146,1.030012,34.0,17.0
34.0,6.0641885,0.0,3.399144,4.5949183,5.271206,3.5307858,2.539267,2.2639544,2.5124278,3.2553391,2.2971644,34.0,18.0
34.0,5.9006386,0.0,5.3829837,2.7774386,6.8884974,4.4220996,2.1002522,4.832174,6.2917776,3.7376606,2.5227656,34.0,19.0
35.0,3.803114,0.0,2.5563397,4.3066826,4.3809214,3.8000615,2.6404183,6.249474,2.2361214,6.8402042,6.268631,35.0,20.0
34.0,4.4311385,0.0,5.18491,0.2511472,5.238427,1.2796046,6.52025,1.8641738,6.606501,4.6821117,1.7701735,34.0,21.0
33.0,6.053221,0.0,6.828705,4.137326,2.0807574,2.8914754,5.97575,7.005415,3.980967,2.9741862,3.007134,33.0,22.0
35.0,7.0527544,0.0,5.605647,0.0014218383,2.254153,7.3576097,2.7640457,5.4032245,0.020828733,5.0599637,4.1004024,35.0,23.0
38.0,2.863224,0.0,5.1615667,5.9132614,3.3087132,2.6869862,4.6872044,2.8299007,1.8312346,5.8070617,4.0530415,38.0,1.0
31.0,7.4892645,0.0,6.4332695,3.6725855,2.0171204,2.247893,3.6345353,5.610229,4.103904,6.0067053,3.4666617,31.0,2.0
38.0,3.0721285,0.0,3.9069142,5.8879952,3.7643032,1.9323782,2.6862414,2.7983305,2.4491525,4.986203,5.15702,38.0,3.0
35.0,7.4905634,0.0,3.9293687,1.7934085,5.211882,2.7310448,1.8286997,3.0999012,4.366401,4.267568,2.4696717,35.0,4.0
35.0,5.250244,0.0,2.333788,1.3752438,0.76965296,6.52088,0.5591554,0.7956965,3.285673,2.2571073,4.5157766,35.0,5.0
34.0,6.5901365,0.0,1.9042519,4.41125,2.7805703,0.59188765,2.8595018,2.6853824,2.4637597,1.8323268,3.7355049,34.0,6.0
39.0,0.31017548,0.0,5.948404,1.5211365,4.3882146,4.3649693,0.26057068,5.971299,2.6919832,3.3176465,4.78727,39.0,7.0
33.0,6.4091053,0.0,3.0273387,4.8770905,5.7754574,4.907246,3.020475,5.398041,2.6107273,2.2982714,4.2010574,33.0,8.0
39.0,3.9308646,0.0,3.0735235,4.6092224,0.011223847,2.3604686,5.7907414,0.86783934,2.9680278,6.7328377,1.218923,39.0,9.0
34.0,7.213989,0.0,2.912001,1.591433,4.276675,4.632618,4.232513,3.6960866,4.9899454,3.8937888,2.0488355,34.0,10.0
36.0,6.528178,0.0,2.90603,2.9567506,6.572096,5.1216536,3.9442308,0.73660874,1.8276021,3.3380473,4.1770835,36.0,11.0
34.0,5.226956,0.0,4.1101627,3.1832972,0.602441,2.6894398,4.8214254,4.5506134,5.9019485,1.8926742,1.1993885,34.0,12.0
33.0,4.7594786,0.0,3.1851356,6.3078446,2.802274,2.848022,6.329599,4.9287677,4.124297,4.3649445,4.2970576,33.0,13.0
33.0,7.9246745,0.0,1.1082487,7.320928,4.3867188,0.029057609,2.2683067,5.338739,6.385094,7.84246,0.9072415,33.0,14.0
33.0,6.154616,0.0,3.3617568,4.920248,4.382966,2.8211246,4.3993917,4.14228,5.2164855,5.619753,1.6890154,33.0,15.0
38.0,2.0340748,0.0,3.8100853,4.3023434,6.804412,7.14327,4.3701477,3.7097332,2.2009258,2.506166,1.203385,38.0,16.0
35.0,4.924019,0.0,3.2852762,6.777247,1.1059924,2.0442379,3.1245854,4.191226,6.308309,2.1937158,6.199926,35.0,17.0
37.0,6.6464043,0.0,3.4316235,1.109589,1.3996726,2.4424658,3.2786415,3.3511186,0.039194122,4.2746525,6.109307,37.0,18.0
31.0,5.8660865,0.0,5.4663143,3.3713036,5.427458,7.130272,3.8576343,4.8039136,2.6043475,7.791985,2.8116548,31.0,19.0
35.0,7.3920493,0.0,0.25048336,0.8756501,2.6560519,5.1219497,5.414632,6.5138144,6.2640266,2.5844786,6.6966224,35.0,20.0
35.0,6.0198517,0.0,4.3215127,0.4674423,6.872153,3.0364187,1.1311265,3.560479,0.46502352,4.6590633,4.7373023,35.0,21.0
36.0,5.00512,0.0,3.0025082,7.9609675,4.189239,0.015916748,6.939533,4.646556,3.3760812,7.764588,2.8932853,36.0,22.0
36.0,5.7178254,0.0,3.4988358,6.1365814,3.8805783,1.610813,5.170677,4.607568,3.872414,6.1921344,2.7662024,36.0,23.0
35.0,1.1952139,0.0,4.8359675,2.5419602,0.9243007,7.242964,0.18258773,2.3371665,4.6456633,6.584053,5.6625624,35.0,1.0
32.0,5.5069613,0.0,6.4153976,5.166408,1.4467825,7.931407,2.3914092,3.1823003,5.5210342,7.343781,4.8709035,32.0,2.0
36.0,7.6326256,0.0,1.0463309,6.646043,7.473379,0.028779302,4.3901258,0.112506814,4.156008,0.16841431,1.8276769,36.0,3.0
34.0,6.9795475,0.0,6.5402417,7.551034,6.064967,4.870136,3.125927,2.0228932,3.034636,7.0550165,1.3027622,34.0,4.0
36.0,6.7099967,0.0,0.69002545,3.8386474,6.766026,6.864953,1.345845,2.862475,6.5943584,4.255926,5.8392854,36.0,5.0
36.0,6.168514,0.0,3.4628255,4.833244,2.6135197,4.8927174,3.3869681,3.8639967,2.3488207,3.3369784,5.018563,36.0,6.0
38.0,1.8366473,0.0,4.190256,7.4110093,4.4183316,0.623756,5.5502973,1.7968811,0.944171,5.5944104,0.82571816,38.0,7.0
35.0,5.182297,0.0,0.18105453,4.0781574,5.82171,5.679908,1.0122472,5.710336,4.6941023,3.4949496,4.0665092,35.0,8.0
36.0,2.5338593,0.0,5.43897,3.0791261,4.4931555,6.9271216,0.027193127,7.2820163,4.131418,2.5047894,3.372683,36.0,9.0
32.0,5.6944237,0.0,2.4950907,3.8495164,5.1167526,6.1934843,2.2218864,3.3319154,5.350924,5.1297655,4.7393317,32.0,10.0
36.0,5.929335,0.0,1.9027607,7.02065,2.8321245,2.960592,6.19252,5.0409875,0.7597746,4.1012955,6.3537455,36.0,11.0
34.0,4.4156213,0.0,2.9779859,7.398535,2.6088798,3.0323212,1.3645769,4.446621,3.940091,4.379017,5.069973,34.0,12.0
35.0,5.6866837,0.0,5.888074,1.7570003,2.6531897,4.989538,1.1510832,3.9224546,3.902057,4.259106,1.1788768,35.0,13.0
36.0,4.487088,0.0,1.3072711,2.715985,2.3550994,7.9686017,3.3896441,3.6852396,3.4130352,5.2953763,2.152615,36.0,14.0
32.0,6.5220914,0.0,2.9860208,5.141398,6.115451,2.8654475,3.698275,2.0244048,4.1414886,2.8952563,2.8358507,32.0,15.0
33.0,6.4306602,0.0,6.4146113,6.322217,1.8284209,1.999168,4.617495,4.663642,5.6941543,0.37092626,1.7679745,33.0,16.0
38.0,3.3530061,0.0,4.9120216,5.9250407,1.8288839,6.9858346,4.4591336,2.202445,0.47144756,5.8544736,5.644591,38.0,17.0
33.0,5.63468,0.0,3.1908994,5.3516855,3.1242502,3.9304318,4.5845213,4.5020266,2.255791,4.6530924,4.8491077,33.0,18.0
34.0,5.6933875,0.0,4.8973136,2.878088,3.58611,5.0178924,2.472824,4.0267982,3.7770944,5.010697,2.5143604,34.0,19.0
33.0,4.108943,0.0,4.5133996,3.4403098,2.5347877,3.945141,3.8727384,4.495802,5.08541,5.4167266,3.2929003,33.0,20.0
34.0,4.7491207,0.0,6.844893,5.9258003,2.6861424,5.6595364,5.7075887,6.2780137,3.5663347,7.346282,4.4055905,34.0,21.0
31.0,5.2146335,0.0,4.900729,2.9657097,5.53683,5.7695765,4.1264105,5.2823453,2.7109709,6.3822675,4.226356,31.0,22.0
35.0,4.9674816,0.0,5.614674,7.5446854,2.6665165,5.305109,6.5342145,6.53214,1.9314955,1.7000419,0.79153275,35.0,23.0
37.0,7.8125424,0.0,3.1455002,6.973602,0.7310284,3.2379293,6.391261,2.6014812,3.6491401,1.7360604,0.9026532,37.0,1.0
36.0,0.5300783,0.0,5.035789,1.485159,1.8463515,7.1216187,4.3250265,2.7481282,4.9510307,4.5527334,3.0061946,36.0,2.0
34.0,6.260948,0.0,2.8682427,3.3104582,1.6591234,0.14030924,6.6789737,5.5581574,5.5738597,0.44337866,6.101372,34.0,3.0
39.0,0.47051507,0.0,2.428201,0.27602583,1.4845363,2.2736359,1.3829341,1.6117299,0.9808609,4.8461676,0.8060515,39.0,4.0
35.0,7.2875366,0.0,2.8299243,1.3490437,4.668346,4.782067,2.7575078,4.451878,0.82141584,0.32742694,5.1558433,35.0,5.0
37.0,1.5836831,0.0,5.076335,7.7013774,6.1075363,1.3363395,4.0836806,6.857233,5.9391074,0.42502767,5.2167826,37.0,6.0
34.0,7.053967,0.0,4.352622,0.3766757,2.7249696,3.937888,1.6135439,7.6387424,1.8709273,4.2412505,2.1480505,34.0,7.0
33.0,6.1695437,0.0,2.4409525,2.4352279,1.6275898,5.6362805,3.1687272,1.9916072,2.6135604,6.980839,1.129518,33.0,8.0
34.0,7.053177,0.0,6.2133746,3.1804013,7.5957255,4.855754,6.6571255,4.7150044,3.9813905,7.7776494,4.798482,34.0,9.0
34.0,5.9454985,0.0,4.8031144,2.931572,3.867114,6.041771,6.507748,0.093195334,1.0136384,2.9551277,0.5904454,34.0,10.0
36.0,5.509688,0.0,4.799023,2.4745834,3.0040185,3.846461,4.441518,3.8798997,3.5359907,3.9904974,3.3591824,36.0,11.0
32.0,4.1319027,0.0,2.8626783,3.5915272,2.0552123,5.049599,2.4907758,3.0732005,4.2998176,5.7286167,2.5169723,32.0,12.0
39.0,0.6064158,0.0,4.3987494,6.2264066,2.554476,7.469037,1.321758,5.3539186,0.09322583,4.728353,2.8263845,39.0,13.0
38.0,1.7585552,0.0,1.6484896,3.2748563,4.746465,4.1732445,6.2655888,3.0432966,2.7454276,4.4774957,6.317395,38.0,14.0
37.0,1.5893883,0.0,5.86662,4.735517,2.2419221,0.0494238,1.5491089,1.1302706,4.39807,6.3830757,2.5729103,37.0,15.0
34.0,6.737369,0.0,3.045429,4.9542236,0.5687342,6.5561624,1.3770621,7.3329945,5.570968,4.9897323,0.6986672,34.0,16.0
37.0,3.5942395,0.0,4.2355456,2.1147225,7.1880417,7.4921603,4.537994,6.289711,4.983127,3.7478487,0.20813274,37.0,17.0
32.0,5.3861623,0.0,2.6585548,1.5956961,2.8307061,5.059386,2.329866,1.9200759,6.118183,6.3122063,6.533524,32.0,18.0
35.0,7.0695825,0.0,1.7373914,1.9200809,6.014463,4.3464613,4.458725,3.6874022,5.919758,6.036351,4.0465474,35.0,19.0
37.0,5.478414,0.0,3.547725,7.6023226,4.608394,4.313346,4.6157894,0.7973523,3.702616,0.21125743,0.0638648,37.0,20.0
33.0,6.0682535,0.0,3.153239,4.9279633,4.409518,4.490885,4.404499,2.225536,4.0955586,2.321835,1.8842362,33.0,21.0
32.0,4.6209207,0.0,5.11035,4.940061,7.3324757,2.1398027,6.4186153,1.5018613,2.568074,4.8972354,2.6276577,32.0,22.0
32.0,6.92798,0.0,5.910043,1.293845,6.3834696,6.5509152,5.5624766,6.711938,5.1951046,6.361802,5.4924755,32.0,23.0
39.0,2.5210884,0.0,0.93606263,1.8792348,2.9182618,3.3223095,6.794749,7.1565566,4.7865973,2.9678993,4.2718244,39.0,1.0
38.0,7.0265436,0.0,0.6514972,1.0943483,4.282766,1.00501,0.678672,6.915095,3.0576289,3.1611419,1.2765875,38.0,2.0
40.0,3.0395205,0.0,2.7113998,7.2678685,7.4084406,1.3240334,2.1029584,3.7174911,3.2698946,0.5596588,4.831145,40.0,3.0
38.0,6.206714,0.0,0.866465,6.0826955,3.0761037,6.3101144,2.5712786,0.16888851,1.8150543,0.49623388,6.7103415,38.0,4.0
35.0,0.11346884,0.0,2.573933,5.7982516,1.4054463,2.4799721,6.447444,4.7138076,2.3756022,4.873653,6.5084553,35.0,5.0
40.0,2.6194885,0.0,0.3064384,6.5723157,1.0814165,5.773848,1.1215187,2.312496,4.28771,1.5017126,0.38312563,40.0,6.0
35.0,7.827119,0.0,2.5678153,4.6829114,4.3847404,6.9231133,6.263748,2.4002526,1.545828,0.45164073,6.701382,35.0,7.0
31.0,7.462268,0.0,6.3202915,2.188564,7.882338,7.916801,4.3661957,4.6308374,6.961531,4.65766,4.0617256,31.0,8.0
38.0,2.2090285,0.0,4.2754135,6.8223424,3.2584121,5.271659,1.430753,2.53868,1.9512854,6.3884807,5.411359,38.0,9.0
38.0,2.6484187,0.0,6.665186,3.7053444,3.5092628,6.518931,5.8188095,2.5429525,0.7308804,6.7032886,6.905093,38.0,10.0
37.0,7.1982303,0.0,0.5031124,6.4954877,5.7525296,7.011169,0.8898797,4.448174,3.971648,5.9589934,0.7795369,37.0,11.0
37.0,3.5559583,0.0,4.5782824,3.907961,6.397699,4.7886057,3.1431806,7.2143173,5.3412566,2.7390866,4.3437743,37.0,12.0
34.0,4.335775,0.0,3.7366147,3.7973633,5.713391,4.2767005,2.2864387,2.440195,4.598777,2.9733045,4.926998,34.0,13.0
32.0,6.379956,0.0,6.6187387,6.24666,5.556649,7.457179,5.3482747,3.600671,2.4409714,6.1322565,2.8105025,32.0,14.0
34.0,4.978531,0.0,4.392147,1.9788797,0.93523383,2.7887328,5.8719926,5.9641075,6.731198,3.4351878,5.938354,34.0,15.0
34.0,7.6750236,0.0,5.205645,2.672772,2.3837376,7.816568,5.302629,0.65138036,3.6020339,6.261855,4.2042956,34.0,16.0
34.0,3.4623268,0.0,5.0555034,3.3776474,5.1927514,6.5545835,4.8460355,4.7160397,4.9255276,4.91799,5.1246204,34.0,17.0
33.0,6.357375,0.0,2.6748245,4.9732256,4.6052113,6.46373,2.3710184,4.2764516,3.8101916,5.252064,2.5712035,33.0,18.0
40.0,1.5557965,0.0,3.7729065,2.0321035,3.6328237,0.657788,2.824654,7.6053457,3.378645,2.2902308,2.2516787,40.0,19.0
31.0,5.6854997,0.0,4.764155,2.9090722,4.252629,6.477863,4.9764967,5.415212,4.00375,2.8489823,3.0326526,31.0,20.0
35.0,6.4268813,0.0,2.8476305,4.104788,0.8025619,6.0325365,4.0723634,4.446973,0.15831737,3.2862134,3.679842,35.0,21.0
32.0,7.272173,0.0,4.95647,2.3439713,5.6688337,5.95201,2.904921,7.784783,0.70463043,6.1436357,5.22084,32.0,22.0
36.0,4.303677,0.0,6.606454,3.7012775,7.0752482,1.2115287,2.7695398,5.0541377,3.8519337,0.15503192,0.25104904,36.0,23.0
