id,lat,lon
1,42.25428085111,3.07216058211613
2,42.2438402552367,2.97448587690088
3,42.2379549443411,2.96920966769659
4,42.2922222120075,3.00880656822616
5,42.3157290953762,2.91808273053578
6,42.3346321003961,2.85990498513753
7,42.268221355888,2.1594285114463
8,42.3404806502905,2.83345627634252
9,42.2686257498346,2.5951144444731
10,42.2995834047169,2.35891077896533
11,42.312692335764,2.36494334256715
12,42.3112877702839,2.14828638864155
13,42.318481996374,2.34814842957694
14,42.3168578203542,2.7815477763095
15,42.3136150039768,2.1103803252985
16,42.2843385694804,3.09420508058143
17,42.3620847670728,3.1445662262028
18,42.3006891270493,3.08630372518111
19,42.4046040053179,2.87650907824979
20,42.3456190349046,2.40955620701351
21,42.2522600704867,2.86272730550647
22,42.4301636531227,3.0282396705048
23,42.2627109269124,2.41814816525106
24,42.2459527679518,2.65949016003048
25,42.3123498806164,1.98328376477458
26,42.3264339167208,2.58020351697738
27,42.3627418379564,2.85807954915391
28,42.35297024924,3.11017208487119
29,42.0352152103252,3.12540690515184
30,42.0568538151772,2.96491100466579
31,42.062049742494,2.90437231360905
32,42.0273146133428,2.83164559342454
33,42.0122639783416,2.82291882796223
34,42.2457574383791,3.10382624758024
35,42.1686536262056,3.03163827204398
36,42.1680020974568,2.97803154772487
37,42.1770940351677,2.87958944755373
38,42.1698908396193,2.86905727727763
39,42.0366939022347,2.24053721372169
40,42.1776344548697,2.79872719017978
41,42.1828358628031,2.78288872571027
42,42.0425949882818,2.2430981057493
43,42.1900070028803,2.77231501702837
44,42.0485075309604,2.24741360162669
45,42.0758893506149,2.23568248872699
46,42.2021935472205,2.6746727368408
47,42.2111038495527,2.59812018320084
48,42.1384814282643,2.21033566544796
49,42.1501938389682,2.2022832510214
50,42.2220416154924,2.55055566690082
51,42.1665308611572,2.20119926243212
52,42.1723652063529,2.19409508839919
53,42.215992135585,2.51014360957051
54,42.2169465208736,2.21199719255789
55,42.2144719984536,2.46266592799976
56,42.2055610255722,2.17344928187582
57,42.0346144240512,3.05963421924595
58,42.189471242324,2.84264415961123
59,42.2202592296502,2.44238804769379
60,42.2145796433819,2.66229705230223
61,42.226426447887,2.26113665279084
62,42.2209438362018,2.60773256623826
63,42.2284995997459,2.27870497598148
64,42.2333683914156,2.60853533549564
65,42.2499561176345,2.1649506033374
66,42.2477361029144,2.60404702851948
67,42.2407252345334,2.6603980686843
68,42.2480167479691,2.082266234584
69,42.2183903301081,2.80739272894927
70,42.1762064726653,2.73896609010018
71,42.1696483378007,2.73020490249367
72,42.049928711346,2.26493995324718
73,42.2002563836436,2.49971432760147
74,42.2359912060548,2.96129299764674
75,42.1799550537493,2.49196379134661
76,42.2242158707047,2.94370873993907
77,42.1753631060985,2.48848497798693
78,42.0809336661906,2.8367694742087
79,42.0710787835666,2.30154879230516
80,42.2119578525695,2.48467220928598
81,42.2028327358729,2.49090127728448
82,42.1470725574783,2.45005878816668
83,42.0528743734494,2.88070155656419
84,42.142445230928,2.43955760504259
85,42.0106820041298,2.50558568694668
86,42.0692684843863,2.94560070178583
87,42.0959956815906,2.85516462084437
88,42.1813558447946,2.70554377396624
89,42.0178470900562,2.36700865092537
90,42.1248320178332,2.44761659934733
91,42.2110771844863,2.86721346368384
92,42.1556168544915,2.62307278833557
93,42.146835376527,2.40262204794998
94,42.0270238903873,2.37130183925658
95,42.0822244617233,2.82535725644511
96,42.011800049991,2.33813968503568
97,42.1447812969156,2.38507201402745
98,42.0765170521084,2.33659011134512
99,42.0164217242093,2.47310333740434
100,42.0228415932707,2.93248841890409
101,42.1429564158271,2.55638609187361
102,42.193412939453,2.31414142100592
103,42.0428461375622,2.39570359617715
104,42.12069174161,2.76553822384049
105,42.1359001658198,2.31752547116344
106,42.0333383922154,2.45895464964809
107,42.0049666054058,2.19007550297114
108,42.0908502550159,2.37122043873525
109,42.0738233666677,2.60249735436378
110,42.1185416574307,2.68034678971229
111,42.1180253002231,2.18336878912104
112,42.1026984783635,2.23623845718023
113,42.1081613061211,2.84140947904093
114,42.1758951811913,2.67677093392176
115,41.9840761691674,2.78006026103654
116,41.9853562327918,2.28934250545871
117,41.9879276533792,2.28230346414082
118,41.98403761814,2.76078270924926
119,41.9908143388255,2.22355598141871
120,42.0214804907105,2.59142551415363
121,42.003702247031,2.19622717700542
122,42.0167276852596,2.76066023936434
123,42.0056901173733,2.41709258079265
124,41.9900346477836,2.8229804510622
125,41.9749997982619,2.82477436007452
126,41.9717475798981,2.83617244726018
127,41.9665280950152,2.84406998935898
128,41.9608084382474,2.6303546314266
129,41.9840541365877,2.29023323829041
130,41.9645288447188,2.42272385312762
131,41.8060817462256,2.70988993156838
132,41.7645015926387,2.58345407065496
133,41.7703732203517,2.57992271688693
134,41.9063359885117,2.81621028974411
135,41.9646660811657,3.03854509973735
136,41.8116671283168,3.05156182806519
137,41.8984902099376,2.81623278758173
138,41.8978405655041,2.81885988803881
139,41.8919548396196,2.81800151894725
140,41.9515928929737,3.02802744719422
141,41.8123245468505,3.0428232064636
142,41.8886642100401,2.80488654842522
143,41.838054411782,2.6852661980162
144,41.85955537302,2.658924109444
145,41.8821061625139,2.79353326191065
146,41.8146105951966,2.5228274882457
147,41.9749746450623,2.80900400949527
148,41.8658846204542,2.88104981314035
149,41.8864614614197,2.26244225645551
150,41.9475615886585,2.83973742114273
151,41.9022479176598,2.73220864640286
152,41.9545142442354,2.2712924528248
153,41.8632559991271,3.13119257910177
154,41.7925553965585,2.80692557619821
155,41.8720673502023,2.26085832102084
156,41.9664188373473,2.29305705652364
157,41.8280061798263,2.93531589449689
158,41.7891475556045,2.73704786000425
159,41.9636942906816,3.09395557889885
160,41.9221995563625,2.71355626754345
161,41.9626244970246,3.14103183986713
162,41.7984718565823,2.82700352093776
163,41.9336225242043,2.18579129910216
164,41.7741190807545,2.39386576705551
165,41.8735593177473,2.4051735518681
166,41.8466028866905,2.51209729883957
167,41.9650612625335,2.39906720672031
168,41.9699415319124,2.23081798121146
169,41.7835411241483,2.92749888860811
170,41.9455996499422,2.30992589511918
171,41.7839944081431,2.40687563523037
172,41.7643332936186,2.75112139871155
173,41.7997700380512,2.42333122752764
174,41.8060139734912,2.89951102902527
175,41.8224899787544,2.44288238517373
176,41.8336003448977,2.39068229495481
177,41.8053730502636,2.68892147069637
178,41.845482473377,2.29613873237457
179,41.8994770344884,2.49244285409249
180,41.9055770571483,3.16260237154887
181,41.9375846236543,2.79160316814856
182,41.949366735032,2.86099817977579
183,41.9731614725757,2.95062493438968
184,41.774589834859,2.66985543973754
185,41.5463692575546,2.24717357853882
186,41.5509855995667,2.2532126594142
187,41.6150066507186,2.24463348749154
188,41.630697688044,2.24445033343066
189,41.6218172200447,2.28724914767573
190,41.6804290512936,2.4889350941304
191,41.6578137840847,2.29295508972173
192,41.6842203609221,2.46012331861168
193,41.7165425304816,2.5244262022161
194,41.7184969415799,2.17623006331431
195,41.719798729757,2.27220503582739
196,41.7265384356214,2.5723536465902
197,41.7276024723205,2.5112532109331
198,41.7245653581608,2.42051331823011
199,41.7375836458989,2.40904865943638
200,41.7410882664611,2.61939620135074
201,41.7382974074993,2.56965692075815
202,41.7460514728869,2.40285994213881
203,41.7395653354773,2.55917335759075
204,41.748456564315,2.16013247697817
205,41.7525621275586,2.39756101240007
206,41.7567328403335,2.60533325475168
207,41.7668898242145,2.52492785628594
208,41.7438606288583,2.49105134638213
209,41.54714125785,2.26544146026549
210,41.5557451856333,2.28188243588298
211,41.5886736233789,2.32070743066577
212,41.6085836860587,2.08093247487324
213,41.6242668323172,2.37087309033443
214,41.6099760473036,2.17848335828719
215,41.6189809904632,2.07294328393069
216,41.6392639470194,2.15980868853213
217,41.6030921433932,2.60888413381876
218,41.538468604207,2.06191120159527
219,41.593064595534,2.40514302546572
220,41.6849886895415,2.35545479197214
221,41.7305788628473,2.92494005286861
222,41.6738517704304,2.48026677470114
223,41.5862694222091,2.15527104216091
224,41.5508617996136,2.0582505617221
225,41.5983664056083,2.41903061214551
226,41.5716161876602,2.20944241726677
227,41.5352549166515,2.1533246767745
228,41.60703488028,2.13409316155769
229,41.7084811737024,2.34736767973366
230,41.6835683479408,2.0554457444392
231,41.623300033135,2.12341942670096
232,41.5925515589805,2.03935529218644
233,41.5900546047097,2.2037658397278
234,41.6298244595889,2.12158817511319
235,41.6932160602427,2.57868052227662
236,41.6571500293579,2.32609099637511
237,41.4878031912291,2.19220205072429
238,41.4877602846979,2.18611588362622
239,41.5023174811265,2.12070444788991
240,41.5120305140484,2.10839509413079
241,41.4815990720236,2.14793737647984
242,41.4746902556902,2.09934415237406
243,41.7712136841478,2.46725466728388
244,41.7809467557693,2.45145139506869
245,41.4616205252874,2.18818118009578
246,41.472600379613,2.08651964275832
247,41.5256237061763,2.09080783612605
248,41.5682353132723,2.10501089945436
249,41.6013573452546,2.07667977911655
250,41.6443429576246,2.05601888438268
251,41.6737763430579,2.05733297545145
252,41.5210170794453,2.17351967572791
253,41.4923858968093,2.19301470824197
254,41.5318117869493,2.22123880503385
255,41.543014051527,2.23415844945097
256,41.5224971453342,2.19786065887852
257,41.5746466624324,2.17544842968807
258,41.6431546750488,2.1554000746359
259,41.5862453509504,2.24583967672977
260,41.6522035353506,2.23373821086256
261,41.6924880088928,2.19662446363875
262,41.7035593606194,2.19037964497859
263,41.7307664864926,2.15512616868875
264,41.5657071944309,2.30701882903213
265,41.5985823560184,2.33802389471144
266,41.6163634179142,2.36049480584829
267,41.6555772991622,2.35749168616687
268,41.6321973412014,2.38648247157852
269,41.6467532322208,2.41946778793794
270,41.6604478596806,2.41236998218904
271,41.5681649462323,2.3949241605083
272,41.6031098010031,2.45296022976646
273,41.6142043965786,2.60794577904761
274,41.707994461177,2.7050963365312
275,41.7719070550203,2.64716172398797
276,41.8048647634052,2.74834316846645
277,41.8258583668618,2.78322489789588
278,41.8100734785117,2.53247385169914
279,41.81971374337,2.49307320621089
280,41.730609639591,2.61422123562202
281,41.7273018755607,2.60289515269752
282,41.7356590885028,2.56356442931012
283,41.7159630862921,2.54275517794611
284,41.6975343343497,2.51322564278903
285,41.6843789426066,2.49500908052888
286,41.6796842920915,2.46888236896574
287,41.7623136772796,2.38699104155115
288,41.662740802204,2.48122801761123
289,41.7416724399629,2.89699253765828
290,41.8260513352433,2.94842938487512
291,41.8476298114267,3.0463443235872
292,41.8637266498081,3.00909230049564
293,41.9443032611783,3.15237574591174
294,41.9848994551874,3.09726745086458
295,41.9979108130612,3.15600935805164
296,42.0101465601145,3.00659067646732
297,41.9810155459219,3.02278303988354
298,42.0732041169946,2.99649144348189
299,42.0849706029066,2.97893786217392
300,42.0673178831136,2.97806629476789
301,42.0967073044497,2.91222053936509
302,42.0542345598246,2.95350854283878
303,42.0587928162454,2.92016834820327
304,42.0535402812576,2.89298130142281
305,42.0502573375045,2.87895211662015
306,42.0554523994294,2.84911609635098
307,42.1050483921878,2.79017771042217
308,41.9900291890439,2.81947510278784
309,41.9860604297285,2.79232143873013
310,41.9396873556435,2.82049281035418
311,41.9082917748107,2.81270379198413
312,41.9175248769685,2.87044978570859
313,41.873671823568,2.8337988880093
314,41.8711311981006,2.89765967672775
315,41.8449365250016,2.85835530580663
316,41.8168630346887,2.89687214206233
317,41.8762504874419,2.81017301835255
318,41.8351001481172,2.83652138757337
319,41.8859382495882,2.74802526082255
320,41.9501180866549,2.80207187658934
321,41.9722654845228,2.75907456856439
322,41.9918473424003,2.74410252742984
323,42.0562507668681,2.6262926806842
324,41.9709391568993,2.75031877925937
325,41.9740220576534,2.67583648310456
326,41.9668203115957,2.67236890817361
327,41.975180635144,2.62676699340031
328,41.9849818553106,2.62495721365582
329,41.9509348526127,2.61026820035822
330,42.0377678754374,2.57553530094166
331,42.0702501360226,2.52267250139325
332,42.0982498402478,2.49612778344735
333,41.9014576693784,2.49680279632955
334,41.9323952309416,2.40375166231868
335,41.8511249133391,2.36690620728777
336,41.9711069808636,2.311402791748
337,41.9558384096913,2.27390496341819
338,41.8778488226923,2.24504532357413
339,41.8634255960681,2.2390928104616
340,42.0086289424051,2.24788384625032
341,42.0946879074169,2.313578635906
342,42.0967619951782,2.22840948657377
343,42.1123140567915,2.20802652732696
344,42.1870882019174,2.24401392771497
345,42.1887390473093,2.19828248758621
346,42.1688055319827,2.15371568926521
347,42.2212247642231,2.16972692012359
348,42.2352121455484,2.11676065779025
349,42.2996569981088,2.16693602429649
350,42.3539397149386,2.16974494355426
351,42.3869836757697,2.22045594424738
352,42.3192907279195,2.0054751676069
353,42.2217357154793,2.24360073143741
354,42.2390251673908,2.28914236864803
355,42.2536868269984,2.33561645566551
356,42.3814679286127,2.3889399600415
357,42.3907373906302,2.29536988345263
358,42.0881059255826,2.82358574656272
359,42.1614588855316,2.95870234791593
360,42.166012464731,2.91651862571711
361,42.1679549254198,2.89366746251094
362,42.1750743345376,2.83301205247162
363,42.1867148528222,2.76089915693102
364,42.1602714744901,2.64764833541587
365,42.1276850014449,2.68295835274106
366,42.154910034359,2.60726199722795
367,42.2009668815022,2.70457348840329
368,42.2111493031873,2.61131073316579
369,42.2993336028586,2.58963408440689
370,42.2641529371407,2.46136412989699
371,42.2971817481222,2.53945472116016
372,42.2988869751225,2.43613454185015
373,42.21755585611,2.57433337302611
374,42.2473871524466,2.51335266700189
375,42.1098039003574,2.44950306690159
376,42.0928519002897,2.45930494627945
377,42.1867416329008,2.40752076440326
378,42.2160257156732,2.38174294300878
379,42.2758700728364,3.04313562091278
380,42.2438175517874,2.92345488944334
381,42.279065477776,2.84509345904643
382,42.3094925670485,2.70406654260394
383,42.3039901260117,3.0088082080787
384,42.4314639957421,2.95058337651593
385,42.3751999177332,2.89155519793988
386,42.3921329570457,2.83684743952094
387,42.4346586322275,2.86056492566028
388,42.2823543510033,3.11885278215343
389,42.3116359880422,3.21403299879191
390,41.4505910627842,2.20048515424781
391,41.4747088260805,2.18975659266689
392,41.524671425682,2.13693225895934
393,41.6969873947124,2.28380274776436
394,41.7472020341304,2.26316538400237
395,41.7648485100888,2.26209024812962
396,41.7940858585635,2.69001023845582
397,41.8132868953046,2.71510098159718
398,41.669223233843,2.46896836197463
399,41.9803566105239,3.04118318676957
400,41.9365549674637,3.02889647087954
401,42.1011413611483,2.79896928224023
402,41.8779897200428,2.1706856914509
403,41.9286004001605,2.20855205659857
404,42.3067141680486,2.24181071646855
405,42.3160059610879,2.16760125833464
406,42.3687116068513,2.97884333248741
407,42.3717253723944,3.0079360383176
408,42.3327556128048,3.01321763736706
409,42.3870079281035,3.0502663596138
410,42.1556007509949,2.45613528308193
411,42.2158203648914,2.47144902078834
412,41.6943402509085,2.73656204739204
413,41.7028176986644,2.72693072433005
414,41.8658799246718,2.59329236271372
415,41.7319548192926,2.62555987942383
416,41.723262825893,2.57062995840778
417,41.7047593220321,2.52102323022088
418,41.8567645164357,3.08045718171463
419,42.030660454269,3.10347547726683
420,41.9289722347116,3.0544124233852
421,41.8733049610245,2.35793998154843
422,41.9204796289464,2.26555215539482
423,42.1306063733909,2.20604215270925
424,42.2105394711837,2.62450518530912
425,42.216055005915,2.52509387998133
426,42.2379522453484,2.9604120359291
427,42.2752222980027,2.97799434856716
428,42.3299479624035,2.789431879426
429,42.3756276748871,2.74784030468143
430,41.7862808062208,2.24000571473667
431,42.0074467939871,3.18730078834895
432,42.0253681554176,3.15783011959326
433,42.1797444872283,3.07998637840646
434,42.2085065357201,3.08617813486126
435,41.9841239972521,2.30162375443418
436,41.9830995236436,2.3498281378378
437,41.9848271622524,2.58026846856018
438,41.9800463916372,2.52772777191883
439,41.943096409283,3.00875836232393
440,42.2114051108787,3.06936905342002
441,42.0248008868613,3.07102368935057
442,41.9895096138877,3.0420654200232
443,42.3131205233564,3.07222775758674
444,42.3484376514033,3.0458291071426
445,42.2009847802775,2.71160739854764
446,42.0293589585208,3.09645831735557
447,41.7264384648906,2.33796792564015
448,41.6908169516786,2.09514813515892
449,42.1215437797197,2.32207028485421
450,42.063560879499,2.24986787727985
451,41.9931795712537,2.28574997239525
452,41.7753639169871,2.51875145928555
453,41.827464854338,2.47203326022485
454,41.8606904584375,2.92395032814703
455,42.3169786695421,2.58775773859929
456,42.294836007838,3.01937358743737
457,41.651642091177,2.66089485434578
458,41.666285808716,2.76457839997846
459,41.8182150677056,2.97902549629718
460,41.8926496137409,3.15400293520561
461,41.9362421649663,2.27675408491952
462,41.7776593120456,2.93187273387311
463,41.4826638598352,2.11575345010468
464,41.5185277583616,2.10308629152521
465,41.5048928898877,2.20503604114105
466,41.5805063158914,2.08568455750244
467,41.6332860751698,2.06315206244049
468,41.6632588369194,2.05051134443851
469,41.6855367749384,2.05628913597001
470,41.5430488995197,2.14626086585327
471,41.5837871799499,2.17359051723367
472,41.647064510606,2.15360567603272
473,41.6441337513502,2.11180595502895
474,41.5463919948397,2.25065457624308
475,41.5694093670901,2.2712836315783
476,41.669090332892,2.21697063978222
477,41.7146673822515,2.18936767333074
478,41.6636656461092,2.28765970935551
479,41.8076112664085,2.30441802749939
480,41.7927895585058,2.23556062694416
481,41.793329926915,2.23482562031945
482,41.5932810354152,2.32588480617215
483,41.6058191324277,2.34578996835741
484,41.632892745152,2.39431920800765
485,41.6699609962799,2.35734867944414
486,41.7202196630155,2.34201296431938
487,41.5727233027251,2.39139893488284
488,41.5996784423008,2.41988987936567
489,41.6224624215475,2.57042797313833
490,41.6535116990736,2.65663192661912
491,41.6865291339488,2.75229368425328
492,41.7393486016622,2.6936049290822
493,41.7165053832589,2.70942050479845
494,41.798609762453,2.61468740923211
495,41.824171621126,2.63382671924797
496,41.8523915998188,2.66858121211366
497,41.8668965477543,2.55939641677588
498,41.7599807767811,2.59920094071215
499,41.7285821067119,2.59503227950273
500,41.7526078340788,2.55035311626327
501,41.6755975270863,2.58838810584834
502,41.768614607748,2.47076944009216
503,41.6922815034345,2.50803154069838
504,41.6478179676411,2.50749827525461
505,41.7771690581357,2.35365919845135
506,41.7886068536414,2.41382182010506
507,41.7599790197918,2.89609006319012
508,41.7659565989149,2.9291698122574
509,41.8188426691059,2.91959305448426
510,41.8070980555848,3.02971206782891
511,41.897222780133,3.15663913474066
512,41.977089051552,3.03680026220935
513,41.9411307312757,2.96760153508798
514,41.927483282937,2.93534444177901
515,42.0790098149296,2.8657340235781
516,42.0410863994172,2.86318276333314
517,42.0881139000831,2.82885186185117
518,42.0716373355275,2.75606675642186
519,42.0972423538829,2.8130266420773
520,41.8710615576265,2.83730450613792
521,41.8768359697139,2.77255520478887
522,42.017614327066,2.7594646213314
523,42.0387241344722,2.71866587657077
524,42.0621059396287,2.61748505113026
525,42.0958527918283,2.58146035197057
526,42.0153416143242,2.72559792528566
527,41.9708976720275,2.73192130187844
528,41.962213233361,2.66188100916125
529,41.9502171542388,2.5918809085571
530,41.898772398896,2.48107228106291
531,41.8961900465475,2.47591824052367
532,41.9855619920445,2.60304686103792
533,42.053365202938,2.55086961940361
534,42.025538102106,2.46513664567374
535,41.8975960957264,2.3760732028174
536,41.826431757881,2.39512077934073
537,42.029648540713,2.37302973592022
538,41.9776288108248,2.30870404174913
539,41.8708236466733,2.17427713341911
540,42.0280860503429,2.1496139647186
541,42.0446479093983,2.25710707577099
542,42.0870969661492,2.3575439699171
543,42.1112049822222,2.2738903759434
544,42.1091589335786,2.14851659573264
545,42.1628043366852,2.13797886308491
546,42.1950076957777,2.25534862580735
547,42.1978479583012,2.19201296607834
548,42.2459920343263,2.0743768084001
549,42.4276642223514,2.25672583370841
550,42.3819922935617,2.36512717818311
551,42.178442706407,3.07119535878528
552,42.164711515843,2.92618656201721
553,42.2031791858854,2.82766238304117
554,42.1404560719771,2.58714789350221
555,42.1963509911854,2.68964884533663
556,42.2846016617522,2.66536575523048
557,42.3081256314062,2.49886106177989
558,42.3074330592724,2.49005928669577
559,42.218786535824,2.55409672899081
560,42.1885342139095,2.51035566369207
561,42.190517936422,2.39971587432804
562,42.0870008544422,2.466375999893
563,42.3078974588187,2.94011129874254
564,42.3386778653332,2.66769791489445
565,42.3859936308612,2.70811663219362
566,42.3735836764297,2.81968613597064
567,42.389574901964,2.88359356081787
568,42.3928369503124,2.83092082657093
569,42.4112074556693,3.01235191625508
570,42.3988768150558,3.05366529470012
571,42.4420002209203,2.93744732906958
572,42.2856311555632,3.11093510520573
573,42.3490906020458,3.04782845428746
574,42.3599401626057,3.0984121548292
575,42.2977154484733,3.23372164836858
576,41.7458190848782,2.66912986222267
577,41.7425141179085,2.65692530587365
578,41.7332596190329,2.624679461345
579,42.2791392764797,3.04225751454942
580,41.8446816107782,2.27254012910484
581,42.0051918288516,2.93776637731115
582,41.9505413945002,2.26345557272511
583,41.8032561355448,2.34203787905485
584,41.658286119135,2.11870427250618
585,41.7781684950498,2.44427497338672
586,41.8021604370026,2.41445988706117
587,41.7746625564942,2.46384386631723
588,41.802617332381,2.34466574392763
589,42.003741844964,3.16597679418438
590,41.9975414857556,3.15581830764092
591,42.0098096934817,3.17384234030137
592,42.3838196350174,2.94033295919673
593,42.336000760151,2.9251054552823
594,41.7419086169387,2.67351472662402
595,41.73953997,2.67714835
596,41.8001884771125,2.70642151897201
597,41.7991556933639,2.74394546336486
598,41.7859407932749,2.76588829819534
599,41.7746292444461,2.78776449363179
600,41.7859848309772,2.78860060386625
601,42.21348942,3.05256758
602,42.187414528643,3.03862153571831
603,42.2229201776544,2.97889207435069
604,42.2104721981379,3.0053334489583
605,42.2791927686626,2.87763458530441
606,42.2769056278218,2.7465245407537
607,42.2458081633317,1.97583517876305
608,42.2595510135589,1.97737289392022
609,42.2677794028154,1.81352976230609
610,42.2713877133824,1.78353496429877
611,42.2681558462883,1.8504896493774
612,42.072860623286,1.8689375521904
613,42.0847214447314,1.87838076344061
614,42.1056646254142,1.88064538361424
615,42.0123170513621,1.65085460227446
616,42.1361376785546,1.6728224195172
617,42.0640969449501,1.66204139829384
618,42.0075533541171,1.87623120587532
619,42.1297801512736,1.94169827098289
620,42.0295846813675,1.99597417759007
621,42.0184928855269,1.85850432289411
622,42.1405001292932,1.5998251225095
623,42.114325239717,1.709276823216
624,42.1408683693563,1.93887842081501
625,42.0423264118103,1.88877423624527
626,42.1433892510509,2.00120546329242
627,42.2251687319183,1.74132406819368
628,42.0594983044863,1.84022458232227
629,42.1078871283308,1.84109876241987
630,42.1821249166541,1.58220664990152
631,42.0243643800618,2.07496827929392
632,42.0502803981963,1.90003857365305
633,42.0672170276835,1.89360451924534
634,42.1549582111518,2.00541655930428
635,41.76009668327,1.91112108564414
636,41.7623194137243,2.01237697933334
637,41.782960126617,1.90898731610337
638,41.7875111985091,1.90628947058917
639,41.7992363222431,1.90172150928103
640,41.8591744856863,1.87970760166816
641,41.9062490788064,1.87976008010124
642,41.9402495330536,1.88004075251578
643,41.9527037297761,1.88332597856911
644,41.7522254309436,1.77854615700726
645,41.8030631368126,1.76360073500255
646,41.7876105121813,1.91677051738625
647,41.9206504704813,1.69568050945688
648,41.9357248255146,1.88537340353512
649,41.9323195453139,1.87142417580169
650,41.9406322663132,1.67075540775584
651,41.9712717536932,1.66311000136635
652,41.9710630993437,1.53871480907342
653,41.9715387617697,2.09150241099227
654,41.9993660750857,2.0560483877263
655,41.9976133836152,1.51882632194498
656,41.8743376945344,2.03777131944464
657,41.7984893956569,1.96202023233853
658,41.932592380033,2.04565160279975
659,41.8442721343477,1.70597640655329
660,41.8148480323904,2.03866233169625
661,41.8108423736171,2.10950666063591
662,41.7876887956655,1.8573670180846
663,41.8327018630188,1.72369285840465
664,41.8144434060823,2.0078897744651
665,41.7811903391315,1.79721289354846
666,41.8592271920388,1.69867867992161
667,41.8964077740004,2.09869340269482
668,41.8344946345622,1.89674789391929
669,41.8991268667743,1.76602815652043
670,41.8933361420485,1.89661077575303
671,41.5465878071543,1.87380691945225
672,41.5603756962723,1.87966098607968
673,41.5862933201329,1.85570033824718
674,41.5947830488909,1.85467943223069
675,41.6392446845704,1.85476401131831
676,41.6536784524223,1.85973882551414
677,41.6943293387548,1.87123320351212
678,41.5250060792284,1.87331125304052
679,41.5243267462957,1.87071301492624
680,41.6810126667305,1.84704673828226
681,41.6960304776621,1.84503389958704
682,41.7045126339898,1.84313920766297
683,41.7336161417946,1.81206618017836
684,41.7031332547611,1.83618264839768
685,41.7016836502766,1.82225048693477
686,41.7062595676913,1.82216696904704
687,41.516632983641,1.69947616497998
688,41.5413745035487,1.69027819749836
689,41.5511301668088,1.68572947169012
690,41.7313636884821,1.72395555939941
691,41.5417076758395,1.66242400898898
692,41.535682229289,1.65036605384714
693,41.5334327146674,1.6260494448728
694,41.7433920107169,1.87386607645317
695,41.7596055865196,1.86048492964228
696,41.556249817793,1.6760510306322
697,41.5634001770845,1.67242296293242
698,41.5664050252073,1.64972677599509
699,41.580266236156,1.60590058027551
700,41.5874866062542,1.55523629012186
701,41.59907623052,1.54104180937167
702,41.613311995441,1.52939554415174
703,41.688654176467,1.82684927798108
704,41.5368998675291,1.95577175659126
705,41.5806213651031,1.63549855655624
706,41.6861656052044,1.77630786777665
707,41.704186353587,1.8762953793053
708,41.5500614299307,1.96513388348102
709,41.6866792632422,1.76321529943708
710,41.5625373856139,1.97102850334256
711,41.609424054477,1.63837626173601
712,41.6415225965233,1.88697225309474
713,41.5528658502095,1.78404786359421
714,41.6728387052053,1.75301629581834
715,41.6463133361711,1.84243576987168
716,41.6536432711201,1.73159309916377
717,41.5731799105457,1.9194903091982
718,41.5788099618426,1.76440509296338
719,41.5320204324704,1.79139922662724
720,41.5301393095786,1.40198203403622
721,41.5821067681612,1.44124253720549
722,41.5985939362433,1.70330823939373
723,41.6390251847005,1.89921693473415
724,41.6390750701332,1.99444034911099
725,41.3133301788234,2.11804575296987
726,41.3270134346594,2.11178955108174
727,41.4436613210492,1.98507393246174
728,41.4677115185538,1.96905234408853
729,41.4791622292816,1.93409462520656
730,41.4947550843164,1.92340363663409
731,41.5025592780705,1.91892577911281
732,41.511041619111,1.91704499106719
733,41.4778062701781,1.92890051937134
734,41.4684905674186,1.91166862339089
735,41.460421191363,1.88833640013235
736,41.4503944901211,1.86591310281255
737,41.4443729377907,1.85211495614298
738,41.4304168806101,1.82977332191514
739,41.4327185173529,1.7993246457814
740,41.4437225720834,1.78869466939931
741,41.4430322021397,1.78523183961265
742,41.4507847790035,1.77639699986734
743,41.4598254369108,1.76579736495248
744,41.4946606832063,1.72252555159961
745,41.3101841924467,1.35499841981573
746,41.4489829916151,1.99541904507807
747,41.5022588718066,2.03199386910807
748,41.5075036613754,2.0336553210187
749,41.5216792575191,1.80290129336039
750,41.3193258645873,1.18045220333833
751,41.2982800468758,1.64573564041249
752,41.2918154593284,1.5973229874098
753,41.4423601168841,1.78350655841971
754,41.4419020583864,1.74093894333428
755,41.3135280712839,1.66363101956613
756,41.4438155666181,1.73655731980769
757,41.3880473114858,1.14381080886409
758,41.4582861277862,1.6858676338466
759,41.4236835881109,1.81078369588244
760,41.392213156861,1.11851429477912
761,41.3104700287768,1.8015706241928
762,41.3306448400096,1.67369023197371
763,41.3997414860368,1.09919439775002
764,41.340530226742,1.68043004326401
765,41.4039753618502,1.19980119466786
766,41.4180894271874,1.77614235590865
767,41.3490085211796,1.67852351732491
768,41.2705179173064,1.23727053620994
769,41.3401741970388,1.82878775180967
770,41.2894614007213,1.73260520343238
771,41.399048038839,1.76868471810736
772,41.2847144322714,2.05515303980893
773,41.3998816370462,1.98836046467838
774,41.3933787690305,1.61511119046546
775,41.3462331884839,1.84603178510837
776,41.336590989849,1.86268457154809
777,41.4133473904498,1.95862157911315
778,41.4963851369936,1.59030864950969
779,41.4823906270665,1.92969447337829
780,41.4067605940045,1.12851532984747
781,41.4114264673765,1.70505091687393
782,41.3375407584377,1.89303114144849
783,41.4276552139349,2.02441568113013
784,41.382624890444,2.03463839011294
785,41.4860009370699,1.89659419085113
786,41.2856232536089,1.57231797016697
787,41.2969142548194,1.504734368851
788,41.4223487101077,1.63186845050587
789,41.4697026453942,1.83515196748703
790,41.3324679850548,1.90959859016784
791,41.3566942260002,1.98469064990421
792,41.4138607769657,1.52695576018307
793,41.3581187183511,1.40263385837572
794,41.3796044786906,1.91575617398361
795,41.3017447634617,1.56911956297339
796,41.3201126054435,1.42728560661941
797,41.3294828593686,1.52281568011938
798,41.3864390458766,1.834034954599
799,41.3952268776756,2.05615918517366
800,41.4051488346005,1.9162000142227
801,41.4226521261021,1.58724832307197
802,41.4039281435499,1.32658454285176
803,41.4288967422389,1.55135498285747
804,41.4760578984888,1.53337223962194
805,41.4858505791191,1.81573395649704
806,41.2340782712793,1.33698751050463
807,41.2592142842159,1.3571447782321
808,41.2617128183233,1.39520763261213
809,41.1377336128898,1.23391252845722
810,41.1488844607766,1.23620822609926
811,41.1580082576809,1.23423336556089
812,41.1959164581655,1.23321471894203
813,41.2210854776668,1.21175470106992
814,41.235716266501,1.66348499914184
815,41.2545749074504,1.54700222187858
816,41.2645217459026,1.55804666087553
817,41.2654514816996,1.63428254598874
818,41.2333430919672,1.24346646075454
819,41.2824598991934,1.75007631974231
820,41.2737491355178,1.56391018586794
821,41.1238715415446,1.06308229820626
822,41.1031441789799,1.19594229540932
823,41.1987028853172,1.244393188016
824,41.1230646735733,1.17378048184686
825,41.1341342662177,1.17087904420642
826,41.2139065259073,1.25524268386424
827,41.1324262636138,1.14584817411359
828,41.218125951208,1.14862460681333
829,41.1458848106497,1.16968749824884
830,41.1389061580148,1.14220622232525
831,41.1856347249783,1.00414226490929
832,41.226468734473,1.26443486437077
833,41.1515474807937,0.99912173785607
834,41.1569404534113,1.16591951970666
835,41.2030685565416,0.99149280748048
836,41.1426072447683,0.93712148052165
837,41.1958248783876,1.35959673089469
838,41.1124568849017,1.00722551660459
839,41.1487145186335,1.10214013813153
840,41.1632715029981,0.98730527693887
841,41.2094565105951,0.96910808012777
842,41.2192825606146,1.30878694247369
843,41.2575844638559,1.58787499161662
844,41.4543656902628,1.20097964554237
845,41.4312417237519,1.09809661656201
846,41.2290426983804,1.09635413206856
847,41.2414930106852,1.28482647880061
848,40.8895018062974,0.72530504521618
849,40.9974064411862,0.75352761482487
850,40.9839091928266,0.79107538240386
851,41.1338435099341,0.9590155031413
852,41.138234609869,0.91217847873764
853,41.1981397294496,1.04704360499069
854,41.1485143939249,1.09003622853679
855,41.1293351408354,1.11653449538815
856,41.1183247564711,1.16353688627498
857,41.1290777188879,1.02315211501417
858,41.1604315583779,1.02134479256606
859,41.1628949173482,1.1191710303989
860,41.169786163076,1.23478235211629
861,41.1815375174787,1.23360133112856
862,41.215627385127,1.19718363164469
863,41.210948945357,1.23281023392665
864,41.2608290149941,1.16128215026121
865,41.3927664223641,1.27911859420431
866,41.2784800454127,1.2448565831109
867,41.3398649551673,1.28311485970848
868,41.3053927472103,1.12708239384033
869,41.3336903239136,1.17918497984856
870,41.3774506487795,1.17622863908186
871,41.4258131082188,1.21657113324609
872,41.4773635259251,1.27862078059158
873,41.420164220128,1.18979965603617
874,41.388314731328,1.08042803410665
875,41.3978993734399,1.06712354564292
876,41.3941914292996,1.04118483454214
877,41.1912494642681,1.3597109747939
878,41.2191448246953,1.34429332877026
879,41.2650845136156,1.35613108501035
880,41.3021045708301,1.38468030485858
881,41.3429391935293,1.35937954975561
882,41.4761005995945,1.38992943882981
883,41.2417616555913,1.56807574063081
884,41.2706635966482,1.52671333828348
885,41.2642363099041,1.64210668695008
886,41.2785768960813,1.63834254833038
887,41.2725494362838,1.62633479485527
888,41.3907371444111,1.45880469839171
889,41.3260388736335,1.67118158580157
890,41.3921030554066,1.67330984770397
891,41.2590843597619,1.76525218422201
892,41.2968056314125,1.87291277115416
893,41.3161875534801,1.72514973757007
894,41.3402594300175,1.71426978766957
895,41.2984841983696,1.78098219085033
896,41.3129397069718,1.78765039193701
897,41.3487219964682,2.04641912258772
898,41.3565746668209,2.04717228641469
899,41.3874945063358,2.07016202564233
900,41.4066306041887,2.01257209941325
901,41.4359000023557,1.99475198567698
902,41.3978743967446,1.98318165549755
903,41.472902570511,1.96462347578103
904,41.4614726517852,2.00304884415797
905,41.4687912444818,2.01771430910595
906,41.4917618687177,2.02780227910684
907,41.5930658694894,2.0227998795125
908,41.4263522706016,1.81594717249023
909,41.3926533337857,1.72192022165203
910,41.4586895723426,1.6641314413179
911,41.4744141300442,1.6116487634966
912,41.4830189807191,1.73405709986424
913,41.5120866016845,1.70217669140874
914,41.5503866939762,1.67791138285307
915,41.5202803422817,1.56630169207979
916,41.5877065510713,1.68237527359607
917,41.5688553069102,1.63574620773305
918,41.6358002309091,1.65521811668263
919,41.5870504793489,1.57266276048639
920,41.5971925064688,1.54718105131203
921,41.5893759659469,1.49858781494635
922,41.5566094716934,1.49285120061638
923,41.717227846849,1.52615593119981
924,41.4843841914573,1.93313956657728
925,41.5125437870604,1.93789640434768
926,41.5405985292945,1.93134584928439
927,41.5806550105467,1.98380243875119
928,41.5686922656524,1.79681011239771
929,41.5087219741389,1.81444739958521
930,41.6129913538614,1.84477418020806
931,41.6464789132336,1.85899414228586
932,41.7148556741176,1.83160831629267
933,41.727056683926,1.7484773483355
934,41.6940549895404,1.60780722342187
935,41.7686600989146,1.7869674096541
936,41.7600836447013,1.66226409073918
937,41.7965920096531,1.76984088311518
938,41.8076106292052,1.76089180626957
939,41.8232421270928,1.75534618914298
940,41.8322602630557,1.74293319711676
941,41.8443996172945,1.71734008217481
942,41.8721900958983,1.57768787836823
943,41.8568093860028,1.71621761238035
944,41.9180656792916,1.69835914685156
945,41.9353844626178,1.72690077140763
946,41.9197360685194,1.67293993776922
947,41.9324505656047,1.64203294654026
948,41.9434528298122,1.57875084892751
949,41.9535159575623,1.54699806241651
950,41.9784804848459,1.60951367350638
951,42.1666009174024,1.59573461114539
952,42.1812307497839,1.56288974570473
953,42.2154270034726,1.6887518326492
954,41.7204607090001,1.86903067457443
955,41.6668829215875,1.92822451429353
956,41.737720382852,1.89578726634399
957,41.8135012712046,1.95915613135713
958,41.8514779665058,2.0625981801658
959,41.8371140650968,1.9675159402975
960,41.8502276613295,1.97167714830975
961,41.8784155213538,1.9799733270729
962,41.9547310789773,2.03481124280923
963,42.0826886112759,2.06563058058673
964,41.9750170540447,2.02223928095719
965,41.8291976260694,1.8898458498773
966,41.8870678886242,1.85734751232068
967,41.8932602116709,1.88873708913272
968,41.9219888099969,1.88473712973181
969,41.9839088360194,1.82494906324855
970,42.0223401029329,1.98995077647991
971,42.1641151294819,2.05536057713207
972,41.9945821755486,1.88697607429252
973,42.0024263792617,1.88683936012945
974,42.0194306165023,1.88741953857507
975,42.0163391567703,1.90588381836424
976,42.0590354483528,1.80795133062941
977,42.0376654281112,1.88008567056482
978,42.1213355339752,1.87861331270483
979,42.1532055694235,1.79775484553291
980,42.1685289300853,1.96214343196167
981,42.2140864872072,1.8699384864641
982,42.2147314757802,1.86904756258486
983,42.2317819696604,1.74822991705169
984,42.2570085519134,1.84717210285214
985,42.2345898540736,1.89420434005251
986,42.2444929554308,1.97497661265951
987,42.2482358858409,2.02946938746375
988,42.2622360551762,1.98525028716697
989,41.019448799731,0.82679792864912
990,41.1680338021298,1.04534245617005
991,41.1019704848647,1.12250298759844
992,41.3709426731182,1.17814631876483
993,41.1669663327829,1.35339496663431
994,41.2210394341187,1.53215758953919
995,41.2742725481429,1.50236564408369
996,41.3803883985993,1.62233146500032
997,41.3455495499013,1.66210878812902
998,41.30092297773,2.03844540844361
999,41.3313560169127,2.00330041415624
1000,41.3919294038092,2.05273390140891
1001,41.6712854345506,1.85506820361049
1002,41.6892987093198,1.64751894334122
1003,41.7480837899246,1.58830707075037
1004,42.111096066079,1.74659339880092
1005,41.7708629156948,2.01748595462797
1006,41.9194284197908,2.09942111053309
1007,41.8621190382213,1.98547985832008
1008,41.2650628358281,1.22268638344142
1009,41.3989427747451,1.05146160708603
1010,41.0718193365357,1.00154186717654
1011,41.0628493804085,1.01217969257839
1012,41.3608711139448,1.80672109457315
1013,41.3995334518099,1.75304549711749
1014,41.3955545600336,1.74791185644949
1015,41.8651342791291,1.88747509139327
1016,42.1067987832304,1.5707178182157
1017,41.7703367576403,2.11356044819344
1018,42.2424211805668,1.7647359007925
1019,42.1682610243958,1.86372432884754
1020,41.1897543327358,1.54521824390317
1021,41.519331190396,1.43844363303468
1022,41.5200258186556,1.39841013423921
1023,42.1460017334032,1.86060862319352
1024,42.0262861439408,1.56287807301806
1025,42.0881659063032,2.09247312621646
1026,41.2669918464846,1.49559953756809
1027,41.2844824760301,1.47959548229443
1028,41.5292971838628,1.91152011284408
1029,41.9794704203342,1.53151324448564
1030,41.0473453639707,0.8761916591651
1031,41.2879263021353,2.04817177818072
1032,41.3650881997219,1.18004537758378
1033,41.9274884127393,1.66490012599726
1034,42.0354474856301,1.56354859031672
1035,42.0480555706038,1.87288620875746
1036,41.8827841241106,1.88716893833339
1037,41.1070824026287,1.07567795893936
1038,41.0486045250692,0.87356020472659
1039,41.2297273206415,1.03224686212809
1040,41.2302350287636,1.08939109705223
1041,41.2630619562072,1.2201411610308
1042,41.2564196708251,1.17180271848033
1043,41.277786614145,1.28560981048679
1044,41.2769505325798,1.10709577067406
1045,41.2655550394539,1.1299546282301
1046,41.3057923788894,1.19296745540849
1047,41.2929057104872,1.02460123163425
1048,41.3564958632737,1.1742106859644
1049,41.3906451444825,1.18367350458288
1050,41.4425664271778,1.24304775988505
1051,41.3935060049056,1.11760878036655
1052,41.3714223150458,1.0479437160408
1053,41.3775124826556,0.99287261666625
1054,41.2254225443134,1.37184718553199
1055,41.195376849415,1.32844594843775
1056,41.2899962393997,1.3607069242871
1057,41.3022258976688,1.39334756566902
1058,41.4058877205274,1.32645106894048
1059,41.2940996373765,1.57039927952998
1060,41.2558399488713,1.65094486522674
1061,41.287116008874,1.64163235593375
1062,41.2848242986586,1.61394205795133
1063,41.3844553923419,1.63439943043589
1064,41.3508997438019,1.67241146576457
1065,41.4370810344733,1.60636296921204
1066,41.3940115424254,1.61336124457402
1067,41.4150565748673,1.51824341364243
1068,41.4174800939328,1.50342272929201
1069,41.4180998232739,1.50080278362695
1070,41.2644068820457,1.77381734812033
1071,41.3170345092904,1.80405209846232
1072,41.3373799283963,2.09950340453914
1073,41.3519909489852,2.04637141685664
1074,41.3871061400876,2.02328574896661
1075,41.3520563384777,1.97782101345153
1076,41.3877239684641,1.94513959930164
1077,41.4345461320576,2.0668843695601
1078,41.4197135921835,2.01324255447327
1079,41.5199471834786,2.03608008172802
1080,41.4681684699204,1.94731361397404
1081,41.4735897713817,1.83160506151103
1082,41.4315463118495,1.81237772357291
1083,41.4413336574429,1.74876996968896
1084,41.4468725813421,1.71738074865246
1085,41.5237446871542,1.69237380675159
1086,41.4619845911314,1.48762405518926
1087,41.5639226484743,1.66109536330503
1088,41.5720304231517,1.62784364677223
1089,41.595830115596,1.54285683710042
1090,41.5982225892304,1.52538328865769
1091,41.5295412659359,1.93761841521135
1092,41.5038258160794,1.91455603567021
1093,41.5097423135526,1.91793646124699
1094,41.5338651409148,1.91057339098242
1095,41.5713439465972,1.86467061407732
1096,41.5993156359354,1.85024421571884
1097,41.6163297717757,1.85168454653311
1098,41.6230053823484,1.86550743422461
1099,41.639131292466,1.91035246681255
1100,41.647890918483,1.80492583182443
1101,41.6602501622342,1.86311023237177
1102,41.6791126054552,1.85318528457896
1103,41.6822234527427,1.83743167692521
1104,41.6948480637152,1.7935892861875
1105,41.7126163926971,1.80460008937418
1106,41.7663121750719,1.63593681851824
1107,41.7576649964193,1.73740498285651
1108,41.8179966428852,1.80626935968936
1109,41.8135125494633,1.76252586118885
1110,41.9093574871919,1.79918572858796
1111,41.8467725585647,1.63947485601229
1112,41.8080895076817,1.61470195920966
1113,41.878395265722,1.66868370361869
1114,41.8993166203418,1.71711661132006
1115,42.0478602273145,1.72904271705666
1116,42.0216414393294,1.7628816795477
1117,41.9638084812808,1.75524164345722
1118,41.9465958961658,1.67763727966194
1119,41.9627405528912,1.60547631337993
1120,42.0818568495461,1.67132165539049
1121,41.9846430460589,1.52701317826661
1122,42.0557528324853,1.56659987890442
1123,42.0997616568359,1.58316541023793
1124,42.2255698033966,1.66127531207362
1125,41.7016310373212,1.88244663832394
1126,41.7238972245192,1.99422385827744
1127,41.7012574683444,1.97482954352033
1128,41.7093675203885,1.93989769264605
1129,41.7948534025619,1.85461878564877
1130,41.7586894795888,1.90066685320885
1131,41.7724591654091,1.9047985212328
1132,41.7603257789828,1.93556657010235
1133,41.8022960557893,2.10350864171398
1134,41.8127615435355,2.02383711891544
1135,41.840495931831,2.05663849395124
1136,41.8984509242193,2.10916558835783
1137,41.896955421192,2.11916671365764
1138,41.9537563063877,2.00066856784222
1139,42.0001200349536,2.0683077851659
1140,41.9658369274922,2.03376762222332
1141,41.9827073934845,2.098353481296
1142,42.0078499747986,2.0541698203884
1143,42.0414454031873,2.08524498027203
1144,41.8155790399517,1.90144231897626
1145,41.9048625703045,1.94032305714495
1146,41.8323728046765,1.88017512194633
1147,41.8480701325454,1.88077576240908
1148,41.8381447422614,1.86870927836339
1149,41.8580948443149,1.83687504417388
1150,41.9078721120223,1.84559898468233
1151,41.8709921167346,1.88474942658173
1152,41.9181414360326,1.91369032934868
1153,41.9517215572111,1.85006280478786
1154,41.9258939406076,1.88291822255825
1155,42.1300281532448,2.04444992134951
1156,42.0209848659601,1.84618528150139
1157,42.0289496692802,1.92583533569324
1158,42.1905484976149,2.06551618857991
1159,42.0788572463911,1.81530088356051
1160,42.10160737979,1.93519928008367
1161,42.0559082752435,1.87362458085293
1162,42.0516631448342,1.90790925497201
1163,42.0576633057955,1.91402508455178
1164,42.1123826723922,1.83311480592076
1165,42.1141183357731,1.81113222305696
1166,42.2292068749554,1.87846504884523
1167,42.293157818595,1.86589190467846
1168,42.2374227160559,1.91702812317245
1169,42.2780863300244,2.00348247128814
1170,42.2613493619461,2.04070928082322
1171,41.4754390313385,1.95588953949074
1172,41.4727923850262,1.9524547292729
1173,41.4417753057254,1.85389854546824
1174,41.8708088768378,1.80165694319293
1175,41.4344097799504,1.83665203590413
1176,41.8329902496704,1.7499122916452
1177,41.3430550299787,1.32207136073773
1178,42.0324954484316,1.67848866396807
1179,42.0071086439169,1.65271777401639
1180,41.7408341404876,2.07904904055901
1181,41.4821029974574,2.12793338997187
1182,41.3334798375813,1.33800769163408
1183,41.7368616348073,2.0233111940819
1184,41.7917723568278,2.68935015315972
1185,41.79455327,2.69889108
