id,pixel_number,Ciprofloxacina,Clorobenzè,Diclorobenzè ,Hexabromociclodecà,Mercuri dissolt,Nonilfenols,Octilfenols,Sulfametoxazol,Tetracloroetilè,Trimetoprim,Venlafaxina
1,115077114,0.0,0.0,0,0.0,0.0,0.0,0.0,0.0,0.0,0.0,0.0
2,114828220,0.0,0.0,0,0.0,0.0,0.0,0.0,0.0,0.0,0.0,0.0
3,114989078,0.0,0.0,0,0.0,25.500000000000004,37.196999999999996,48.349500000000006,0.0,0.8595000000000002,8.559,8.4525
4,114740360,0.0,0.0,0,0.0,0.0,0.0,0.0,0.0,0.0,0.0,0.0
5,114989182,0.0,0.0,0,0.0,0.0,0.0,0.0,0.0,0.0,0.0,0.0
6,114886646,2751469.058699314,0.0,0,61.23315000000005,132559.63418832523,0.0,0.0,256.05052333143027,0.0,70518525.39010146,48962521.136929095
7,114828087,0.0,0.0,0,0.0,0.0,0.0,0.0,0.0,0.0,0.0,0.0
8,114842675,0.0,0.0,0,0.0,0.0,0.0,0.0,0.0,0.0,0.0,0.0
9,114813443,0.0,0.0,0,0.0,0.0,0.0,0.0,0.0,0.0,0.0,0.0
10,114828026,0.0,0.0,0,0.0,0.0,0.0,0.0,0.0,0.0,0.0,0.0
11,114916103,9.177043378995434,0.0,0,0.0,75.47945205479452,454.9146575342465,78.3854109589041,0.0,3.220456621004566,35.38099315068492,0.5472260273972602
12,114667234,0.0,0.0,0,0.0,0.0,0.0,0.0,0.0,0.0,0.0,0.0
13,114886820,0.0,0.0,0,0.0,0.0,0.0,0.0,0.0,0.0,0.0,0.0
14,114506130,3396686.36578699,0.0,0,75.59227500000007,163644.76303216934,0.0,0.0,351.0308912928336,0.0,93379576.70103718,79126944.11687909
15,114725618,0.0,0.0,0,0.0,0.0,0.0,0.0,0.0,0.0,0.0,0.0
16,115047807,0.0,0.0,0,0.0,0.0,0.0,0.0,0.0,0.0,0.0,0.0
17,115721257,0.0,0.0,0,0.0,0.0,0.0,0.0,0.0,0.0,0.0,0.0
18,115838359,158978263.70043534,0.0,0,3538.0153875000033,7659217.687146026,0.0,0.0,16429.624520255347,0.0,4370530973.522176,3703451785.931444
19,115896917,3125.0228310502284,0.0,0,0.0,18219.178082191782,3626.4840182648404,0.0,135142.92237442924,7252.100456621006,0.0,938758.7671232877
20,115062505,13363653.37730748,0.0,0,297.4042500000002,643830.9736809755,0.0,0.0,1381.068091306641,0.0,367385198.7400754,311310771.7669872
21,115340647,0.0,0.0,0,0.0,0.0,0.0,0.0,0.0,0.0,0.0,0.0
22,115355276,0.0,0.0,0,0.0,0.0,0.0,0.0,0.0,0.0,0.0,0.0
23,115311331,0.0,0.0,0,0.0,0.0,0.0,0.0,0.0,0.0,0.0,0.0
24,115325969,0.0,0.0,0,0.0,0.0,0.0,0.0,0.0,0.0,0.0,0.0
25,115808937,0.0,0.0,0,0.0,0.0,0.0,0.0,0.0,0.0,0.0,0.0
26,115311312,0.0,0.0,0,0.0,0.0,0.0,0.0,0.0,0.0,0.0,0.0
27,115296668,0.0,0.0,0,0.0,0.0,0.0,0.0,0.0,0.0,0.0,0.0
28,115267385,0.0,0.0,0,0.0,0.0,0.0,0.0,0.0,0.0,0.0,0.0
29,115765020,18724424.9694156,0.0,0,416.70667500000036,902100.9763801686,0.0,0.0,1935.0775662317765,0.0,514760177.8091302,436191737.65911263
30,115662536,6.054183789954338,0.0,0,0.0,49.794520547945204,300.11157534246576,51.711609589041096,0.0,2.124566210045662,23.341181506849313,0.3610102739726027
31,115223441,2106.9796666666666,0.0,0,0.0,47.50000000000001,0.0,12.692,1275.451,47.395500000000006,3728.197416666666,1301.1469166666668
32,115194143,0.0,0.0,0,0.0,0.0,0.0,0.0,0.0,0.0,0.0,0.0
33,115413649,0.0,0.0,0,0.0,0.0,0.0,0.0,0.0,0.0,0.0,0.0
34,115150212,1146080.9115726848,0.0,0,25.505700000000022,62253.877463159704,0.0,0.0,147.4441939165865,0.0,31507339.466415633,26698337.873306274
35,115355088,15732366.406378513,0.0,0,350.11927500000024,757950.2771992236,0.0,0.0,1625.8629755758868,0.0,432504375.53802985,366490733.440252
36,115179482,864.48,0.0,0,0.0,5040.0,60000000.0,0.0,37384.799999999996,2006.16,0.0,259690.31999999998
37,115164771,0.0,0.0,0,0.0,0.0,0.0,0.0,0.0,0.0,0.0,0.0
38,115179471,0.0,0.0,0,0.0,0.0,0.0,0.0,0.0,0.0,0.0,0.0
39,115208681,0.0,0.0,0,0.0,0.0,0.0,0.0,0.0,0.0,0.0,0.0
40,115823775,0.0,0.0,0,0.0,0.0,0.0,0.0,0.0,0.0,0.0,0.0
41,115164826,0.0,0.0,0,0.0,0.0,0.0,0.0,0.0,0.0,0.0,0.0
42,115194159,0.0,0.0,0,0.0,0.0,0.0,0.0,0.0,0.0,0.0,0.0
43,115135502,0.0,0.0,0,0.0,0.0,0.0,0.0,0.0,0.0,0.0,0.0
44,115150225,0.0,0.0,0,0.0,0.0,0.0,0.0,0.0,0.0,0.0,0.0
45,115135506,3921608.9207057706,0.0,0,87.27427500000009,213017.5616248957,0.0,0.0,504.5180146802282,0.0,107810419.20473902,91355190.47106516
46,115120946,0.0,0.0,0,0.0,0.0,0.0,0.0,0.0,0.0,0.0,0.0
47,115062385,0.0,0.0,0,0.0,0.0,0.0,0.0,0.0,0.0,0.0,0.0
48,115091678,0.0,0.0,0,0.0,0.0,0.0,0.0,0.0,0.0,0.0,0.0
49,115311297,0.0,0.0,0,0.0,0.0,0.0,0.0,0.0,0.0,0.0,0.0
50,115091751,0.0,0.0,0,0.0,0.0,0.0,0.0,0.0,0.0,0.0,0.0
51,115296598,0.0,0.0,0,0.0,0.0,0.0,0.0,0.0,0.0,0.0,0.0
52,115150306,0.0,0.0,0,0.0,0.0,0.0,0.0,0.0,0.0,0.0,0.0
53,115311237,0.0,0.0,0,0.0,0.0,0.0,0.0,0.0,0.0,0.0,0.0
54,115677192,0.0,0.0,0,0.0,0.0,0.0,0.0,0.0,0.0,0.0,0.0
55,115179477,0.0,0.0,0,0.0,0.0,0.0,0.0,0.0,0.0,0.0,0.0
56,115223397,40439814.91321222,0.0,0,899.9764125000006,1948299.965282225,0.0,0.0,4179.256706090694,0.0,1111746093.6341448,942059004.0238479
57,115428345,0.0,0.0,0,0.0,0.0,0.0,0.0,0.0,0.0,0.0,0.0
58,115896841,0.0,0.0,0,0.0,0.0,0.0,0.0,0.0,0.0,0.0,0.0
59,115721264,0.0,0.0,0,0.0,0.0,0.0,0.0,0.0,0.0,0.0,0.0
60,115604125,0.0,0.0,0,0.0,0.0,0.0,0.0,0.0,0.0,0.0,0.0
61,115296649,0.0,0.0,0,0.0,0.0,0.0,0.0,0.0,0.0,0.0,0.0
62,115852888,1808795.6371576532,0.0,0,40.254225000000034,98251.82569090281,0.0,0.0,232.70295490270428,0.0,49726278.127339184,42136498.89546619
63,115501547,0.0,0.0,0,0.0,0.0,0.0,0.0,0.0,0.0,0.0,0.0
64,115194208,0.0,0.0,0,0.0,0.0,0.0,0.0,0.0,0.0,0.0,0.0
65,115384469,0.0,0.0,0,0.0,0.0,0.0,0.0,0.0,0.0,0.0,0.0
66,115413696,0.0,0.0,0,0.0,0.0,0.0,0.0,0.0,0.0,0.0,0.0
67,115896801,0.0,0.0,0,0.0,0.0,0.0,0.0,0.0,0.0,0.0,0.0
68,115413693,0.0,0.0,0,0.0,0.0,0.0,0.0,0.0,0.0,0.0,0.0
69,115399098,0.0,0.0,0,0.0,0.0,0.0,0.0,0.0,0.0,0.0,0.0
70,115794333,0.0,0.0,0,0.0,0.0,0.0,0.0,0.0,0.0,0.0,0.0
71,115516263,0.0,0.0,0,0.0,0.0,0.0,0.0,0.0,0.0,0.0,0.0
72,115472236,0.0,0.0,0,0.0,0.0,0.0,0.0,0.0,0.0,0.0,0.0
73,115984747,0.0,0.0,0,0.0,0.0,0.0,0.0,0.0,0.0,0.0,0.0
74,115984629,0.0,0.0,0,0.0,0.0,0.0,0.0,0.0,0.0,0.0,0.0
75,115999383,1084839.9468321598,0.0,0,24.142800000000022,58927.334392609184,0.0,0.0,139.56549653173076,0.0,29823741.17431709,25271709.131984565
76,115969974,0.0,0.0,0,0.0,0.0,0.0,0.0,0.0,0.0,0.0,0.0
77,115852941,0.0,0.0,0,0.0,810.5593607305937,3738.4893835616435,60.71284246575345,0.0,578.7048515981735,10.747602739726029,10.613869863013699
78,116013945,0.0,0.0,0,0.0,0.0,0.0,0.0,0.0,0.0,0.0,0.0
79,115984757,0.0,0.0,0,0.0,0.0,0.0,0.0,0.0,0.0,0.0,0.0
80,116072601,3174687.868602581,0.0,0,70.65176250000006,172445.6166751456,0.0,0.0,408.4260447899339,0.0,87276532.89217995,73955414.92958789
81,116043222,0.0,0.0,0,0.0,0.0,0.0,0.0,0.0,0.0,0.0,0.0
82,116614250,0.0,0.0,0,0.0,0.0,0.0,0.0,0.0,0.0,0.0,0.0
83,116745979,0.0,0.0,0,0.0,0.0,0.0,0.0,0.0,0.0,0.0,0.0
84,116614333,0.0,0.0,0,0.0,0.0,0.0,0.0,0.0,0.0,0.0,0.0
85,116306836,0.0,0.0,0,0.0,0.0,0.0,0.0,0.0,0.0,0.0,0.0
86,116292196,0.0,0.0,0,0.0,0.0,0.0,0.0,0.0,0.0,0.0,0.0
87,116306836,0.0,0.0,0,0.0,0.0,0.0,0.0,0.0,0.0,0.0,0.0
88,116321474,0.0,0.0,0,0.0,0.0,0.0,0.0,0.0,0.0,0.0,0.0
89,116584925,7212217.186852931,0.0,0,160.50581250000016,347468.51648330875,0.0,0.0,745.3473045963418,0.0,198273763.14981973,168011009.80386916
90,116028674,0.0,0.0,0,0.0,0.0,0.0,0.0,0.0,0.0,0.0,0.0
91,116394691,0.0,0.0,0,0.0,0.0,0.0,0.0,0.0,0.0,0.0,0.0
92,116335982,6412803.995727766,0.006592465753424664,0,142.71510000000012,308954.60510207334,0.0,0.03815342465753424,662.7793864749116,0.015233506468797562,176296792.83762753,149388409.6283757
93,116116521,0.0,0.0,0,0.0,0.0,0.0,0.0,0.0,0.0,0.0,0.0
94,116277535,29356.34235730593,0.0,0,0.0,124.47831050228312,0.0,0.0,0.0,8.057141552511416,63010.49076027398,17777.90177625571
95,116101746,48763118.17464325,0.0,0,1085.209125000001,2349303.212646023,29.34644999999999,0.0,5039.429311895509,0.0,1340565140.0834668,1135953135.2774112
96,116409391,0.0,0.0,0,0.0,11.386986301369864,52.62471461187214,13.79837328767124,0.0,0.24529109589041098,2.44263698630137,2.412243150684932
97,116658194,0.0,0.0,0,0.0,0.0,0.0,0.0,0.0,0.0,0.0,0.0
98,116028548,538.7739583333333,0.0,0,0.0,46.87499999999999,14.726041666666667,67.06354166666667,21.471875000000008,32.27395833333333,84.215625,3042.5927083333336
99,116687457,6839303.455129362,0.0,0,152.20672500000015,371503.57791469543,0.0,0.0,879.8816686587139,0.0,188021852.12114826,159323859.78974944
100,116043383,0.0,0.0,0,0.0,3.2876712328767117,0.0,0.0,0.0,0.0,0.0,0.0
101,116218972,0.0,0.0,0,0.0,0.0,0.0,0.0,0.0,0.0,0.0,0.0
102,116043394,0.0,0.0,0,0.0,0.0,0.0,0.0,0.0,0.0,0.0,0.0
103,116643557,0.0,0.0,0,0.0,0.0,0.0,0.0,0.0,0.0,0.0,0.0
104,116731294,0.0,0.0,0,0.0,0.0,0.0,0.0,0.0,0.0,0.0,0.0
105,116379937,0.0,0.0,0,0.0,24.45205479452055,35.66835616438356,46.36253424657534,0.0,0.8241780821917808,8.207260273972603,8.10513698630137
106,116482443,0.0,0.0,0,0.0,0.0,0.0,0.0,0.0,0.0,0.0,0.0
107,116043216,0.0,0.0,0,0.0,0.0,0.0,0.0,0.0,0.0,0.0,0.0
108,116043175,0.0,0.0,0,0.0,0.0,0.0,0.0,0.0,0.0,0.0,0.0
109,116614301,0.0,0.0,0,0.0,0.0,0.0,0.0,0.0,0.0,0.0,0.0
110,116101757,2250605.454214299,0.0,0,50.086575000000046,122250.45784273156,0.0,0.0,289.54212889344944,0.0,61872237.23462155,52428606.24357282
111,116702097,657246.782304566,0.0,0,14.62683750000001,31664.68209347514,0.0,0.0,61.16310195635518,0.0,16844846.48626827,11695737.362199677
112,116585015,0.0,0.0,0,0.0,0.0,0.0,0.0,0.0,0.0,0.0,0.0
113,116087227,0.0,0.0,0,0.0,0.0,0.0,0.0,0.0,0.0,0.0,0.0
114,116746001,0.0,0.0,0,0.0,0.0,0.0,0.0,0.0,0.0,0.0,0.0
115,117287578,91.1454794520548,0.0,0,0.0,24.55479452054794,230.00000000000003,0.549041095890411,55.17452054794521,2.05027397260274,161.27746575342462,56.28609589041096
116,117229018,18093424.314856973,0.0,0,402.66393750000026,871700.7741040704,0.0,0.0,1869.8667406438929,0.0,497413102.5494719,421492366.5208514
117,117038750,12336775.249407316,0.0,0,274.5513375000002,594369.6872339718,12.41436411369863,16.838418672945206,1275.0472810822812,0.3457499851598173,339154875.81300753,287389330.7219853
118,116936286,0.0,0.0,0,0.0,0.0,0.0,0.0,0.0,0.0,0.0,0.0
119,116921563,3773974.45213487,0.0,0,83.98871250000008,181821.6604069596,0.0,0.0,351.2044340289213,0.0,96724734.14993645,67158052.6405176
120,116921585,0.0,0.0,0,0.0,0.0,0.0,0.0,0.0,0.0,0.0,0.0
121,116892377,3789284.6933199936,0.0,0,84.32943750000005,205829.85249031335,0.0,0.0,487.49440068795064,0.0,104172644.32359749,88272653.36928076
122,116892362,0.0,0.0,0,0.0,0.0,0.0,0.0,0.0,0.0,0.0,0.0
123,116892341,0.0,0.0,0,0.0,0.0,0.0,0.0,0.0,0.0,0.0,0.0
124,116848468,0.0,0.0,0,0.0,0.0,0.0,0.0,0.0,0.0,0.0,0.0
125,116863095,4053933.1480915486,0.0,0,90.21911250000007,220205.9452637684,0.0,0.0,521.5416286725059,0.0,111448194.0858805,94437727.57284957
126,116819136,0.0,0.0,0,0.0,0.0,0.0,0.0,0.0,0.0,0.0,0.0
127,116848454,0.0,0.0,0,0.0,0.0,0.0,0.0,0.0,0.0,0.0,0.0
128,117492547,0.5942342085235918,0.43949771689497713,0,0.0,0.13318112633181126,0.0,0.17984779299847795,0.15323820395738202,0.0831782724505327,0.2988318112633181,0.0012851978691019786
129,117390077,0.0,0.0,0,0.0,0.0,0.0,0.0,0.0,0.0,0.0,0.0
130,117302179,0.0,0.0,0,0.0,0.0,0.0,0.0,0.0,0.0,0.0,0.0
131,117302202,18063897.421142794,0.0,0,402.00682500000033,870278.2343095215,0.0,0.0,1866.8152808676834,0.0,496601367.6586389,420804527.66342837
132,117199718,0.0,0.0,0,0.0,0.0,0.0,0.0,0.0,0.0,0.0,0.0
133,117331586,0.0,0.0,0,0.0,0.0,0.0,0.0,0.0,0.0,0.0,0.0
134,117580338,0.0,0.0,0,0.0,0.0,0.0,0.0,0.0,0.0,0.0,0.0
135,117360817,88.8419520547945,0.0,0,0.0,0.3767123287671233,0.0,0.0,0.0,0.02438356164383562,190.69047945205477,53.801780821917795
136,117038725,4418098.170566467,0.0,0,98.32350000000008,212854.10259174637,0.0,0.0,456.58879614393044,0.0,121459591.07282364,102921073.48106618
137,116877821,0.0,0.0,0,0.0,0.0,0.0,0.0,0.0,0.0,0.0,0.0
138,117082675,7085.246575342467,0.0,0,0.0,616.4383561643837,193.65753424657535,881.9315068493152,282.36986301369865,424.4246575342466,1107.4931506849318,40012.17808219178
139,117390038,2.2920462328767113,1.6952054794520546,0,0.0,0.5136986301369862,0.0,0.6936986301369864,0.5910616438356163,0.32083047945205473,1.15263698630137,0.004957191780821918
140,117536409,0.0,0.0,0,0.0,0.0,0.0,0.0,0.0,0.0,0.0,0.0
141,117433970,0.0,0.0,0,0.0,0.0,0.0,0.0,0.0,0.0,0.0,0.0
142,117316832,0.0,0.0,0,0.0,0.0,0.0,0.0,0.0,0.0,0.0,0.0
143,117390006,8587623.639605746,0.0,0,201.17377500000018,491099.6289657827,113.94058219178082,148.1025399543379,994.3239689044854,2.632791095890411,212477045.45917308,200051588.69457027
144,117726766,0.0,0.0,0,0.0,0.0,0.0,0.0,0.0,0.0,0.0,0.0
145,117682829,0.0,0.0,0,0.0,0.0,0.0,0.0,0.0,0.0,0.0,0.0
146,117756035,1397.5640182648403,0.0,0,0.0,31.506849315068504,0.0,8.418630136986303,846.009315068493,31.437534246575353,2472.9211415525115,863.0534703196349
147,117785303,0.0,0.0,0,0.0,0.0,0.0,0.0,0.0,0.0,0.0,0.0
148,117829245,394.6533767123288,0.0,0,0.0,2300.866438356164,457.9819863013698,0.0,17066.950719178083,915.8544075342465,0.0,118554.11540753425
149,117785302,0.0,0.0,0,0.0,0.0,0.0,0.0,0.0,0.0,0.0,0.0
150,117594981,0.0,0.0,0,0.0,0.0,0.0,0.0,0.0,0.0,0.0,0.0
151,117331458,24743536.93248437,0.0,0,550.6602750000004,1192088.3478318942,0.0,0.0,2302.6228699908356,0.0,634162223.9572477,440312401.92534107
152,117082573,2529473.228327614,0.0,0,56.29263750000005,137398.49425002327,0.0,0.09530829,325.4183401994891,0.6423198740000003,69538636.17158666,58924865.848467074
153,117609641,0.0,0.0,0,0.0,0.0,0.0,0.0,0.0,0.0,0.0,0.0
154,117712126,0.0,0.0,0,0.0,0.0,0.0,0.0,0.0,0.0,0.0,0.0
155,117580373,0.0,0.0,0,0.0,0.0,0.0,0.0,0.0,0.0,0.0,0.0
156,117536456,72419318.8972029,4280.2544406392735,0,1611.6292500000015,3494901.4166915487,16548.583855916095,2410.3009837005566,7655.250734292619,2368.171680435398,1990858043.3830032,1687063031.6305218
157,117390059,0.0,0.0,0,0.0,0.0,0.0,0.0,0.0,0.0,0.0,0.0
158,117009407,6145968.247174144,0.0,0,136.7767500000001,296099.02390237985,0.0,0.0,571.9411530694111,0.0,157517532.86660182,109367793.63654275
159,116877637,0.0,0.0,0,0.0,0.0,0.0,0.0,0.0,0.0,0.0,0.0
160,117463273,10973430.12181066,0.0,0,244.15380000000025,528786.6211977117,0.0,84.15668675799088,1133.786832404928,479.08976621004575,301607701.89830613,255570988.96284842
161,117346161,0.0,0.0,0,0.0,0.0,0.0,0.0,0.0,0.0,0.0,0.0
162,117272967,26635445.30838777,2.176512557077628,0,592.7641500000004,1283236.32349542,0.0,0.010854259417808218,2752.643939826119,0.06713121289954338,732245000.042003,620481610.1560493
163,117229052,0.0,0.0,0,0.0,0.0,0.0,0.0,0.0,0.0,0.0,0.0
164,117170500,0.0,0.0,0,0.0,0.0,0.0,0.0,0.0,0.0,0.0,0.0
165,117126578,9644358.357976647,0.0,0,214.63241250000019,464643.6462268839,0.0,0.0,996.6971765330004,0.0,265136666.75030485,224668551.24493134
166,117346185,0.0,0.0,0,0.0,0.0,0.0,0.0,0.0,0.0,0.0,0.0
167,116965609,0.0,0.0,0,0.0,43.276255707762566,63.12732876712329,82.05432648401829,0.0,1.4586643835616442,14.525547945205481,14.34480593607306
168,116614260,13732192.754406713,0.0,0,305.60598750000025,661586.3777833068,0.0,0.0,1419.1548299948845,0.0,377516852.74788266,319896019.72815543
169,116541067,4984577.094416325,0.0,0,110.9303250000001,240825.01572775267,990.7876712328765,1287.848173515982,463.8625935392128,22.893835616438356,127751992.17980276,88701008.66500047
170,116599567,0.0,0.0,0,0.0,0.0,0.0,0.0,0.0,0.0,0.0,0.0
171,116877747,2878.555468607306,0.0,0,0.0,307.16552511415523,349.9544897260275,404.8658150684931,115.63604452054794,177.58907420091325,459.7229880136986,16255.148135273972
172,116892384,0.0,0.0,0,0.0,0.0,0.0,0.0,0.0,0.0,0.0,0.0
173,116863095,0.0,0.0,0,0.0,0.0,0.0,0.0,0.0,0.0,0.0,0.0
174,116936290,0.0,0.0,0,0.0,0.0,0.0,0.0,0.0,0.0,0.0,0.0
175,116994843,23912.70719178082,0.0,0,0.0,2080.4794520547944,653.5941780821919,2976.518835616438,952.9982876712329,1432.4332191780823,3737.7893835616446,135041.10102739724
176,117038758,0.0,0.0,0,0.0,0.0,0.0,0.0,0.0,0.0,0.0,0.0
177,117053392,0.0,0.0,0,0.0,0.0,0.0,0.0,0.0,0.0,0.0,0.0
178,116541107,0.0,0.0,0,0.0,0.0,0.0,0.0,0.0,0.0,0.0,0.0
179,116131236,0.0,0.0,0,0.0,0.0,196.6609589041096,26.221461187214615,0.0,91.77511415525116,0.0,0.0
180,115999464,144353.70260266672,0.0,0,3.2125500000000025,6954.63899557191,0.0,0.0,14.918247794801687,0.0,3968481.6885180003,3362767.747401172
181,115999445,15.197916666666666,0.0,0,0.0,125.0,753.375,129.8125,0.0,5.333333333333333,58.59374999999999,0.90625
182,115677359,0.0,0.0,0,0.0,0.0,0.0,0.0,0.0,0.0,0.0,0.0
183,115633435,0.0,0.0,0,0.0,0.0,0.0,0.0,0.0,0.0,0.0,0.0
184,115706633,0.0,0.0,0,0.0,0.0,0.0,0.0,0.0,0.0,0.0,0.0
185,115589498,0.0,0.0,0,0.0,0.0,0.0,0.0,0.0,0.0,0.0,0.0
186,115735908,1728963.665263755,0.0,0,38.477587500000034,93915.4391882209,0.0,0.0,222.43251009744588,0.0,47531587.49656785,40276786.4291004
187,115721260,0.0,0.0,0,0.0,0.0,0.0,0.0,0.0,0.0,0.0,0.0
188,115750534,70.17305936073059,2258598.1735159815,0,0.0,3161.4155251141547,0.0,796.4175799086756,59.60045662100456,5705.629452054795,0.0,138849.9917808219
189,115735883,0.0,0.0,0,0.0,0.0,0.0,0.0,0.0,0.0,0.0,0.0
190,115574830,0.0,0.0,0,0.0,137.5068493150685,1134.4315068493152,142.4178082191781,0.0,0.0,0.0,0.0
191,115984750,0.0,0.0,0,0.0,0.0,0.0,0.0,0.0,0.0,0.0,0.0
192,116145797,0.0,0.0,0,0.0,0.0,0.0,0.0,0.0,0.0,0.0,0.0
193,116262915,2252792.631526465,0.0,0,50.13525000000004,108534.51765816771,0.0,0.0,209.64391019981974,0.0,57737743.36391454,40088550.69239823
194,116219009,0.0,0.0,0,0.0,0.0,0.0,0.0,0.0,0.0,0.0,0.0
195,116394681,0.0,0.0,0,0.0,0.0,0.0,0.0,0.0,0.0,0.0,0.0
196,116467887,0.0,0.0,0,0.0,0.0,0.0,0.0,0.0,0.0,0.0,0.0
197,116585015,0.0,0.0,0,0.0,0.0,0.0,0.0,0.0,0.0,0.0,0.0
198,116380035,0.0,0.0,0,0.0,0.0,0.0,0.0,0.0,0.0,0.0,0.0
199,116511800,0.0,0.0,0,0.0,0.0,0.0,0.0,0.0,0.0,0.0,0.0
200,116336099,3232648.067374863,0.0,0,71.94165000000005,175593.95208120238,0.0,0.0,415.8826691006009,0.0,88869938.41863035,75305617.13119592
201,116145797,0.0,0.0,0,0.0,0.0,0.0,0.0,0.0,0.0,0.0,0.0
202,116028662,4981296.328448083,0.0,0,110.85731250000009,239990.17739392712,45.95824109589042,1.9664383561643834,463.5572868738732,0.0,127667680.10807317,88642402.13780287
203,115955458,0.0,0.0,0,0.0,0.0,0.0,0.0,0.0,0.0,0.0,0.0
204,116014003,0.0,0.0,0,0.0,0.0,0.0,0.0,0.0,0.0,0.0,0.0
205,116043281,0.0,0.0,0,0.0,0.0,0.0,0.0,0.0,0.0,0.0,0.0
206,116013990,0.0,0.0,0,0.0,0.0,0.0,0.0,0.0,0.0,0.0,0.0
207,115691885,0.0,0.0,0,0.0,0.0,0.0,0.0,0.0,0.0,0.0,0.0
208,115589399,0.0,0.0,0,0.0,0.0,0.0,0.0,0.0,0.0,0.0,0.0
209,116262841,6265169.410686937,0.0,0,139.42953750000012,341556.8199616176,1808.1875,2350.3229166666674,806.018880675691,41.78125,172238534.19522437,145949626.22527507
210,116453128,0.0,0.0,0,0.0,973.9583333333334,1420.7187499999998,1846.682291666667,0.0,32.82812500000001,326.90625,322.8385416666667
211,116043195,0.0,0.0,0,0.0,0.0,0.0,0.0,0.0,0.0,0.0,0.0
212,116101746,0.0,0.0,0,0.0,0.867579908675799,6.666666666666665,0.0,0.0,0.0,0.0,0.0
213,116365258,0.0,0.0,0,0.0,0.0,0.0,0.0,0.0,0.0,0.0,0.0
214,116409177,8287214.83578035,0.0,0,184.42957500000014,450175.9851688168,179.99999999999997,0.0,1066.1565854006608,0.0,227826926.02719247,193053439.3167127
215,115896780,0.4163812785388128,0.0,0,0.0,5.051369863013699,33.140410958904106,3.556506849315068,0.0,0.1461187214611872,1.605308219178082,0.024828767123287673
216,115589334,1093.5886560808062,0.0,0,0.024337500000000022,59.40255483125926,0.0,0.0,0.14069102472956727,0.0,30064.25521604545,25475.513237887662
217,115545410,0.0,0.0,0,0.0,0.0,0.0,0.0,0.0,0.0,0.0,0.0
218,115150120,218.74915068493146,0.0,0,0.0,4.9315068493150696,0.0,1.3176986301369864,132.41884931506848,4.920657534246576,387.0659178082191,135.08663013698632
219,115106189,0.0,0.0,0,0.0,0.0,0.0,0.0,0.0,0.0,0.0,0.0
220,114886600,2188270.900817693,0.0,0,48.69933750000005,118864.51221734978,0.0,0.0,281.52274048386414,0.0,60158574.68730695,50976501.989013225
221,114696280,0.0,0.0,0,0.0,0.0,0.0,0.0,0.0,0.0,0.0,0.0
222,114813361,0.0,0.0,0,0.0,0.0,0.0,0.0,0.0,0.0,0.0,0.0
223,115150138,0.0,0.0,0,0.0,0.0,0.0,0.0,0.0,0.0,0.0,0.0
224,115091589,0.0,0.0,0,0.0,0.0,0.0,0.0,0.0,0.0,0.0,0.0
225,115047680,0.0,0.0,0,0.0,0.0,0.0,0.0,0.0,0.0,0.0,0.0
226,115355259,0.0,0.0,0,0.0,0.0,0.0,0.0,0.0,0.0,0.0,0.0
227,115340614,0.0,0.0,0,0.0,0.0,0.0,0.0,0.0,0.0,0.0,0.0
228,115311320,0.0,0.0,0,0.0,0.0,0.0,0.0,0.0,0.0,0.0,0.0
229,115369835,0.0,0.0,0,0.0,0.0,0.0,0.0,0.0,0.0,0.0,0.0
230,115486963,0.0,0.0,0,0.0,0.0,0.0,0.0,0.0,0.0,0.0,0.0
231,115384465,0.0,0.0,0,0.0,0.0,0.0,0.0,0.0,0.0,0.0,0.0
232,115223449,4.163812785388127,0.0,0,0.0,34.24657534246575,206.4041095890411,35.56506849315068,0.0,1.461187214611872,16.05308219178082,0.24828767123287673
233,115003790,0.0,0.0,0,0.0,0.0,0.0,0.0,0.0,0.0,0.0,0.0
234,115545468,0.0,0.0,0,0.0,0.0,0.0,0.0,0.0,0.0,0.0,0.0
235,115179451,0.0,0.0,0,0.0,0.0,0.0,0.0,0.0,0.0,0.0,0.0
236,115077101,0.0,0.0,0,0.0,0.0,0.0,0.0,0.0,0.0,0.0,0.0
237,114403646,0.0,0.0,0,0.0,0.0,0.0,0.0,0.0,0.0,0.0,0.0
238,117785325,277080065.9823296,0.0,0,6166.246350000005,15051025.426002624,353.2528789991011,548.2985403306934,35965.55814925801,312.3742710837615,7617202681.801204,6454705892.7257
239,117609632,110294977.49768603,0.0,0,2454.582900000002,5314006.78177981,888.1143835616439,248.01986301369857,11403.52353365026,28.080136986301373,3032160574.3003025,2569358364.1676583
240,116819103,5058941.12302982,0.0,0,112.5852750000001,243728.484799361,0.0,0.0,470.7828779535757,0.0,129657670.29197513,90024094.90438555
241,116584971,0.0,0.0,0,0.0,20.547945205479447,210.04566210045664,0.0,0.0,0.0,0.0,0.0
242,117097313,4177508.666228689,0.0,0,92.96925000000009,201263.03759912655,0.0,0.0,431.72504981926096,0.0,114845454.92529362,97316460.56873088
243,116160486,0.0,0.0,0,0.0,0.0,0.0,0.0,0.0,0.0,0.0,0.0
244,116189570,0.0,0.0,0,0.0,0.0,0.0,0.0,0.0,0.0,0.0,0.0
245,114828040,0.0,0.0,0,0.0,0.0,0.0,0.0,0.0,0.0,0.0,0.0
246,114637914,0.0,0.0,0,0.0,0.0,0.0,0.0,0.0,0.0,0.0,0.0
247,115384429,0.0,0.0,0,0.0,0.0,0.0,0.0,0.0,0.0,0.0,0.0
248,115179473,0.0,0.0,0,0.0,0.0,0.0,0.0,0.0,0.0,0.0,0.0
249,117009537,15343099.342208972,0.0,0,341.13873750000033,739825.1476700292,0.0,463.9156575342465,1916.9218232690612,2614.6255161339423,421433166.83714867,357095816.55237776
250,116980254,0.0,0.0,0,0.0,0.0,0.0,0.0,0.0,0.0,0.0,0.0
251,116907016,0.0,0.0,0,0.0,997.7328767123287,4731.184931506849,0.0,0.0,740.2534246575342,0.0,0.0
252,116965565,8731.703704337899,0.0,0,0.0,780.7534246575343,210.03773401826484,991.1046518264842,306.25364726027397,657.1617180365296,2472.1866267123287,43659.556409817356
253,116438659,0.0,0.0,0,0.0,28.09075342465754,40.97614726027397,53.26172089041098,0.0,0.9468236301369863,9.428578767123286,9.311258561643834
254,116379925,0.0,0.0,0,0.0,0.0,0.0,0.0,0.0,0.0,0.0,0.0
255,116218863,0.0,0.0,0,0.0,0.0,0.0,0.0,0.0,0.0,0.0,0.0
256,115472209,0.0,0.0,0,0.0,0.0,0.0,0.0,0.0,0.0,0.0,0.0
257,115194149,2300910.5323940213,0.0,0,51.20610000000004,110852.73065669167,0.0,0.0,214.12174129146638,0.0,58970976.717318535,40944810.99844945
258,115179486,4539486.511391436,0.0,0,101.02496250000007,218702.3217471137,0.0,0.0,422.4426559414814,0.0,116344355.68136375,80780375.69133255
259,115091750,0.0,0.0,0,0.0,0.0,0.0,0.0,0.0,0.0,0.0,0.0
260,114959994,52590679.79091833,0.07471461187214619,0,1170.3903750000006,2533701.846485151,0.0,0.4324054794520548,5435.527584644094,0.1726464066463724,1445790036.1813116,1225117431.6259122
261,116687338,0.0,0.0,0,0.0,0.0,0.0,0.0,0.0,0.0,0.0,0.0
262,115838437,11434949.710028103,0.0,0,297.84232500000024,644779.333544008,0.0,0.0,784.472889636726,0.0,348164513.3992267,290534409.32106334
263,115179621,0.0,0.0,0,0.0,0.0,0.0,0.0,0.0,0.0,0.0,0.0
264,115984699,0.0,0.0,0,0.0,0.0,0.0,0.0,0.0,0.0,0.0,0.0
265,115999326,0.0,0.0,0,0.0,0.0,0.0,0.0,0.0,0.0,0.0,0.0
266,115838415,0.0,0.0,0,0.0,0.0,0.0,0.0,0.0,0.0,0.0,0.0
267,115970170,0.0,0.0,0,0.0,0.0,0.0,0.0,0.0,0.0,0.0,0.0
268,114828257,0.0,0.0,0,0.0,2.61986301369863,3.821609589041095,4.967414383561644,0.0,0.08830479452054796,0.8793493150684931,0.8684075342465752
269,115223450,2580952.1236931738,0.0,0,57.43650000000005,124823.80304660945,96.19726027397259,0.0,3825.018412350212,192.37150684931507,66146152.591669105,45951590.95425434
270,115794505,0.0,0.0,0,0.0,0.0,0.0,0.0,0.0,0.0,0.0,0.0
271,115501517,0.0,0.0,0,0.0,0.0,0.0,0.0,0.0,0.0,0.0,0.0
272,115706459,0.0,0.0,0,0.0,0.0,0.0,0.0,0.0,0.0,0.0,0.0
273,115955348,29113517.202183288,0.0,0,647.9129250000005,1402624.2374251168,0.0,0.0,3008.739339342504,0.0,800370602.3615621,678209113.4190453
274,116731324,0.0,0.0,0,0.0,0.0,0.0,0.0,0.0,0.0,0.0,0.0
275,116540993,0.0,0.0,0,0.0,0.0,0.0,0.0,0.0,0.0,0.0,0.0
276,114828141,0.0,0.0,0,0.0,0.0,0.0,0.0,0.0,0.0,0.0,0.0
277,114901444,1996892.8860035564,0.0,0,44.440275000000035,96214.02693862276,8.969343182876711,12.0530170505137,206.36909449475664,0.18497423344748862,54897338.463478565,46518298.011094026
278,116160307,0.0,0.0,0,0.0,0.0,0.0,0.0,0.0,0.0,0.0,0.0
279,117756027,0.0,0.0,0,0.0,0.0,0.0,0.0,0.0,0.0,0.0,0.0
280,117624264,129781633.76038994,0.0,0,2888.2528125000026,6252589.263632551,0.0,0.0,12071.066298055159,0.0,3211087938.9877753,3023306533.5063186
281,117668209,151696056.85876745,47.23032248858451,0,3375.951975000002,7308378.428709096,0.0,0.23553742936643832,15677.069897340436,1.4567473199200913,4170333098.038529,3533810554.509392
282,117404660,0.0,0.0,0,0.0,0.0,0.0,0.0,0.0,0.0,0.0,0.0
283,117243616,0.0,0.0,0,0.0,2191.780821917808,34246575.34246575,2254.7260273972597,46.16438356164383,255.27397260273975,456.6438356164383,9.52054794520548
284,117111852,0.0,0.0,0,0.0,0.0,0.0,0.0,0.0,0.0,0.0,0.0
285,117536435,0.0,0.0,0,0.0,0.0,0.0,0.0,0.0,0.0,0.0,0.0
286,117390041,23.617488584474888,0.0,0,0.0,2.054794520547945,0.645525114155251,2.9397716894977166,0.9412328767123287,1.4147488584474885,3.6916438356164387,133.37392694063925
287,117433985,101240070.55521579,1044.726027397261,0,2253.068400000002,4877582.43349983,1313.0953465479452,71.43150616438356,10463.234514722286,208.73743520547944,2783228507.1343865,2358425817.1410155
288,117097252,8538090.218910089,15.322648401826497,0,190.00286250000013,463766.1860468418,0.0,2.74841398630137,1366.9012382603833,10.626079073972603,234712425.3553335,198887674.3016188
289,116936205,0.0,0.0,0,0.0,0.0,0.0,0.0,0.0,0.0,0.0,0.0
290,117126548,18188566.527936004,0.0,0,404.78130000000033,876520.1684619943,651.9246342762328,188.22010386729448,1885.3336607078788,18.39671748847032,500028843.5225807,423708740.26066035
291,116658056,12714061.715595478,0.0,0,282.94777500000026,612535.0982009018,0.0,0.0,1313.9359762300332,0.0,349527031.1417444,296178316.903682
292,116658056,0.0,0.0,0,0.0,0.0,0.0,0.0,0.0,0.0,0.0,0.0
293,117360798,0.0,0.0,0,0.0,0.0,0.0,0.0,0.0,0.0,0.0,0.0
294,117316882,0.0,0.0,0,0.0,0.0,0.0,0.0,0.0,0.0,0.0,0.0
295,117214415,0.0,0.0,0,0.0,0.0,5796.666666666665,246.6666666666667,0.0,863.3333333333334,0.0,0.0
296,117097285,0.0,0.0,0,0.0,0.0,0.0,0.0,0.0,0.0,0.0,0.0
297,116921602,0.0,0.0,0,0.0,0.0,0.0,0.0,0.0,0.0,0.0,0.0
298,117346180,2494937.702671009,0.0,0,55.51383750000005,120180.22821395448,0.0,0.0,232.13483454649943,0.1267945205479452,63932929.75218688,44389592.45341579
299,117038820,0.0,0.0,0,0.0,0.0,0.0,0.0,0.0,0.0,0.0,0.0
300,116848486,3179062.2232269105,0.0,0,70.74911250000007,153160.11787975414,0.0,0.0,328.54050257188254,0.0,87396789.91304414,74057316.98253945
301,116643507,0.0,0.0,0,0.0,88.54166666666667,129.15625,167.88020833333337,0.0,2.9843750000000004,29.71875,29.348958333333332
302,116453200,12837637.360971512,313.41780821917837,0,285.69791250000026,618496.6818518465,0.0,1.5630133561643837,1326.8779188690244,9.666894657534248,352924291.9811576,299058451.60380954
303,116892382,0.0,0.0,0,0.0,0.0,0.0,0.0,0.0,0.0,0.0,0.0
304,116804532,0.0,0.0,0,0.0,2.73972602739726,0.0,0.0,0.0,0.0,0.0,0.0
305,117009481,17855021.987831358,0.0,0,397.35836250000034,860215.082429565,0.0,0.0,1845.2290283767204,0.0,490859094.9123741,415938704.6349919
306,117170520,0.0,0.0,0,0.0,0.0,0.0,0.0,0.0,0.0,0.0,0.0
307,116716656,0.0,0.0,0,0.0,0.0,0.0,0.0,0.0,0.0,0.0,0.0
308,116570380,0.0,0.0,0,0.0,0.0,0.0,0.0,0.0,0.0,0.0,0.0
309,116599688,0.0,0.0,0,0.0,0.0,0.0,0.0,0.0,0.0,0.0,0.0
310,116306916,0.0,0.0,0,0.0,0.0,0.0,0.0,0.0,0.0,0.0,0.0
311,116014088,16331119.35452045,0.0,0,363.43188750000036,787297.7459191517,5.639222773972602,4.142458356164384,2001.686261363211,11.769620520547948,404058388.2327674,380427764.39442253
312,115662688,0.0,0.0,0,0.0,0.0,0.0,0.0,0.0,0.0,0.0,0.0
313,115794448,5072064.1869027885,0.0,0,112.87732500000011,244360.72470804944,0.0,0.0,524.1729793355319,0.0,139438015.6920188,118155430.397323
314,115618758,31127910.227076907,0.0,0,692.7426000000006,1499700.661366907,89.0669030899315,19.437591045468746,3310.1737193821123,9.589904554318016,855748994.9847323,725135016.9132384
315,115677301,0.0,0.0,0,0.0,0.0,0.0,0.0,0.0,0.0,0.0,0.0
316,115574835,0.0,0.0,0,0.0,0.0,0.0,0.0,0.0,0.0,0.0,0.0
317,116394681,19194668.09718541,13.929680365296816,0,427.1718000000003,924781.41343943,248.07305753424654,2.6009741095890413,1983.6824894109816,8.078711299847793,527687807.55202985,447146270.64937085
318,116350746,0.0,0.0,0,0.0,0.0,0.0,0.0,0.0,0.0,0.0,0.0
319,115721188,0.0,0.0,0,0.0,0.0,0.0,0.0,0.0,0.0,0.0,0.0
320,116028656,0.0,0.0,0,0.0,0.0,0.0,0.0,0.0,0.0,0.0,0.0
321,116072558,6090195.225714021,0.0,0,135.53553750000012,293412.0042904543,0.0,0.0,629.3918331003832,0.0,167427837.29815713,141873133.22179642
322,116101822,0.0,0.0,0,0.0,0.0,0.0,0.0,0.0,0.0,0.0,0.0
323,115750452,3379188.947289691,0.0,0,75.20287500000006,183553.89442859113,0.0,0.0,434.73526641436297,0.0,92898548.61758046,78719335.90507288
324,115838271,0.0,0.0,0,0.0,0.0,0.0,0.0,0.0,0.0,0.0,0.0
325,116292090,0.0,0.0,0,0.0,0.0,0.0,0.0,0.0,0.0,0.0,0.0
326,116013914,7040523.767848245,0.0,0,156.68482500000013,339196.7110113027,0.0,0.0,727.6036310828276,0.0,193553675.08090058,164011354.22552082
327,115633285,0.0,0.0,0,0.0,0.0,0.0,0.0,0.0,0.0,0.0,0.0
328,115252621,59.22796803652968,0.0,0,0.0,0.2511415525114155,0.0,0.0,0.0,0.016255707762557078,127.12698630136985,35.86785388127854
329,115237966,0.0,0.0,0,0.0,0.0,0.0,0.0,0.0,0.0,0.0,0.0
330,117961015,0.0,0.0,0,0.0,0.0,0.0,0.0,0.0,0.0,0.0,0.0
331,115311377,0.0,0.0,0,0.0,0.0,0.0,0.0,0.0,0.0,0.0,0.0
332,115355262,0.0,0.0,0,0.0,0.0,0.0,0.0,0.0,0.0,0.0,0.0
333,115223478,0.0,0.0,0,0.0,0.0,0.0,0.0,0.0,0.0,0.0,0.0
334,115399102,0.0,0.0,0,0.0,0.0,0.0,0.0,0.0,0.0,0.0,0.0
335,115238085,0.0,0.0,0,0.0,0.0,0.0,0.0,0.0,0.0,0.0,0.0
336,114857398,0.0,0.0,0,0.0,0.0,0.0,0.0,0.0,0.0,0.0,0.0
337,115164853,255899.74552290913,0.0,0,5.694975000000006,12328.678219422933,0.0,0.0,23.81391989648438,0.0,6558559.197648545,4553747.991272421
338,115252681,0.0,0.0,0,0.0,0.0,0.0,0.0,0.0,0.0,0.0,0.0
339,114857506,0.0,0.0,0,0.0,0.0,0.0,0.0,0.0,0.0,0.0,0.0
340,114579332,0.0,0.0,0,0.0,0.0,0.0,0.0,0.0,0.0,0.0,0.0
341,114491523,0.0,0.0,0,0.0,0.0,0.0,0.0,0.0,0.0,0.0,0.0
342,114930746,1613043.267719189,0.0,0,35.897812500000036,87618.7683761074,0.0,0.0,207.51926147611172,0.0,44344776.44366704,37576382.02588431
343,116833837,274.1709344748859,8824497.285388129,0,0.0,12351.866324200913,313932.07762557076,3111.65786563927,232.86305365296803,22292.283860616433,0.0,542496.3988342466
344,116877749,4367793.092386749,0.0,0,97.20397500000009,210430.51627510766,0.0,0.0,406.46494045537867,0.0,111943954.85217218,77725083.23564978
345,116453107,1990331.3540670674,0.0,0,44.29425000000003,108112.64979289185,0.0,0.0,256.05766500781243,0.0,54716944.493202716,46365434.09295555
346,115838383,0.0,0.0,0,0.0,0.48515981735159824,0.7077054794520548,0.9198915525114156,0.0,0.016352739726027396,0.16284246575342465,0.16081621004566207
347,116101743,0.0,0.0,0,0.0,0.0,0.0,0.0,0.0,0.0,0.0,0.0
348,116863080,0.0,0.0,0,0.0,0.0,0.0,0.0,0.0,0.0,0.0,0.0
349,115897001,0.0,0.0,0,0.0,0.0,0.0,0.0,0.0,0.0,0.0,0.0
350,115911637,3588392.4571979567,0.0,0,84.06172500000005,181979.72038413168,0.0,0.0,333.9342536595478,0.0,91968377.3301033,63855612.32377005
351,116687464,1997986.4746596373,0.0,0,44.46461250000004,96258.52609780214,0.0,0.0,185.93175919178182,0.0,51207212.19702519,35554263.16262698
352,116687469,0.0,0.0,0,0.0,0.0,0.0,0.0,0.0,0.0,0.0,0.0
353,115164972,0.0,0.0,0,0.0,0.0,0.0,0.0,0.0,0.0,0.0,0.0
354,115091753,0.0,0.0,0,0.0,0.0,0.0,0.0,0.0,0.0,0.0,0.0
355,115194241,0.0,0.0,0,0.0,0.0,0.0,0.0,0.0,0.0,0.0,0.0
356,115076874,1.3569178082191782,0.0,0,0.0,7.910958904109589,1.5746575342465752,0.0,58.680479452054804,3.1489383561643844,0.0,407.61893835616434
357,114988995,0.0,0.0,0,0.0,0.0,0.0,0.0,0.0,0.0,0.0,0.0
358,115677088,18149197.33631706,0.0,0,403.90515000000033,985844.7999795787,0.0,0.0,2334.9082464118987,0.0,498946379.56549025,422791617.69598365
359,115559972,0.0,0.0,0,0.0,0.0,0.0,0.0,0.0,0.0,0.0,0.0
360,115896636,0.0,0.0,0,0.0,0.0,0.0,0.0,0.0,0.0,0.0,0.0
361,115911330,0.0,0.0,0,0.0,0.0,0.0,0.0,0.0,0.0,0.0,0.0
362,115457424,1097963.0107051318,0.0,0,24.434850000000022,52897.405693592416,0.0,0.0,113.46909686349163,0.0,30184512.23690963,25577415.290839214
363,115530650,0.0,0.0,0,0.0,0.0,0.0,0.0,0.0,0.0,0.0,0.0
364,115779573,0.0,0.0,0,0.0,0.0,0.0,0.0,0.0,0.0,0.0,0.0
365,115428240,0.0,0.0,0,0.0,0.0,0.0,0.0,0.0,0.0,0.0,0.0
366,115120739,0.0,0.0,0,0.0,0.0,0.0,0.0,0.0,0.0,0.0,0.0
367,116687258,12793893.687489377,0.0,0,284.72441250000026,616381.2243120893,0.0,0.0,1322.1862193286736,0.0,351721721.7725157,298038029.3700478
368,116277332,0.0,0.0,0,0.0,0.0,0.0,0.0,0.0,0.0,0.0,0.0
369,116145571,0.0,0.0,0,0.0,0.0,0.0,0.0,0.0,0.0,0.0,0.0
370,116116292,4217971.44650367,0.0,0,93.86973750000006,229115.653984167,0.0,0.0,542.645282381941,0.0,115957832.36828731,98259054.55853273
371,116628663,0.0,0.0,0,0.0,0.0,0.0,0.0,0.0,0.0,0.0,0.0
372,116672620,0.0,0.0,0,0.0,0.0,0.0,0.0,0.0,0.0,0.0,0.0
373,116028399,0.0,0.0,0,0.0,0.0,0.0,0.0,0.0,0.0,0.0,0.0
374,116043008,0.0,0.0,0,0.0,0.0,0.0,0.0,0.0,0.0,0.0,0.0
375,115940524,0.0,0.0,0,0.0,0.0,0.0,0.0,0.0,0.0,0.0,0.0
376,116379849,0.0,0.0,0,0.0,0.0,0.0,0.0,0.0,0.0,0.0,0.0
377,116189531,0.0,0.0,0,0.0,0.0,0.0,0.0,0.0,0.0,0.0,0.0
378,116599466,0.0,0.0,0,0.0,0.0,0.0,0.0,0.0,0.0,0.0,0.0
379,117536370,0.0,0.0,0,0.0,6666.666666666667,24557.70833333333,6858.125,140.41666666666666,776.4583333333335,1388.9583333333333,28.95833333333334
380,117389965,0.0,0.0,0,0.0,0.0,0.0,0.0,0.0,0.0,0.0,0.0
381,117199645,0.0,0.0,0,0.0,0.0,0.0,0.0,0.0,0.0,0.0,0.0
382,117155726,0.0,0.0,0,0.0,0.0,0.0,0.0,0.0,0.0,0.0,0.0
383,117009329,3729137.3172355574,0.0,0,82.99087500000009,179661.50738560772,0.0,0.0,347.0319096026142,0.0,95575584.88881,66360173.71896989
384,117609570,0.0,0.0,0,0.0,0.0,0.0,0.0,0.0,0.0,0.0,0.0
385,116994682,0.0,0.0,0,0.0,0.0,0.0,0.0,0.0,0.0,0.0,0.0
386,116980042,94837101.84398378,0.0,0,2110.572337500002,4569039.760113574,0.0,0.0,9800.949750098462,0.0,2607202276.5906777,2209261983.502856
387,116862914,0.0,0.0,0,0.0,0.0,0.0,0.0,0.0,0.0,0.0,0.0
388,116980040,0.0,0.0,0,0.0,0.0,0.0,0.0,0.0,0.0,0.0,0.0
389,116980038,0.0,0.0,0,0.0,0.0,0.0,0.0,0.0,0.0,0.0,0.0
390,117550965,0.6825707762557078,0.0,0,0.0,3.9794520547945207,0.7921004566210045,0.0,29.518059360730593,1.5840114155251144,0.0,205.04467808219178
391,117507044,6.907945205479453,0.0,0,0.0,40.27397260273972,8.016438356164384,0.0,298.7369863013699,16.030958904109593,0.0,2075.1509589041098
392,116877533,0.0,0.0,0,0.0,0.0,0.0,0.0,0.0,0.0,0.0,0.0
393,117536319,623.5654109589042,0.0,0,0.0,3635.4452054794515,723.626712328767,0.0,26966.347602739726,1447.080308219178,0.0,187319.43030821913
394,117565596,0.0,0.0,0,0.0,0.0,0.0,0.0,0.0,0.0,0.0,0.0
395,117580231,875964.5135207274,0.0,0,19.494337500000015,42202.01390494774,0.0,0.0,81.51687964565805,0.0,22450452.638104632,15587829.66243252
396,116833649,17142012.069575805,0.0,0,381.4903125000003,826063.2403132058,62291.23239497717,11.984575342465753,1771.5419256326998,33.49926255707763,471257206.10870427,399328678.28706497
397,116775086,0.0,0.0,0,0.0,0.0,0.0,0.0,0.0,0.0,0.0,0.0
398,117492402,0.0,0.0,0,0.0,0.0,0.0,0.0,0.0,0.0,0.0,0.0
399,117477761,0.0,0.0,0,0.0,0.0,0.0,0.0,0.0,0.0,0.0,0.0
400,117463115,67119301.61397497,26.466392694063956,0,1493.714062500001,3234483.9713190296,808.418299719709,2975.628703272688,21995.132094718356,1462.8553945293,1845198804.726023,1563563736.3341148
401,117404545,0.0,0.0,0,0.0,5.821917808219179,0.0,0.0,0.0,0.0,0.0,0.0
402,117345969,0.0,0.0,0,0.0,0.0,0.0,0.0,0.0,0.0,0.0,0.0
403,117302047,0.0,0.0,0,0.0,0.0,0.0,0.0,0.0,0.0,0.0,0.0
404,117565669,0.0,0.0,0,0.0,0.0,0.0,0.0,0.0,0.0,0.0,0.0
405,117404552,0.0,0.0,0,0.0,0.0,0.0,0.0,0.0,0.0,0.0,0.0
406,117038586,0.0,0.0,0,0.0,0.0,0.0,0.0,0.0,0.0,0.0,0.0
407,117507112,5419171.20830047,0.0,0,120.59231250000009,294355.2294065395,0.0,2.864965068493151,1221.142902296193,12.665396609589052,148971713.11645022,126232678.88436814
408,117038583,0.0,0.0,0,0.0,0.0,0.0,0.0,0.0,0.0,0.0,0.0
409,117463193,0.0,0.0,0,0.0,0.0,0.0,0.0,0.0,0.0,0.0,0.0
410,117302073,0.0,0.0,0,0.0,0.0,0.0,0.0,0.0,0.0,0.0,0.0
411,117199652,0.0,0.0,0,0.0,0.0,0.0,0.0,0.0,0.0,0.0,0.0
412,117507068,0.0,0.0,0,0.0,0.0,0.0,0.0,0.0,0.0,0.0,0.0
413,117082500,0.0,0.0,0,0.0,0.0,0.0,0.0,0.0,0.0,0.0,0.0
414,117155695,0.0,0.0,0,0.0,1.7126141552511418,2.4982003424657533,3.2472171803652974,0.0,0.05772517123287672,0.574833904109589,0.5676812214611872
415,117433900,3614310.5083470717,0.0,0,80.43543750000008,174129.4081845846,0.0,0.0,373.52128001378463,0.0,99362363.48903024,84196571.25121875
416,117433864,0.0,0.0,0,0.0,0.0,0.0,0.0,0.0,0.0,0.0,0.0
417,117550992,1461034.452653109,20.02391552511417,0,32.514900000000026,79362.38888079066,0.0,0.09985918664383563,187.97681065932593,0.8469215171232879,40165844.96863673,34035375.23914475
418,118326987,0.0,0.0,0,0.0,0.0,0.0,0.0,0.0,0.0,0.0,0.0
419,117887756,0.0,0.0,0,0.0,0.0,0.0,0.0,0.0,0.0,0.0,0.0
420,117799912,0.0,0.0,0,0.0,0.0,0.0,0.0,0.0,0.0,0.0,0.0
421,117712061,8384.208447488585,0.0,0,0.0,729.4520547945207,229.1614155251142,1043.6189497716896,334.13767123287676,502.2358447488584,1310.5335616438358,47347.74406392695
422,117799898,0.0,0.0,0,0.0,0.0,0.0,0.0,0.0,0.0,0.0,0.0
423,117829173,20985.335189041096,0.0,0,0.0,473.09589041095904,0.0,126.41122191780823,12703.381610958902,472.0550794520548,37132.52371506849,12959.310717808221
424,117858447,0.0,0.0,0,0.0,0.0,0.0,0.0,0.0,0.0,0.0,0.0
425,117931639,0.0,0.0,0,0.0,37.59018264840183,54.8330205479452,71.27319748858449,0.0,1.2670102739726028,12.617034246575344,12.4600399543379
426,117931632,0.0,0.0,0,0.0,414.32648401826486,604.3804794520547,785.587385844749,0.0,13.965239726027397,139.06746575342467,137.33704337899545
427,117887708,0.0,0.0,0,0.0,0.0,0.0,0.0,0.0,0.0,0.0,0.0
428,117858426,0.0,0.0,0,0.0,0.0,0.0,0.0,0.0,0.0,0.0,0.0
429,117829143,0.0,0.0,0,0.0,0.0,0.0,0.0,0.0,0.0,0.0,0.0
430,117712013,14929672.332815198,0.0,0,332.2555500000003,719278.2694511194,0.0,0.0,1250.4139785646335,0.0,344374808.33191514,265674220.41389346
431,118356085,0.0,0.0,0,0.0,0.0,0.0,0.0,0.0,0.0,0.0,0.0
432,117682807,0.0,0.0,0,0.0,0.0,0.0,0.0,0.0,0.0,0.0,0.0
433,117565634,20.86070205479452,0.0,0,0.0,171.57534246575344,1034.0845890410958,178.1809931506849,0.0,7.32054794520548,80.42594178082192,1.2439212328767122
434,118326763,237.66621004566215,0.0,0,0.0,1385.6164383561643,275.8036529680365,0.0,10277.974885844751,551.5413242009133,0.0,71395.07465753425
435,118400074,0.0,0.0,0,0.0,52.882420091324214,77.13989726027395,100.26817922374431,0.0,1.782448630136986,17.749828767123287,17.528966894977167
436,118429344,0.0,0.0,0,0.0,0.0,0.0,0.0,0.0,0.0,0.0,0.0
437,117887697,0.0,0.0,0,0.0,802.9394977168951,1171.2525684931504,1522.4205194063932,0.0,27.06378424657534,269.5042808219178,266.1508276255708
438,118341519,0.0,0.0,0,0.0,0.0,0.0,0.0,0.0,0.0,0.0,0.0
439,117887696,0.0,0.0,0,0.0,0.0,0.0,0.0,0.0,0.0,0.0,0.0
440,118077874,0.0,0.0,0,0.0,9.218036529680367,13.44640410958904,17.4779394977169,0.0,0.3107020547945206,3.0940068493150683,3.05550799086758
441,117843765,0.0,0.0,0,0.0,17.077625570776256,280.27397260273966,0.0,0.0,0.0,0.0,0.0
442,117960914,12893410.255192732,0.0,0,286.9391250000003,621175.7102863094,0.0,0.0,1332.4707689447866,0.0,354457568.99717593,300356301.07469565
443,118282961,57060175.30832834,0.0,0,1269.8577375000011,2749061.920028479,43.13578130136985,56.17317765410961,5896.889509010361,0.9908343036529679,1568662656.0190203,1329235866.3425786
444,118268322,0.0,0.0,0,0.0,0.0,0.0,0.0,0.0,0.0,0.0,0.0
445,118033967,0.0,0.0,0,0.0,7.568493150684933,124.21232876712328,0.0,0.0,0.0,0.0,0.0
446,117975547,0.0,0.0,0,0.0,17.46575342465754,25.477397260273975,33.11609589041097,0.0,0.5886986301369864,5.862328767123288,5.789383561643837
447,118502456,26804962.171013173,0.0,0,596.5364625000004,1291434.6818952523,112.40321917808217,0.37960939726027393,2770.160391654425,1.8656354757990872,736905014.7919054,624430319.8272613
448,118253718,0.0,0.0,0,0.0,0.0,0.0,0.0,0.0,0.0,0.0,0.0
449,118429375,0.9737671232876712,31341.780821917808,0,0.0,43.86986301369863,0.0,11.051609589041098,0.827054794520548,79.17503424657535,0.0,1926.77301369863
450,118034104,0.0,0.0,0,0.0,0.0,0.0,0.0,0.0,0.0,0.0,0.0
451,118034158,0.0,0.0,0,0.0,0.0,472.1461187214611,20.091324200913245,0.0,70.31963470319636,0.0,0.0
452,118224443,0.0,0.0,0,0.0,0.0,0.0,0.0,0.0,0.0,0.0,0.0
453,118268367,0.0,0.0,0,0.0,0.0,0.0,0.0,0.0,0.0,0.0,0.0
454,117990230,0.0,0.0,0,0.0,0.0,0.0,0.0,0.0,0.0,0.0,0.0
455,117697341,0.0,0.0,0,0.0,0.0,0.0,0.0,0.0,0.0,0.0,0.0
456,117770624,35363819.922137454,0.0,0,787.0017375000007,1703787.0959242005,51.36219217392124,61.035572056720895,3682.5927270828256,24.921672813774734,972188118.8028225,823815612.8723665
457,118019310,0.0,0.0,0,0.0,0.0,0.0,0.0,0.0,0.0,0.0,0.0
458,118034087,0.9005000000000001,0.0,0,0.0,6.705479452054795,3.1681164383561637,2.7596746575342466,38.9425,2.1388082191780824,0.4885273972602739,270.993198630137
459,118253734,6449985.893564608,0.0,0,143.54257500000014,310745.91512032674,0.0,0.0,666.5744355586389,0.0,177318977.26423606,150254577.07706144
460,117946325,0.0,0.0,0,0.0,0.0,0.0,0.0,0.0,0.0,0.0,0.0
461,118122007,261588256.7306551,0.0,0,6813.502162500005,14750104.38304028,0.0,0.0,16151.186561433844,0.0,7168214586.211858,6646324783.389079
462,117741335,32.750143835616434,12.431506849315069,0,0.0,88.43675799086759,128.97945091324198,163.45303310502285,4.969784246575342,6.08767808219178,38.62775,117.40250913242006
463,117799880,1718027.7787029466,0.0,0,38.234212500000034,93322.2854900402,2.569607825342466,1.1383657962328768,221.0255998501502,0.023956763698630146,47230945.74143985,40022032.320400335
464,118253735,0.0,0.0,0,0.0,0.0,0.0,0.0,0.0,0.0,0.0,0.0
465,117990126,0.0,0.0,0,0.0,0.0,0.0,0.0,0.0,0.0,0.0,0.0
466,118078064,2952.5142066210046,0.0,0,0.0,12.519406392694064,0.0,0.0,0.0,0.8103470319634706,6337.280267123287,1788.0125159817353
467,118136651,0.0,0.0,0,0.0,0.0,0.0,0.0,0.0,0.0,0.0,0.0
468,117785239,8472031.318658022,0.0,0,188.54261250000013,408195.2143840575,243.33333333333334,0.0,875.542921714611,0.0,232907785.15870413,197358801.05391574
469,118531765,0.0,0.0,0,0.0,0.0,0.0,0.0,0.0,0.0,0.0,0.0
470,118531774,0.0,0.0,0,0.0,2.809075342465754,4.097614726027397,5.326172089041098,0.0,0.09468236301369864,0.9428578767123287,0.9311258561643836
471,118956296,0.0,0.0,0,0.0,0.0,0.0,0.0,0.0,0.0,0.0,0.0
472,118927016,0.0,0.0,0,0.0,0.0,292.73059360730593,12.456621004566209,0.0,43.59817351598175,0.0,0.0
473,118897736,177.13116438356167,0.0,0,0.0,57.87671232876713,206.21130136986298,22.048287671232874,7.059246575342466,42.11746575342466,27.687328767123287,1000.3044520547945
474,118546451,40783844.16925204,0.0,0,1062.283200000001,2299667.2945357785,0.0,0.0,2518.1079766446674,0.0,1117585897.431321,1036218818.2746996
475,118517173,0.0,0.0,0,0.0,0.0,0.0,0.0,0.0,0.0,0.0,0.0
476,118458660,0.0,0.0,0,0.0,0.0,0.0,0.0,0.0,0.0,0.0,0.0
477,118487895,2389491.213536562,0.0,0,53.177437500000046,129794.5823063015,0.0,0.0,307.40988903410454,0.0,65690397.647059314,55663996.42478454
478,119014815,7078799.370811057,0.0,0,157.53663750000015,384512.7374227411,0.0,0.0,910.6930030744892,0.0,194605924.01346228,164902997.18884686
479,119146603,0.0,0.0,0,0.0,0.0,0.0,0.0,0.0,0.0,0.0,0.0
480,118751338,0.0,0.0,0,0.0,2.425799086757991,3.5385273972602733,4.599457762557078,0.0,0.08176369863013698,0.8142123287671232,0.8040810502283106
481,119014842,0.0,0.0,0,0.0,0.0,0.0,0.0,0.0,0.0,0.0,0.0
482,118985561,0.0,0.0,0,0.0,1.2128995433789955,1.7692636986301367,2.299728881278539,0.0,0.04088184931506849,0.4071061643835616,0.4020405251141553
483,118678141,0.0,0.0,0,0.0,0.0,0.0,0.0,0.0,0.0,0.0,0.0
484,118985556,0.0,0.0,0,0.0,0.0,0.0,0.0,0.0,0.0,0.0,0.0
485,118678115,4430309.082744158,0.0,0,103.77510000000008,224669.15206457276,0.0,2.746289835616439,841.1413724496533,8.853499902739726,121787316.14083518,103197584.82283974
486,118927000,0.0,0.0,0,0.0,0.0,0.0,0.0,0.0,0.0,0.0,0.0
487,118970915,0.0,0.0,0,0.0,0.0,0.0,0.0,0.0,0.0,0.0,0.0
488,118795200,0.0,0.0,0,0.0,58.33333333333334,481.25,60.41666666666666,0.0,0.0,0.0,0.0
489,118648863,0.0,0.0,0,0.0,0.0,0.0,0.0,0.0,0.0,0.0,0.0
490,118912319,0.0,0.0,0,0.0,0.0,0.0,0.0,0.0,0.0,0.0,0.0
491,118912360,0.0,0.0,0,0.0,0.0,0.0,0.0,0.0,0.0,0.0,0.0
492,118736638,1957523.6943846429,0.0,0,43.56412500000004,106330.57314795407,0.0,0.0,251.8369342659254,0.0,53815016.83672136,45601168.69581893
493,118941584,0.0,0.0,0,0.0,0.0,0.0,0.0,0.0,0.0,0.0,0.0
494,119058721,2000173.651971795,0.0,0,44.51328750000004,108647.27278637321,0.0,0.0,257.3238842303786,0.0,54987522.79014713,46594713.71209654
495,118941625,0.0,0.0,0,0.0,0.0,0.0,0.0,0.0,0.0,0.0,0.0
496,118736716,0.0,0.0,0,0.0,0.0,0.0,0.0,0.0,0.0,0.0,0.0
497,118590376,6375621.8649511,0.0,0,141.8876250000001,347661.480568068,6140.078974315067,4.019926084474887,820.2286741733774,0.07146147260273973,175274608.62116662,148522242.87965193
498,119834574,3088294.3647721964,0.0,0,68.72910000000006,167752.81484347614,0.0,0.0,357.58030845266825,0.0,76411311.05710113,71942849.38379477
499,118941625,0.0,0.0,0,0.0,0.0,0.0,0.0,0.0,0.0,0.0,0.0
500,118985548,120922472.05747907,0.0,0,2691.094725000002,6568381.585312188,10.278431301369864,4.553463184931507,15556.769368447172,0.09582705479452058,3324324959.4471397,2816929404.8609056
501,119029479,6948.627535159815,0.0,0,0.0,251.19520547945208,726.5,41.85706301369863,4206.321531506849,156.30605342465756,12295.25639748858,4291.064330365297
502,119000165,0.0,0.0,0,0.0,0.0,0.0,0.0,0.0,0.0,0.0,0.0
503,118897684,729.1638356164384,0.0,0,0.0,16.438356164383567,0.0,4.392328767123288,441.39616438356165,16.40219178082192,1290.219726027397,450.2887671232877
504,118941631,0.0,0.0,0,0.0,0.0,0.0,0.0,0.0,0.0,0.0,0.0
505,118853816,0.0,0.0,0,0.0,0.0,0.0,0.0,0.0,0.0,0.0,0.0
506,118809896,8779163.618704932,0.0,0,195.2597625000002,423166.3413021545,144.91231906392696,659.9419971461188,1118.0306370601552,317.59343436073055,241206348.3262282,204419983.48699683
507,118722047,0.0,0.0,0,0.0,0.0,0.0,0.0,0.0,0.0,0.0,0.0
508,118531719,325.75382420091324,0.0,0,0.0,1.3812785388127855,0.0,0.0,0.0,0.08940639269406392,699.1984246575342,197.27319634703198
509,118077908,0.0,0.0,0,0.0,0.0,0.0,0.0,0.0,0.0,0.0,0.0
510,118473178,0.0,0.0,0,0.0,0.0,0.0,0.0,0.0,0.0,0.0,0.0
511,118282869,2592898.703567597,0.0,0,57.70421250000005,124920.06862500758,0.0,0.0,241.29403450668565,0.0,66454460.930020094,46140754.2192603
512,117975405,750201.8180714346,0.0,0,16.695525000000014,36143.04811335099,0.0,0.0,69.81345747430889,0.0,19227229.100798722,13349876.589798635
513,118048576,0.0,0.0,0,0.0,0.0,0.0,0.0,0.0,0.0,0.0,0.0
514,118780646,0.0,0.0,0,0.0,0.0,0.0,0.0,0.0,0.0,0.0,0.0
515,118238966,0.0,0.0,0,0.0,2.0037100456621,2.922823630136986,3.7991521118721465,0.0,0.06753681506849314,0.6725393835616437,0.6641709474885843
516,118590376,1510245.9340475935,0.0,0,33.61008750000003,82034.92822196904,0.0,0.0,194.29430515153243,0.0,41518736.45335878,35181683.78152286
517,118502526,0.0,0.0,0,0.0,0.0,0.0,0.0,0.0,0.0,0.0,0.0
518,118063361,0.0,0.0,0,0.0,0.0,0.0,0.0,0.0,0.0,0.0,0.0
519,118400128,0.0,0.0,0,0.0,0.0,0.0,0.0,0.0,0.0,0.0,0.0
520,118326894,0.0,0.0,0,0.0,97.03196347031964,141.54109589041093,183.97831050228316,0.0,3.2705479452054793,32.56849315068493,32.163242009132425
521,118268330,0.0,0.0,0,0.0,0.0,0.0,0.0,0.0,0.0,0.0,0.0
522,118400107,0.0,0.0,0,0.0,0.0,0.0,0.0,0.0,0.0,0.0,0.0
523,118341549,0.0,0.0,0,0.0,0.0,0.0,0.0,0.0,0.0,0.0,0.0
524,118224492,0.0,0.0,0,0.0,0.0,0.0,0.0,0.0,0.0,0.0,0.0
525,118136651,0.0,0.0,0,0.0,0.0,0.0,0.0,0.0,0.0,0.0,0.0
526,118034163,0.0,0.0,0,0.0,0.0,18562.2100456621,789.881278538813,0.0,2764.5844748858453,0.0,0.0
527,117917038,0.0,0.0,0,0.0,0.0,0.0,0.0,0.0,0.0,0.0,0.0
528,117785271,0.0,0.0,0,0.0,0.0,0.0,0.0,0.0,0.0,0.0,0.0
529,117829200,85293523.47754525,136.34046232876722,0,1898.1789750000014,4114254.065787529,17774.319337849316,42.95831869434931,8925.421534046816,2467.395724600862,2344832370.5412087,1986938976.1314967
530,117799924,0.0,0.0,0,0.0,0.0,0.0,0.0,0.0,0.0,0.0,0.0
531,117712086,0.0,0.0,0,0.0,0.0,0.0,0.0,0.0,0.0,0.0,0.0
532,117360725,0.0,0.0,0,0.0,0.0,0.0,0.0,0.0,0.0,0.0,0.0
533,118063373,0.0,0.0,0,0.0,0.0,0.0,0.0,0.0,0.0,0.0,0.0
534,117785186,0.0,0.0,0,0.0,0.0,0.0,0.0,0.0,0.0,0.0,0.0
535,117755936,0.0,0.0,0,0.0,0.0,0.0,0.0,0.0,0.0,0.0,0.0
536,117653448,0.0,0.0,0,0.0,0.0,0.0,0.0,0.0,0.0,0.0,0.0
537,117375284,0.0,0.0,0,0.0,0.0,0.0,0.0,0.0,0.0,0.0,0.0
538,117389897,0.0,0.0,0,0.0,0.0,0.0,0.0,0.0,0.0,0.0,0.0
539,117375239,0.0,0.0,0,0.0,0.0,0.0,0.0,0.0,0.0,0.0,0.0
540,116965331,3756477.0760505446,104.47260273972613,0,83.59931250000008,180981.33758786265,0.0,0.5210044520547945,349.6274643480236,4.418720958904111,96276285.65778954,66847042.17193205
541,117551023,0.0,0.0,0,0.0,0.0,0.0,0.0,0.0,0.0,0.0,0.0
542,117477794,0.0,0.0,0,0.0,25.315068493150687,0.0,0.0,0.0,0.0,0.0,0.0
543,117653475,0.0,0.0,0,0.0,0.0,0.0,0.0,0.0,0.0,0.0,0.0
544,117302123,0.0,0.0,0,0.0,0.0,0.0,0.0,0.0,0.0,0.0,0.0
545,117170366,0.0,0.0,0,0.0,0.0,0.0,0.0,0.0,0.0,0.0,0.0
546,116936119,0.0,0.0,0,0.0,0.0,0.0,0.0,0.0,0.0,0.0,0.0
547,116892179,0.0,0.0,0,0.0,0.0,0.0,0.0,0.0,0.0,0.0,0.0
548,116745788,0.0,0.0,0,0.0,0.0,0.0,0.0,0.0,0.0,0.0,0.0
549,116643304,0.0,0.0,0,0.0,0.0,0.0,0.0,0.0,0.0,0.0,0.0
550,116570102,6720102.291616554,0.0,0,149.5539375000001,365028.6994380881,0.0,0.0,864.546346963191,0.0,184744848.30259934,156547028.84681967
551,116511538,0.0,0.0,0,0.0,0.0,0.0,0.0,0.0,0.0,0.0,0.0
552,116482252,0.0,0.0,0,0.0,0.0,0.0,0.0,0.0,0.0,0.0,0.0
553,116233368,5647291.820001294,0.0,0,125.67885000000011,272073.90737222234,0.0,0.0,525.5345399378004,0.0,144736750.8404149,100493823.1920119
554,116130858,0.4263744292237443,0.0,0,0.0,3.506849315068493,21.13578082191781,3.64186301369863,0.0,0.1496255707762557,1.6438356164383559,0.025424657534246577
555,116101571,0.0,0.0,0,0.0,0.0,0.0,0.0,0.0,0.0,0.0,0.0
556,115369583,0.0,0.0,0,0.0,0.0,0.0,0.0,0.0,0.0,0.0,0.0
557,115281736,0.0,0.0,0,0.0,0.0,0.0,0.0,0.0,0.0,0.0,0.0
558,116921488,3.7129783105022827,0.0,0,0.0,14.158675799086758,4.143832191780822,4.501383561643835,0.0,1.7838139269406392,2.1022945205479453,3.11114497716895
559,116584790,0.0,0.0,0,0.0,21.83219178082192,31.84674657534246,41.395119863013704,0.0,0.7358732876712328,7.327910958904109,7.236729452054793
560,116511592,0.0,0.0,0,0.0,21.7351598173516,179.31506849315068,22.511415525114156,0.0,0.0,0.0,0.0
561,116453033,2394959.15681697,0.0,0,53.29912500000003,115383.78333562489,0.0,0.0,247.50729295920982,0.0,65840718.92313954,55791373.99097398
562,115647855,0.0,0.0,0,0.0,0.0,0.0,0.0,0.0,0.0,0.0,0.0
563,116306613,6516694.801585524,0.0,0,145.02716250000012,353979.82423947396,0.0,0.0,838.3778163634915,0.0,179152896.83241487,151808583.3845726
564,115955252,0.0,0.0,0,0.0,0.0,0.0,0.0,0.0,0.0,0.0,0.0
565,115925972,0.0,0.0,0,0.0,0.0,0.0,0.0,0.0,0.0,0.0,0.0
566,115867412,3670083.5298071858,0.0,0,81.67665000000007,199354.97401370606,0.0,0.0,472.15907899242774,0.0,100895640.50504853,85495822.42635101
567,115516051,0.0,0.0,0,0.0,0.0,0.0,0.0,0.0,0.0,0.0,0.0
568,115179328,0.0,0.0,0,0.0,0.0,0.0,0.0,0.0,0.0,0.0,0.0
569,115120739,0.0,0.0,0,0.0,0.0,0.0,0.0,0.0,0.0,0.0,0.0
570,115032923,0.0,0.0,0,0.0,0.0,0.0,0.0,0.0,0.0,0.0,0.0
571,115076873,1416197.3096246468,0.0,0,31.517062500000023,68229.22347928505,0.0,0.0,146.3570522293044,0.0,38933210.50477886,32990789.643064532
572,119366120,0.0,0.0,0,0.0,0.0,0.0,0.0,0.0,0.0,0.0,0.0
573,118868411,1074.9876198630138,0.0,0,0.0,4.558219178082192,0.0,0.0,0.0,0.295041095890411,2307.3548013698633,651.0015479452056
574,119088029,0.0,0.0,0,0.0,0.0,0.0,0.0,0.0,0.0,0.0,0.0
575,118151083,7701051.316121053,0.0,0,171.38467500000013,371019.4530819501,0.0,0.0,716.6565124403546,0.0,197373392.60615835,137040569.89119822
576,118663567,0.0,0.0,0,0.0,0.0,0.0,0.0,0.0,0.0,0.0,0.0
577,118487880,0.0,0.0,0,0.0,0.0,0.0,0.0,0.0,0.0,0.0,0.0
578,118107269,0.0,0.0,0,0.0,0.0,0.0,0.0,0.0,0.0,0.0,0.0
579,118414807,0.0,0.0,0,0.0,0.0,0.0,0.0,0.0,0.0,0.0,0.0
580,118136651,0.0,0.0,0,0.0,0.0,0.0,0.0,0.0,0.0,0.0,0.0
581,117082525,0.0,0.0,0,0.0,0.0,0.0,0.0,0.0,0.0,0.0,0.0
582,116833582,0.0,0.0,0,0.0,0.0,0.0,0.0,0.0,0.0,0.0,0.0
583,116731205,0.0,0.0,0,0.0,0.0,0.0,0.0,0.0,0.0,0.0,0.0
584,118048572,0.0,0.0,0,0.0,0.0,0.0,0.0,0.0,0.0,0.0,0.0
585,119190480,3389031.2451944184,0.0,0,75.42191250000006,184088.90719036668,6.051500000000001,0.0,436.001485636929,0.0,93169126.91452485,78948615.52421387
586,119234403,0.0,0.0,0,0.0,0.0,0.0,0.0,0.0,0.0,0.0,0.0
587,118180513,0.0,0.0,0,0.0,1.9066780821917808,2.781282534246575,3.6151738013698633,0.0,0.06426626712328766,0.6399708904109588,0.6320077054794521
588,118048740,0.0,0.0,0,0.0,2.9109589041095894,4.246232876712328,5.519349315068493,0.0,0.09811643835616439,0.9770547945205478,0.9648972602739726
589,118063380,0.0,0.0,0,0.0,6.792237442922375,9.907876712328765,12.878481735159818,0.0,0.22893835616438354,2.279794520547945,2.2514269406392695
590,115076823,0.0,0.0,0,0.0,0.0,0.0,0.0,0.0,0.0,0.0,0.0
591,118780690,0.0,0.0,0,0.0,0.0,0.0,0.0,0.0,0.0,0.0,0.0
592,117638735,3385750.4792261757,0.0,0,75.34890000000006,183910.30975757865,0.0,0.0,435.5794125627403,0.0,93078934.14887671,78872188.98450021
593,115413566,1331990.9831064218,0.0,0,29.643075000000024,72352.31178447379,0.0,0.0,171.361668120613,0.0,36618262.85314336,31029175.12374718
594,118502518,0.0,0.0,0,0.0,0.0,0.0,0.0,0.0,0.0,0.0,0.0
595,116189439,0.0,0.0,0,0.0,0.0,0.0,0.0,0.0,0.0,0.0,0.0
596,116350532,0.0,0.0,0,0.0,5.142694063926941,84.40068493150686,0.0,0.0,0.0,0.0,0.0
597,119073378,0.0,0.0,0,0.0,0.0,0.0,0.0,0.0,0.0,0.0,0.0
598,118663448,0.0,0.0,0,0.0,0.0,0.0,0.0,0.0,0.0,0.0,0.0
599,118634183,0.0,0.0,0,0.0,0.0,0.0,0.0,0.0,0.0,0.0,0.0
600,118517092,12378.959032248858,0.0,0,0.0,1077.007705479452,338.3479540525115,1540.8629574771687,493.34132962328766,741.5317719748858,1934.9520436643836,69907.11021889267
601,118546361,5042537.293188597,0.0,0,112.2202125000001,273905.1803269364,0.0,0.0,648.7263150280346,0.0,138626280.80118558,117467591.5399
602,118473188,0.0,0.0,0,0.0,66295.82762557079,1088031.5239726028,0.0,0.0,0.0,0.0,0.0
603,118473146,0.0,0.0,0,0.0,0.0,0.0,0.0,0.0,0.0,0.0,0.0
604,118370686,0.3958088127853881,0.0,0,0.0,30.640936073059365,465.4593228310502,0.0,17.116918036529682,0.9185357762557079,0.0,118.90120910958905
605,118063245,0.0,0.0,0,0.0,0.0,0.0,0.0,0.0,0.0,0.0,0.0
606,117887578,0.0,0.0,0,0.0,1.4554794520547947,2.123116438356164,2.7596746575342466,0.0,0.049058219178082195,0.4885273972602739,0.4824486301369863
607,118063228,5453726.627874992,0.0,0,121.37111250000011,262748.3687190691,0.0,0.0,563.6159223687577,0.0,149930440.76241866,127046384.51734579
608,118429286,0.0,0.0,0,0.0,0.0,0.0,0.0,0.0,0.0,0.0,0.0
609,118385374,0.0,0.0,0,0.0,10.673515981735159,15.569520547945205,20.237614155251148,0.0,0.35976027397260274,3.5825342465753423,3.5379566210045663
610,118443977,1773800.8001630672,0.0,0,39.47542500000004,96350.94393630254,0.0,0.0,228.20084211135816,0.0,48764221.96042571,41321282.47185379
611,118443993,0.0,0.0,0,0.0,15.767694063926939,23.000428082191778,29.89647545662101,0.0,0.5314640410958904,5.2923801369863,5.226526826484017
612,118443987,0.0,0.0,0,0.0,0.0,0.0,0.0,0.0,0.0,0.0,0.0
613,118107272,0.0,0.0,0,0.0,9.014269406392694,13.149167808219175,17.091585045662104,0.0,0.30383390410958905,3.02561301369863,2.987965182648402
614,118224401,0.0,0.0,0,0.0,533.675799086758,778.4760273972602,1011.8807077625573,0.0,17.988013698630137,179.1267123287671,176.8978310502283
615,117960871,0.0,0.0,0,0.0,0.0,0.0,0.0,0.0,0.0,0.0,0.0
616,118063347,0.0,0.0,0,0.0,0.0,0.0,0.0,0.0,0.0,0.0,0.0
617,117990124,0.0,0.0,0,0.0,0.0,0.0,0.0,0.0,0.0,0.0,0.0
618,118341553,49.270504946727534,36.4406392694064,0,0.0,11.04261796042618,0.0,14.911951293759513,12.705636225266362,6.896667047184169,24.777426179604266,0.10656126331811262
619,118268424,0.0,0.0,0,0.0,0.0,0.0,0.0,0.0,0.0,0.0,0.0
620,118092725,0.0,0.0,0,0.0,0.0,0.0,0.0,0.0,0.0,0.0,0.0
621,118195196,0.0,0.0,0,0.0,0.0,0.0,0.0,0.0,0.0,0.0,0.0
622,118078066,0.0,0.0,0,0.0,0.0,0.0,0.0,0.0,0.0,0.0,0.0
623,117902414,14453961.267420044,0.0,0,321.66873750000025,696359.5727611665,0.0,0.0,1493.7460689688933,0.0,397359261.1904728,336709858.4651613
624,117975603,0.0,0.0,0,0.0,0.0,0.0,0.0,0.0,0.0,0.0,0.0
625,117624248,202753595.0806944,728.4622317351606,0,4749.706500000003,10282358.326783337,57.45764564953766,11.077947370291097,18902.63255333601,29.70262328729706,5016576083.703367,4723214829.611027
626,117799907,0.0,0.0,0,0.0,0.0,0.0,0.0,0.0,0.0,0.0,0.0
627,117785239,0.0,0.0,0,0.0,0.0,0.0,0.0,0.0,0.0,0.0,0.0
628,117931634,0.0,0.0,0,0.0,0.0,0.0,0.0,0.0,0.0,0.0,0.0
629,117902339,6326410.375427465,0.0,0,140.7924375000001,343643.7796988348,0.0,0.0,813.8975780605468,0.0,173921716.424823,147375844.08118019
630,117873052,0.0,0.0,0,0.0,0.0,0.0,0.0,0.0,0.0,0.0,0.0
631,117609526,13540872.52724064,0.0,0,301.3469250000002,653641.7309090612,3779.360810838699,717.5917829666096,5369.335025074988,205.7053951333714,372255786.1563855,315534457.7846112
632,117463118,0.0,0.0,0,0.0,0.0,0.0,0.0,0.0,0.0,0.0,0.0
633,117433830,0.0,0.0,0,0.0,0.0,0.0,0.0,0.0,0.0,0.0,0.0
634,117345966,97.72614726027398,0.0,0,0.0,0.41438356164383566,0.0,0.0,0.0,0.026821917808219176,209.75952739726029,59.181958904109585
635,117580306,0.0,0.0,0,0.0,0.0,0.0,0.0,0.0,0.0,0.0,0.0
636,117682780,68927926.36587325,255.83022260274,0,1533.9682875000015,3321836.6728134546,1839186.7144474497,827.1201326046662,7165.1664855091085,98.37506600386546,1894920680.5063038,1605701290.2894058
637,117653500,0.0,0.0,0,0.0,0.0,0.0,0.0,0.0,0.0,0.0,0.0
638,117580298,164.06186301369863,0.0,0,0.0,3.6986301369863024,0.0,0.9882739726027397,99.31413698630138,3.6904931506849317,290.29943835616433,101.31497260273973
639,117433887,0.0,0.0,0,0.0,0.0,0.0,0.0,0.0,0.0,0.0,0.0
640,117346044,3058767.471058015,0.0,0,68.07198750000005,166244.7878351803,713.3326655000001,67.89543749999999,396.0429547241552,9.100091666666673,84089776.22533162,71255012.0010506
641,117258207,14420186.453358443,486.8448458904113,0,320.91427500000026,695239.713259725,1409.8807027602736,400.7622295196918,1620.4610968081406,55.99857707987062,396428510.243402,335922720.1677101
642,117170353,0.0,0.0,0,0.0,0.0,0.0,0.0,0.0,0.0,0.0,0.0
643,117126447,0.0,0.0,0,0.0,0.0,0.0,0.0,0.0,0.0,0.0,0.0
644,117053241,0.0,0.0,0,0.0,0.0,0.0,0.0,0.0,0.0,0.0,0.0
645,117009310,3247958.3085600007,0.0,0,72.28237500000006,156479.37740036802,0.0,0.0,302.2535986861478,0.0,83243251.35476999,57797570.658457644
646,116950754,0.0,0.0,0,0.0,0.0,0.0,0.0,0.0,0.0,0.0,0.0
647,116789697,0.0,0.0,0,0.0,0.0,0.0,0.0,0.0,0.0,0.0,0.0
648,116599382,0.0,0.0,0,0.0,0.0,0.0,0.0,0.0,0.0,0.0,0.0
649,116306591,0.0,0.0,0,0.0,0.0,0.0,0.0,0.0,0.0,0.0,0.0
650,116467593,0.0,0.0,0,0.0,0.0,0.0,0.0,0.0,0.0,0.0,0.0
651,116277291,0.0,0.0,0,0.0,0.0,0.0,0.0,0.0,0.0,0.0,0.0
652,116116242,0.0,0.0,0,0.0,0.0,0.0,0.0,0.0,0.0,0.0,0.0
653,116057665,0.0,0.0,0,0.0,0.0,0.0,0.0,0.0,0.0,0.0,0.0
654,115633122,0.0,0.0,0,0.0,0.0,0.0,0.0,0.0,0.0,0.0,0.0
655,115984446,11592039.754456567,0.0,0,257.9775000000002,558478.5860080475,0.0,0.0,1197.9805047340749,0.0,318681105.2900818,270040440.3216092
656,115589179,0.0,0.0,0,0.0,0.0,0.0,0.0,0.0,0.0,0.0,0.0
657,115135358,0.0,0.0,0,0.0,0.0,0.0,0.0,0.0,0.0,0.0,0.0
658,116980051,65.15076484018265,0.0,0,0.0,0.2762557077625571,0.0,0.0,0.0,0.01788127853881279,139.83968493150687,39.45463926940639
659,116687245,0.0,0.0,0,0.0,0.0,0.0,0.0,0.0,0.0,0.0,0.0
660,116731177,0.0,0.0,0,0.0,0.0,0.0,0.0,0.0,0.0,0.0,0.0
661,116775104,0.0,0.0,0,0.0,0.0,0.0,0.0,0.0,0.0,0.0,0.0
662,116628745,5999427.367259316,0.0,0,133.5155250000001,289039.0115886932,0.0,0.0,620.0114197142581,0.0,164932504.11522534,139758665.62305173
663,116584805,0.0,0.0,0,0.0,0.0,0.0,0.0,0.0,0.0,0.0,0.0
664,116496973,0.0,0.0,0,0.0,0.0,0.0,0.0,0.0,0.0,0.0,0.0
665,115926016,0.0,0.0,0,0.0,0.0,0.0,0.0,0.0,0.0,0.0,0.0
666,116072407,2962531.6693229103,0.0,0,65.93028750000005,142728.15938639626,0.0,0.0,306.16313087968007,0.0,81444067.38026714,69013165.3614377
667,115999223,0.0,0.0,0,0.0,0.0,0.0,0.0,0.0,0.0,0.0,0.0
668,115911373,0.0,0.0,0,0.0,0.0,0.0,0.0,0.0,0.0,0.0,0.0
669,115779620,0.0,0.0,0,0.0,0.0,0.0,0.0,0.0,0.0,0.0,0.0
670,116584776,0.0,0.0,0,0.0,0.0,0.0,0.0,0.0,0.0,0.0,0.0
671,116467651,3729137.3172355494,0.0,0,82.99087500000009,202562.71197459407,0.0,0.0,479.75639432782447,0.0,102519110.28671499,86871500.14119694
672,116116284,0.0,0.0,0,0.0,0.0,0.0,0.0,0.0,0.0,0.0,0.0
673,116189491,0.0,0.0,0,0.0,0.0,0.0,0.0,0.0,0.0,0.0,0.0
674,115472170,0.0,0.0,0,0.0,0.0,0.0,0.0,0.0,0.0,0.0,0.0
675,115852763,1388857.593222624,0.0,0,30.90862500000003,75441.24463569926,0.0,0.0,178.67760140655045,0.0,38181604.12437773,32353901.81211734
676,115838142,0.0,0.0,0,0.0,0.0,0.0,0.0,0.0,0.0,0.0,0.0
677,115720993,0.0,0.0,0,0.0,0.0,0.0,0.0,0.0,0.0,0.0,0.0
678,115735649,0.0,0.0,0,0.0,0.0,0.0,0.0,0.0,0.0,0.0,0.0
679,115603883,0.0,0.0,0,0.0,0.0,0.0,0.0,0.0,0.0,0.0,0.0
680,115413556,0.0,0.0,0,0.0,0.0,0.0,0.0,0.0,0.0,0.0,0.0
681,115120771,3495109.344834257,0.0,0,77.78265000000007,189850.5652407046,0.0,0.0,449.648515035697,0.0,96085359.67048128,81419740.30828898
682,115091501,0.0,0.0,0,0.0,0.0,0.0,0.0,0.0,0.0,0.0,0.0
683,114959760,0.0,0.0,0,0.0,0.0,0.0,0.0,0.0,0.0,0.0,0.0
684,117785270,0.0,0.0,0,0.0,87.32876712328768,1433.2191780821915,0.0,0.0,0.0,0.0,0.0
685,117887724,6726663.823553052,0.0,0,149.6999625000001,324075.871846158,0.7708823476027398,0.34150973886986297,625.9804328345102,0.007187029109589045,172400417.42264238,119701298.928254
686,117917000,0.0,0.0,0,0.0,30.56506849315069,44.58544520547944,57.9531678082192,0.0,1.030222602739726,10.259075342465753,10.131421232876713
687,118224317,0.0,0.0,0,0.0,0.0,0.0,0.0,0.0,0.0,0.0,0.0
688,116658167,0.0,0.0,0,0.0,0.0,0.0,0.0,0.0,0.0,0.0,0.0
