Column1;Column2;Column3;Column4;Column5;Column6;Column7
;;valor ng/L;valor ng/L;valor ng/L;valor ng/L;valor ng/L
;;min;max;mean;std;count
cod_estaci;variable;;;;;
010001000;Antracè;0.5;1.0;0.5833333333333334;0.2041241452319315;6
010001000;Benzo(b)fluorantè;0.5;2.0;1.1666666666666667;0.752772652709081;6
010001000;Coure;800.0;3900.0;1614.2857142857142;1065.2520381402255;7
010001000;Diuron;5.0;35.0;12.714285714285714;12.037639382568408;7
010001000;Fluorantè;0.5;1.3;0.8166666666666668;0.36009258068817057;6
010001000;Naftalè;50.0;50.0;50.0;0.0;7
020002000;Antracè;0.5;0.5;0.5;0.0;2
020002000;Benzo(b)fluorantè;0.5;0.5;0.5;0.0;2
020002000;Coure;900.0;6000.0;2326.6666666666665;1148.5809049597226;15
020002000;Diuron;5.0;5.0;5.0;0.0;2
020002000;Fluorantè;0.5;0.5;0.5;0.0;2
020002000;Naftalè;50.0;50.0;50.0;0.0;2
040001000;Antracè;0.5;1.0;0.5833333333333334;0.2041241452319315;6
040001000;Benzo(b)fluorantè;0.5;1.0;0.5833333333333334;0.2041241452319315;6
040001000;Coure;1100.0;2000.0;1633.3333333333333;314.11250638372655;6
040001000;Diuron;5.0;5.0;5.0;0.0;6
040001000;Fluorantè;0.5;1.0;0.5833333333333334;0.2041241452319315;6
040001000;Naftalè;50.0;50.0;50.0;0.0;6
045001000;Antracè;4.0;25.0;8.833333333333334;8.232051182218601;6
045001000;Benzo(b)fluorantè;4.0;100.0;37.333333333333336;35.78640337707419;6
045001000;Coure;1500.0;50000.0;19216.666666666668;17530.478221276982;6
045001000;Diuron;25.0;275.0;87.33333333333333;95.82623162092239;6
045001000;Fluorantè;4.0;36.3;15.383333333333333;12.835952113757148;6
045001000;Naftalè;50.0;50.0;50.0;0.0;6
045040100;Antracè;0.5;0.5;0.5;;1
045040100;Benzo(b)fluorantè;0.5;0.5;0.5;;1
045040100;Coure;250.0;2100.0;542.3076923076923;565.6287629142435;13
045040100;Diuron;5.0;5.0;5.0;;1
045040100;Fluorantè;0.5;0.5;0.5;;1
045040100;Naftalè;50.0;50.0;50.0;;1
050001000;Antracè;0.5;0.5;0.5;;1
050001000;Benzo(b)fluorantè;0.5;0.5;0.5;;1
050001000;Coure;700.0;1500.0;1100.0;565.685424949238;2
050001000;Diuron;5.0;5.0;5.0;;1
050001000;Fluorantè;0.5;0.5;0.5;;1
050001000;Naftalè;50.0;50.0;50.0;0.0;2
050003000;Antracè;0.5;0.5;0.5;0.0;2
050003000;Benzo(b)fluorantè;0.5;0.5;0.5;0.0;2
050003000;Coure;1500.0;5300.0;3400.0;2687.0057685088805;2
050003000;Diuron;5.0;5.0;5.0;0.0;2
050003000;Fluorantè;0.5;0.5;0.5;0.0;2
050003000;Naftalè;50.0;50.0;50.0;0.0;2
050004000;Antracè;0.5;1.0;0.6;0.22360679774997896;5
050004000;Benzo(b)fluorantè;0.5;1.0;0.7;0.27386127875258304;5
050004000;Coure;1100.0;1500.0;1350.0;164.31676725154983;6
050004000;Diuron;5.0;17.0;7.0;4.898979485566356;6
050004000;Fluorantè;0.5;1.0;0.6;0.22360679774997896;5
050004000;Naftalè;50.0;50.0;50.0;0.0;6
050004020;Coure;500.0;3100.0;1242.857142857143;899.7354108424372;7
050005000;Antracè;0.5;0.5;0.5;;1
050005000;Benzo(b)fluorantè;0.5;0.5;0.5;;1
050005000;Coure;1100.0;2600.0;1720.0;563.0275304103699;5
050005000;Diuron;5.0;5.0;5.0;;1
050005000;Fluorantè;0.5;0.5;0.5;;1
050005000;Naftalè;50.0;50.0;50.0;;1
050006000;Antracè;0.5;0.5;0.5;;1
050006000;Benzo(b)fluorantè;0.5;0.5;0.5;;1
050006000;Coure;250.0;500.0;350.0;136.93063937629154;5
050006000;Diuron;5.0;5.0;5.0;;1
050006000;Fluorantè;0.5;0.5;0.5;;1
050006000;Naftalè;50.0;50.0;50.0;;1
050007000;Antracè;0.5;0.5;0.5;0.0;2
050007000;Benzo(b)fluorantè;0.5;0.5;0.5;0.0;2
050007000;Coure;1000.0;1100.0;1050.0;70.71067811865476;2
050007000;Diuron;5.0;5.0;5.0;0.0;2
050007000;Fluorantè;0.5;0.5;0.5;0.0;2
050007000;Naftalè;50.0;50.0;50.0;0.0;2
050008000;Antracè;0.5;2.0;1.0;0.7071067811865476;4
050008000;Benzo(b)fluorantè;0.5;4.0;1.75;1.6583123951777;4
050008000;Coure;1900.0;7600.0;3683.3333333333335;2132.0569098095543;6
050008000;Diuron;13.0;100.0;52.8;40.480859674666;5
050008000;Fluorantè;0.5;2.0;1.0;0.7071067811865476;4
050008000;Naftalè;50.0;50.0;50.0;0.0;5
050009000;Antracè;0.5;1.0;0.625;0.25;4
050009000;Benzo(b)fluorantè;0.5;1.0;0.625;0.25;4
050009000;Coure;1500.0;2100.0;1783.3333333333333;204.12414523193152;6
050009000;Diuron;5.0;5.0;5.0;0.0;5
050009000;Fluorantè;0.5;1.0;0.625;0.25;4
050009000;Naftalè;50.0;50.0;50.0;0.0;6
050010000;Antracè;0.5;1.0;0.625;0.25;4
050010000;Benzo(b)fluorantè;0.5;2.0;1.25;0.8660254037844386;4
050010000;Coure;1800.0;2800.0;2266.6666666666665;450.1851470969102;6
050010000;Diuron;5.0;27.0;16.6;8.734987120768983;5
050010000;Fluorantè;0.5;1.8;1.075;0.5377421934967226;4
050010000;Naftalè;50.0;50.0;50.0;0.0;6
050011000;Antracè;0.5;0.5;0.5;;1
050011000;Benzo(b)fluorantè;0.5;0.5;0.5;;1
050011000;Coure;250.0;250.0;250.0;;1
050011000;Diuron;5.0;5.0;5.0;;1
050011000;Fluorantè;0.5;0.5;0.5;;1
050011000;Naftalè;50.0;50.0;50.0;;1
050013020;Coure;250.0;1700.0;837.5;369.9662146737185;12
050014000;Antracè;0.5;1.0;0.625;0.25;4
050014000;Benzo(b)fluorantè;0.5;1.0;0.625;0.25;4
050014000;Coure;1700.0;2700.0;2133.3333333333335;463.3213427705081;6
050014000;Diuron;5.0;5.0;5.0;0.0;5
050014000;Fluorantè;0.5;1.0;0.625;0.25;4
050014000;Naftalè;50.0;50.0;50.0;0.0;6
050014500;Antracè;0.5;1.0;0.6666666666666666;0.28867513459481287;3
050014500;Benzo(b)fluorantè;0.5;1.0;0.6666666666666666;0.28867513459481287;3
050014500;Coure;1800.0;3600.0;2350.0;637.9655163094633;6
050014500;Diuron;5.0;5.0;5.0;0.0;4
050014500;Fluorantè;0.5;1.0;0.6666666666666666;0.28867513459481287;3
050014500;Naftalè;50.0;50.0;50.0;0.0;6
060001000;Antracè;0.5;0.5;0.5;0.0;2
060001000;Benzo(b)fluorantè;0.5;0.5;0.5;0.0;2
060001000;Coure;800.0;4900.0;2850.0;2899.137802864845;2
060001000;Diuron;5.0;5.0;5.0;0.0;2
060001000;Fluorantè;0.5;0.5;0.5;0.0;2
060001000;Naftalè;50.0;50.0;50.0;0.0;2
060002000;Antracè;0.5;0.5;0.5;0.0;2
060002000;Benzo(b)fluorantè;0.5;0.5;0.5;0.0;2
060002000;Coure;1200.0;2600.0;1660.0;554.9774770204643;5
060002000;Diuron;5.0;5.0;5.0;0.0;2
060002000;Fluorantè;0.5;0.5;0.5;0.0;2
060002000;Naftalè;50.0;50.0;50.0;0.0;2
060003000;Antracè;0.5;0.5;0.5;0.0;2
060003000;Benzo(b)fluorantè;0.5;0.5;0.5;0.0;2
060003000;Coure;250.0;500.0;375.0;176.7766952966369;2
060003000;Diuron;5.0;5.0;5.0;0.0;2
060003000;Fluorantè;0.5;0.5;0.5;0.0;2
060003000;Naftalè;50.0;50.0;50.0;0.0;2
060004000;Antracè;0.5;0.5;0.5;;1
060004000;Benzo(b)fluorantè;0.5;0.5;0.5;;1
060004000;Coure;800.0;800.0;800.0;;1
060004000;Diuron;5.0;5.0;5.0;;1
060004000;Fluorantè;0.5;0.5;0.5;;1
060004000;Naftalè;50.0;50.0;50.0;;1
060006000;Antracè;0.5;0.5;0.5;0.0;2
060006000;Benzo(b)fluorantè;0.5;0.5;0.5;0.0;2
060006000;Coure;1000.0;1500.0;1250.0;353.5533905932738;2
060006000;Diuron;5.0;5.0;5.0;0.0;2
060006000;Fluorantè;0.5;0.5;0.5;0.0;2
060006000;Naftalè;50.0;50.0;50.0;0.0;2
070001000;Antracè;0.5;2.5;1.5;1.4142135623730951;2
070001000;Benzo(b)fluorantè;2.5;5.0;3.75;1.7677669529663689;2
070001000;Coure;1100.0;1500.0;1300.0;282.842712474619;2
070001000;Diuron;45.0;263.0;154.0;154.14927829866735;2
070001000;Fluorantè;0.5;2.5;1.5;1.4142135623730951;2
070001000;Naftalè;50.0;50.0;50.0;0.0;2
070001070;Antracè;0.5;5.0;1.5;1.9685019685029528;5
070001070;Benzo(b)fluorantè;0.5;5.0;1.7;1.9557607215607946;5
070001070;Coure;1800.0;17000.0;6633.333333333333;6774.855472013161;6
070001070;Diuron;21.0;142.0;73.16666666666667;43.411595993083075;6
070001070;Fluorantè;0.5;5.0;1.6199999999999999;1.9097120201747697;5
070001070;Naftalè;50.0;50.0;50.0;0.0;6
080001000;Antracè;1.0;1.0;1.0;;1
080001000;Benzo(b)fluorantè;1.0;1.0;1.0;;1
080001000;Coure;2700.0;2700.0;2700.0;;1
080001000;Diuron;5.0;5.0;5.0;;1
080001000;Fluorantè;1.0;1.0;1.0;;1
080001000;Naftalè;50.0;50.0;50.0;;1
080002000;Antracè;0.5;0.5;0.5;0.0;2
080002000;Benzo(b)fluorantè;0.5;0.5;0.5;0.0;2
080002000;Coure;1200.0;1400.0;1300.0;141.4213562373095;2
080002000;Diuron;5.0;5.0;5.0;0.0;2
080002000;Fluorantè;0.5;0.5;0.5;0.0;2
080002000;Naftalè;50.0;50.0;50.0;0.0;2
080003000;Antracè;1.0;1.0;1.0;;1
080003000;Benzo(b)fluorantè;1.0;1.0;1.0;;1
080003000;Coure;1200.0;1200.0;1200.0;;1
080003000;Diuron;5.0;5.0;5.0;;1
080003000;Fluorantè;1.0;1.0;1.0;;1
080003000;Naftalè;50.0;50.0;50.0;;1
080004000;Antracè;0.5;1.0;0.6666666666666666;0.28867513459481287;3
080004000;Benzo(b)fluorantè;0.5;1.0;0.6666666666666666;0.28867513459481287;3
080004000;Coure;2900.0;4400.0;3675.0;634.4288770224761;4
080004000;Diuron;5.0;12.0;6.75;3.5;4
080004000;Fluorantè;0.5;1.0;0.6666666666666666;0.28867513459481287;3
080004000;Naftalè;50.0;50.0;50.0;0.0;4
080005000;Antracè;0.5;1.0;0.625;0.25;4
080005000;Benzo(b)fluorantè;0.5;2.5;1.125;0.9464847243000456;4
080005000;Coure;1200.0;2100.0;1583.3333333333333;348.8074922742725;6
080005000;Diuron;41.0;84.0;59.0;15.427248620541514;6
080005000;Fluorantè;0.5;1.0;0.75;0.28867513459481287;4
080005000;Naftalè;50.0;50.0;50.0;0.0;6
080005070;Antracè;0.5;1.0;0.625;0.25;4
080005070;Benzo(b)fluorantè;0.5;2.5;1.125;0.9464847243000456;4
080005070;Coure;250.0;2200.0;1041.6666666666667;674.1043440496928;6
080005070;Diuron;43.0;125.0;69.66666666666667;32.29034943549956;6
080005070;Fluorantè;1.0;2.4;1.8;0.6055300708194984;4
080005070;Naftalè;50.0;50.0;50.0;0.0;6
080007000;Antracè;0.5;5.0;1.4166666666666667;1.7724747294860559;6
080007000;Benzo(b)fluorantè;0.5;50.0;8.916666666666666;20.12813122638728;6
080007000;Coure;1200.0;2900.0;2183.3333333333335;556.4770136013406;6
080007000;Diuron;10.0;36.0;25.5;10.114346246792227;6
080007000;Fluorantè;0.5;5.0;1.4166666666666667;1.7724747294860559;6
080007000;Naftalè;50.0;50.0;50.0;0.0;6
100001000;Antracè;0.5;0.5;0.5;0.0;2
100001000;Benzo(b)fluorantè;0.5;0.5;0.5;0.0;2
100001000;Coure;250.0;250.0;250.0;0.0;2
100001000;Diuron;5.0;5.0;5.0;0.0;2
100001000;Fluorantè;0.5;0.5;0.5;0.0;2
100001000;Naftalè;50.0;50.0;50.0;0.0;2
100002000;Antracè;0.5;0.5;0.5;0.0;2
100002000;Benzo(b)fluorantè;0.5;0.5;0.5;0.0;2
100002000;Coure;250.0;250.0;250.0;0.0;6
100002000;Diuron;5.0;5.0;5.0;0.0;2
100002000;Fluorantè;0.5;0.5;0.5;0.0;2
100002000;Naftalè;50.0;50.0;50.0;0.0;2
100004000;Antracè;0.5;0.5;0.5;0.0;2
100004000;Benzo(b)fluorantè;0.5;0.5;0.5;0.0;2
100004000;Coure;250.0;250.0;250.0;0.0;2
100004000;Diuron;5.0;5.0;5.0;0.0;4
100004000;Fluorantè;0.5;0.5;0.5;0.0;2
100004000;Naftalè;50.0;50.0;50.0;0.0;2
100005000;Antracè;0.5;1.0;0.75;0.3535533905932738;2
100005000;Benzo(b)fluorantè;0.5;1.0;0.75;0.3535533905932738;2
100005000;Coure;250.0;600.0;425.0;247.48737341529164;2
100005000;Diuron;5.0;5.0;5.0;0.0;2
100005000;Fluorantè;0.5;1.0;0.75;0.3535533905932738;2
100005000;Naftalè;50.0;50.0;50.0;0.0;2
100006000;Antracè;0.5;0.5;0.5;0.0;2
100006000;Benzo(b)fluorantè;0.5;0.5;0.5;0.0;2
100006000;Coure;250.0;250.0;250.0;0.0;2
100006000;Diuron;5.0;5.0;5.0;0.0;2
100006000;Fluorantè;0.5;0.5;0.5;0.0;2
100006000;Naftalè;50.0;50.0;50.0;0.0;2
100008000;Antracè;0.5;1.0;0.6428571428571429;0.24397501823713327;7
100008000;Benzo(b)fluorantè;0.5;1.0;0.6428571428571429;0.24397501823713327;7
100008000;Coure;250.0;700.0;350.0;180.27756377319946;7
100008000;Diuron;5.0;5.0;5.0;0.0;7
100008000;Fluorantè;0.5;2.3;0.9;0.6608075867199669;7
100008000;Naftalè;50.0;50.0;50.0;0.0;7
100009000;Antracè;0.5;0.5;0.5;0.0;2
100009000;Benzo(b)fluorantè;0.5;0.5;0.5;0.0;2
100009000;Coure;700.0;700.0;700.0;0.0;2
100009000;Fluorantè;0.5;0.5;0.5;0.0;2
100009000;Naftalè;50.0;50.0;50.0;0.0;2
100011000;Antracè;0.5;0.5;0.5;;1
100011000;Benzo(b)fluorantè;0.5;0.5;0.5;;1
100011000;Coure;250.0;250.0;250.0;0.0;2
100011000;Diuron;5.0;5.0;5.0;0.0;2
100011000;Fluorantè;0.5;0.5;0.5;;1
100011000;Naftalè;50.0;50.0;50.0;0.0;2
100012000;Antracè;0.5;1.0;0.5833333333333334;0.2041241452319315;6
100012000;Benzo(b)fluorantè;0.5;1.0;0.5833333333333334;0.2041241452319315;6
100012000;Coure;250.0;700.0;314.2857142857143;170.08401285415226;7
100012000;Diuron;5.0;5.0;5.0;0.0;6
100012000;Fluorantè;0.5;1.0;0.6666666666666666;0.25819888974716115;6
100012000;Naftalè;50.0;50.0;50.0;0.0;7
100013000;Antracè;0.5;1.0;0.6428571428571429;0.24397501823713327;7
100013000;Benzo(b)fluorantè;0.5;1.0;0.7142857142857143;0.2672612419124244;7
100013000;Coure;250.0;800.0;440.90909090909093;198.5172307611884;11
100013000;Diuron;5.0;5.0;5.0;0.0;7
100013000;Fluorantè;0.5;1.0;0.6428571428571429;0.24397501823713327;7
100013000;Naftalè;50.0;50.0;50.0;0.0;7
100013020;Coure;250.0;1800.0;432.14285714285717;444.0231901675784;14
100013021;Coure;250.0;1000.0;582.1428571428571;168.25706392434037;14
100014000;Antracè;0.5;0.5;0.5;0.0;2
100014000;Benzo(b)fluorantè;0.5;0.5;0.5;0.0;2
100014000;Coure;250.0;250.0;250.0;0.0;2
100014000;Diuron;5.0;5.0;5.0;0.0;2
100014000;Fluorantè;0.5;0.5;0.5;0.0;2
100014000;Naftalè;50.0;50.0;50.0;0.0;2
100016000;Antracè;0.5;2.0;1.25;1.0606601717798212;2
100016000;Benzo(b)fluorantè;0.5;2.0;1.25;1.0606601717798212;2
100016000;Coure;1800.0;3100.0;2450.0;919.2388155425118;2
100016000;Diuron;5.0;10.0;7.5;3.5355339059327378;2
100016000;Fluorantè;0.5;2.0;1.25;1.0606601717798212;2
100016000;Naftalè;50.0;50.0;50.0;0.0;2
100017000;Antracè;0.5;0.5;0.5;0.0;2
100017000;Benzo(b)fluorantè;0.5;0.5;0.5;0.0;2
100017000;Coure;1000.0;1300.0;1150.0;212.13203435596427;2
100017000;Diuron;5.0;5.0;5.0;0.0;2
100017000;Fluorantè;0.5;0.5;0.5;0.0;2
100017000;Naftalè;50.0;50.0;50.0;0.0;2
100017020;Coure;250.0;1500.0;535.7142857142857;346.0927907082432;14
100018000;Antracè;0.5;0.5;0.5;;1
100018000;Benzo(b)fluorantè;0.5;0.5;0.5;;1
100018000;Coure;600.0;900.0;750.0;212.13203435596427;2
100018000;Diuron;5.0;5.0;5.0;0.0;2
100018000;Fluorantè;0.5;0.5;0.5;;1
100018000;Naftalè;50.0;50.0;50.0;0.0;2
100019000;Antracè;0.5;0.5;0.5;0.0;2
100019000;Benzo(b)fluorantè;0.5;0.5;0.5;0.0;2
100019000;Coure;1300.0;2200.0;1750.0;636.3961030678928;2
100019000;Diuron;5.0;11.0;8.0;4.242640687119285;2
100019000;Fluorantè;0.5;1.3;0.9;0.5656854249492381;2
100019000;Naftalè;50.0;50.0;50.0;0.0;2
100021000;Antracè;0.5;0.5;0.5;0.0;2
100021000;Benzo(b)fluorantè;0.5;0.5;0.5;0.0;2
100021000;Coure;250.0;1600.0;518.75;374.5552918684592;16
100021000;Diuron;5.0;5.0;5.0;0.0;2
100021000;Fluorantè;0.5;0.5;0.5;0.0;2
100021000;Naftalè;50.0;50.0;50.0;0.0;2
100022000;Antracè;0.5;0.5;0.5;0.0;2
100022000;Benzo(b)fluorantè;0.5;0.5;0.5;0.0;2
100022000;Coure;250.0;700.0;475.0;318.1980515339464;2
100022000;Diuron;5.0;5.0;5.0;0.0;2
100022000;Fluorantè;0.5;0.5;0.5;0.0;2
100022000;Naftalè;50.0;50.0;50.0;0.0;2
100024000;Antracè;0.5;1.0;0.625;0.25;4
100024000;Benzo(b)fluorantè;0.5;1.0;0.625;0.25;4
100024000;Coure;1100.0;1300.0;1200.0;81.64965809277257;4
100024000;Diuron;5.0;5.0;5.0;0.0;4
100024000;Fluorantè;0.5;1.0;0.625;0.25;4
100024000;Naftalè;50.0;50.0;50.0;0.0;4
100025000;Antracè;0.5;1.0;0.625;0.25;4
100025000;Benzo(b)fluorantè;0.5;1.0;0.625;0.25;4
100025000;Coure;1500.0;2000.0;1650.0;238.04761428476166;4
100025000;Diuron;5.0;5.0;5.0;0.0;4
100025000;Fluorantè;0.5;1.0;0.625;0.25;4
100025000;Naftalè;50.0;50.0;50.0;0.0;4
100026000;Antracè;0.5;1.0;0.6666666666666666;0.28867513459481287;3
100026000;Benzo(b)fluorantè;0.5;1.0;0.6666666666666666;0.28867513459481287;3
100026000;Coure;1400.0;9600.0;6300.0;4327.817001676481;3
100026000;Diuron;5.0;5.0;5.0;0.0;3
100026000;Fluorantè;0.5;1.0;0.6666666666666666;0.28867513459481287;3
100026000;Naftalè;50.0;50.0;50.0;0.0;3
100027000;Antracè;0.5;0.5;0.5;;1
100027000;Benzo(b)fluorantè;0.5;0.5;0.5;;1
100027000;Coure;600.0;700.0;650.0;70.71067811865476;2
100027000;Diuron;5.0;5.0;5.0;0.0;2
100027000;Fluorantè;0.5;0.5;0.5;;1
100027000;Naftalè;50.0;50.0;50.0;0.0;2
100027021;Antracè;0.5;1.0;0.6388888888888888;0.2304442994812384;18
100027021;Benzo(b)fluorantè;0.5;1.0;0.6666666666666666;0.24253562503633294;18
100027021;Coure;250.0;1300.0;665.0;302.22856460493256;20
100027021;Diuron;5.0;5.0;5.0;0.0;20
100027021;Fluorantè;0.5;1.0;0.6666666666666666;0.24253562503633302;18
100027021;Naftalè;50.0;50.0;50.0;0.0;20
100028000;Antracè;0.5;0.5;0.5;0.0;2
100028000;Benzo(b)fluorantè;0.5;0.5;0.5;0.0;2
100028000;Coure;1800.0;2300.0;2050.0;353.5533905932738;2
100028000;Diuron;5.0;5.0;5.0;0.0;2
100028000;Fluorantè;0.5;0.5;0.5;0.0;2
100028000;Naftalè;50.0;50.0;50.0;0.0;2
100031000;Antracè;0.5;0.5;0.5;;1
100031000;Benzo(b)fluorantè;0.5;0.5;0.5;;1
100031000;Coure;1000.0;1000.0;1000.0;;1
100031000;Diuron;5.0;5.0;5.0;;1
100031000;Fluorantè;0.5;0.5;0.5;;1
100031000;Naftalè;50.0;50.0;50.0;;1
100032000;Antracè;0.5;1.0;0.6666666666666666;0.2581988897471611;6
100032000;Benzo(b)fluorantè;0.5;1.0;0.75;0.2738612787525831;6
100032000;Coure;1200.0;4700.0;2200.0;1144.5523142259597;7
100032000;Diuron;5.0;22.0;12.0;6.418722614352485;6
100032000;Fluorantè;0.5;1.0;0.6666666666666666;0.2581988897471611;6
100032000;Naftalè;50.0;50.0;50.0;0.0;6
100033000;Antracè;0.5;0.5;0.5;0.0;2
100033000;Benzo(b)fluorantè;0.5;0.5;0.5;0.0;2
100033000;Coure;3500.0;4600.0;4050.0;777.8174593052023;2
100033000;Diuron;5.0;13.0;9.0;5.656854249492381;2
100033000;Fluorantè;0.5;0.5;0.5;0.0;2
100033000;Naftalè;50.0;50.0;50.0;0.0;2
100034000;Antracè;0.5;0.5;0.5;0.0;2
100034000;Benzo(b)fluorantè;0.5;0.5;0.5;0.0;2
100034000;Coure;1200.0;1400.0;1300.0;141.4213562373095;2
100034000;Diuron;5.0;5.0;5.0;0.0;2
100034000;Fluorantè;0.5;0.5;0.5;0.0;2
100034000;Naftalè;50.0;50.0;50.0;0.0;2
100035000;Antracè;0.5;0.5;0.5;0.0;2
100035000;Benzo(b)fluorantè;0.5;0.5;0.5;0.0;2
100035000;Coure;2300.0;2500.0;2400.0;141.4213562373095;2
100035000;Diuron;5.0;5.0;5.0;0.0;2
100035000;Fluorantè;0.5;0.5;0.5;0.0;2
100035000;Naftalè;50.0;50.0;50.0;0.0;2
100036000;Antracè;0.5;0.5;0.5;0.0;2
100036000;Benzo(b)fluorantè;0.5;0.5;0.5;0.0;2
100036000;Coure;1300.0;1500.0;1400.0;141.4213562373095;2
100036000;Diuron;5.0;5.0;5.0;0.0;2
100036000;Fluorantè;0.5;0.5;0.5;0.0;2
100036000;Naftalè;50.0;50.0;50.0;0.0;2
100038000;Antracè;0.5;0.5;0.5;0.0;2
100038000;Benzo(b)fluorantè;0.5;0.5;0.5;0.0;2
100038000;Coure;800.0;4700.0;2750.0;2757.7164466275353;2
100038000;Diuron;5.0;5.0;5.0;0.0;2
100038000;Fluorantè;0.5;0.5;0.5;0.0;2
100038000;Naftalè;50.0;50.0;50.0;0.0;2
100040000;Antracè;0.5;0.5;0.5;;1
100040000;Benzo(b)fluorantè;0.5;0.5;0.5;;1
100040000;Coure;1300.0;1300.0;1300.0;;1
100040000;Diuron;5.0;5.0;5.0;;1
100040000;Fluorantè;0.5;0.5;0.5;;1
100040000;Naftalè;50.0;50.0;50.0;;1
100040020;Coure;600.0;2000.0;942.8571428571429;339.03547741358125;14
100041000;Antracè;0.5;0.5;0.5;0.0;2
100041000;Benzo(b)fluorantè;0.5;0.5;0.5;0.0;2
100041000;Coure;1700.0;2100.0;1900.0;282.842712474619;2
100041000;Diuron;5.0;5.0;5.0;0.0;2
100041000;Fluorantè;0.5;0.5;0.5;0.0;2
100041000;Naftalè;50.0;50.0;50.0;0.0;2
100043000;Antracè;0.5;0.5;0.5;0.0;2
100043000;Benzo(b)fluorantè;0.5;0.5;0.5;0.0;2
100043000;Coure;250.0;2300.0;875.0;473.63839934419735;16
100043000;Diuron;5.0;5.0;5.0;0.0;2
100043000;Fluorantè;0.5;0.5;0.5;0.0;2
100043000;Naftalè;50.0;50.0;50.0;0.0;2
100044000;Antracè;0.5;5.0;1.5;1.632993161855452;7
100044000;Benzo(b)fluorantè;0.5;5.0;1.5;1.632993161855452;7
100044000;Coure;1900.0;4000.0;2657.1428571428573;896.0229588895269;7
100044000;Diuron;23.0;5000.0;816.1428571428571;1847.4964527319512;7
100044000;Fluorantè;0.5;23.1;4.085714285714286;8.401473793612757;7
100044000;Naftalè;50.0;50.0;50.0;0.0;7
100045000;Antracè;0.5;0.5;0.5;0.0;2
100045000;Benzo(b)fluorantè;0.5;0.5;0.5;0.0;2
100045000;Coure;900.0;2700.0;1566.6666666666667;986.5765724632495;3
100045000;Diuron;5.0;5.0;5.0;0.0;2
100045000;Fluorantè;0.5;0.5;0.5;0.0;2
100045000;Naftalè;50.0;50.0;50.0;0.0;3
100047000;Antracè;1.0;1.0;1.0;;1
100047000;Benzo(b)fluorantè;1.0;1.0;1.0;;1
100047000;Coure;250.0;1500.0;542.8571428571429;463.167150739136;7
100047000;Diuron;5.0;5.0;5.0;;1
100047000;Fluorantè;1.0;1.0;1.0;;1
100047000;Naftalè;50.0;50.0;50.0;;1
100048000;Antracè;0.5;1.0;0.6052631578947368;0.20942695414584778;19
100048000;Benzo(b)fluorantè;0.5;1.0;0.631578947368421;0.2262069641794321;19
100048000;Coure;250.0;1700.0;447.5;363.99645747264026;20
100048000;Diuron;5.0;5.0;5.0;0.0;20
100048000;Fluorantè;0.5;1.0;0.6052631578947368;0.20942695414584778;19
100048000;Naftalè;50.0;50.0;50.0;0.0;20
100049000;Antracè;1.0;1.0;1.0;;1
100049000;Benzo(b)fluorantè;1.0;1.0;1.0;;1
100049000;Coure;250.0;250.0;250.0;;1
100049000;Diuron;5.0;5.0;5.0;;1
100049000;Fluorantè;1.0;1.0;1.0;;1
100049000;Naftalè;50.0;50.0;50.0;;1
100050000;Antracè;4.0;4.0;4.0;;1
100050000;Benzo(b)fluorantè;16.0;16.0;16.0;;1
100050000;Coure;250.0;1600.0;650.0;644.2049363362563;4
100050000;Diuron;5.0;5.0;5.0;;1
100050000;Fluorantè;4.0;4.0;4.0;;1
100050000;Naftalè;50.0;50.0;50.0;;1
100052000;Antracè;1.0;1.0;1.0;;1
100052000;Benzo(b)fluorantè;1.0;1.0;1.0;;1
100052000;Coure;500.0;500.0;500.0;;1
100052000;Diuron;5.0;5.0;5.0;;1
100052000;Fluorantè;1.0;1.0;1.0;;1
100052000;Naftalè;50.0;50.0;50.0;;1
100053000;Antracè;1.0;1.0;1.0;;1
100053000;Benzo(b)fluorantè;1.0;1.0;1.0;;1
100053000;Coure;2200.0;2200.0;2200.0;;1
100053000;Diuron;30.0;30.0;30.0;;1
100053000;Fluorantè;1.0;1.0;1.0;;1
100053000;Naftalè;50.0;50.0;50.0;;1
100053070;Antracè;0.5;1.0;0.5833333333333334;0.2041241452319315;6
100053070;Benzo(b)fluorantè;0.5;1.0;0.5833333333333334;0.2041241452319315;6
100053070;Coure;1000.0;3000.0;1814.2857142857142;779.8046153333783;7
100053070;Diuron;12.0;136.0;43.0;44.30951741255295;7
100053070;Fluorantè;0.5;1.6;0.7666666666666666;0.45460605656619524;6
100053070;Naftalè;50.0;50.0;50.0;0.0;7
100054000;Antracè;1.0;1.0;1.0;;1
100054000;Benzo(b)fluorantè;1.0;1.0;1.0;;1
100054000;Coure;600.0;600.0;600.0;;1
100054000;Diuron;5.0;5.0;5.0;;1
100054000;Fluorantè;1.0;1.0;1.0;;1
100054000;Naftalè;50.0;50.0;50.0;;1
100058000;Antracè;0.5;5.0;0.825;1.0036118981485138;20
100058000;Benzo(b)fluorantè;0.5;10.0;1.125;2.1080984197537886;20
100058000;Coure;250.0;5500.0;1015.0;1126.136852485663;20
100058000;Diuron;5.0;11.0;5.3;1.3416407864998738;20
100058000;Fluorantè;0.5;5.0;0.825;1.0036118981485138;20
100058000;Naftalè;50.0;50.0;50.0;0.0;20
100060000;Antracè;1.0;1.0;1.0;;1
100060000;Benzo(b)fluorantè;1.0;1.0;1.0;;1
100060000;Coure;1900.0;1900.0;1900.0;;1
100060000;Diuron;5.0;5.0;5.0;;1
100060000;Fluorantè;1.0;1.0;1.0;;1
100060000;Naftalè;50.0;50.0;50.0;;1
100062000;Antracè;1.0;1.0;1.0;;1
100062000;Benzo(b)fluorantè;1.0;1.0;1.0;;1
100062000;Coure;500.0;500.0;500.0;;1
100062000;Diuron;5.0;5.0;5.0;;1
100062000;Fluorantè;1.0;1.0;1.0;;1
100062000;Naftalè;50.0;50.0;50.0;;1
100063000;Antracè;1.0;1.0;1.0;;1
100063000;Benzo(b)fluorantè;5.0;5.0;5.0;;1
100063000;Coure;1250.0;1250.0;1250.0;;1
100063000;Diuron;5.0;5.0;5.0;;1
100063000;Fluorantè;1.0;1.0;1.0;;1
100063000;Naftalè;50.0;50.0;50.0;;1
100064000;Antracè;0.5;1.0;0.5833333333333334;0.2041241452319315;6
100064000;Benzo(b)fluorantè;0.5;1.0;0.5833333333333334;0.2041241452319315;6
100064000;Coure;250.0;1100.0;821.4285714285714;279.66817072074133;7
100064000;Diuron;5.0;5.0;5.0;0.0;7
100064000;Fluorantè;0.5;1.0;0.5833333333333334;0.2041241452319315;6
100064000;Naftalè;50.0;50.0;50.0;0.0;7
100065000;Antracè;1.0;1.0;1.0;;1
100065000;Benzo(b)fluorantè;1.0;1.0;1.0;;1
100065000;Coure;1600.0;1600.0;1600.0;;1
100065000;Diuron;5.0;5.0;5.0;;1
100065000;Fluorantè;1.0;1.0;1.0;;1
100065000;Naftalè;50.0;50.0;50.0;;1
100066000;Antracè;0.5;1.0;0.6666666666666666;0.2581988897471611;6
100066000;Benzo(b)fluorantè;0.5;1.0;0.6666666666666666;0.2581988897471611;6
100066000;Coure;1250.0;3600.0;2491.6666666666665;802.7556705914114;6
100066000;Diuron;5.0;18.0;7.166666666666667;5.307227776030219;6
100066000;Fluorantè;0.5;1.0;0.6666666666666666;0.2581988897471611;6
100066000;Naftalè;50.0;50.0;50.0;0.0;6
100067000;Antracè;1.0;1.0;1.0;;1
100067000;Benzo(b)fluorantè;1.0;1.0;1.0;;1
100067000;Coure;1500.0;1500.0;1500.0;;1
100067000;Diuron;5.0;5.0;5.0;;1
100067000;Fluorantè;23.0;23.0;23.0;;1
100067000;Naftalè;50.0;50.0;50.0;;1
100069000;Antracè;0.5;1.0;0.5833333333333334;0.2041241452319315;6
100069000;Benzo(b)fluorantè;0.5;1.0;0.6666666666666666;0.2581988897471611;6
100069000;Coure;1000.0;4100.0;2416.6666666666665;1045.7851914550456;6
100069000;Diuron;5.0;16.0;9.0;4.774934554525329;6
100069000;Fluorantè;0.5;1.0;0.5833333333333334;0.2041241452319315;6
100069000;Naftalè;50.0;50.0;50.0;0.0;6
100070000;Antracè;0.5;1.0;0.5833333333333334;0.2041241452319315;6
100070000;Benzo(b)fluorantè;0.5;1.5;0.75;0.4183300132670378;6
100070000;Coure;1000.0;2600.0;1785.7142857142858;581.4595756329395;7
100070000;Diuron;5.0;22.0;7.428571428571429;6.425396041156863;7
100070000;Fluorantè;1.0;9.6;4.266666666666667;2.9076909510239677;6
100070000;Naftalè;50.0;50.0;50.0;0.0;7
100071000;Antracè;0.5;0.5;0.5;0.0;2
100071000;Benzo(b)fluorantè;0.5;0.5;0.5;0.0;2
100071000;Coure;1100.0;2500.0;1600.0;473.2863826479693;6
100071000;Diuron;5.0;5.0;5.0;0.0;2
100071000;Fluorantè;1.1;1.6;1.35;0.3535533905932738;2
100071000;Naftalè;50.0;50.0;50.0;0.0;2
100071070;Antracè;0.5;1.0;0.6428571428571429;0.24397501823713327;7
100071070;Benzo(b)fluorantè;0.5;2.5;1.0714285714285714;0.7319250547113999;7
100071070;Coure;1000.0;1600.0;1328.5714285714287;242.99715851758236;7
100071070;Diuron;5.0;316.0;51.42857142857143;116.78164402401767;7
100071070;Fluorantè;1.0;1.5;1.1857142857142857;0.22677868380553629;7
100071070;Naftalè;50.0;50.0;50.0;0.0;7
100072000;Antracè;0.5;1.0;0.7;0.27386127875258304;5
100072000;Benzo(b)fluorantè;0.5;1.0;0.7;0.27386127875258304;5
100072000;Coure;900.0;1600.0;1160.0;270.1851217221259;5
100072000;Diuron;5.0;5.0;5.0;0.0;5
100072000;Fluorantè;0.5;1.0;0.7;0.27386127875258304;5
100072000;Naftalè;50.0;50.0;50.0;0.0;5
100073000;Antracè;0.5;0.5;0.5;;1
100073000;Benzo(b)fluorantè;0.5;0.5;0.5;;1
100073000;Coure;800.0;800.0;800.0;;1
100073000;Diuron;5.0;5.0;5.0;;1
100073000;Fluorantè;0.5;0.5;0.5;;1
100073000;Naftalè;50.0;50.0;50.0;;1
100074000;Antracè;0.5;0.5;0.5;0.0;2
100074000;Benzo(b)fluorantè;0.5;0.5;0.5;0.0;2
100074000;Coure;900.0;5300.0;3100.0;3111.269837220809;2
100074000;Diuron;5.0;11.0;8.0;4.242640687119285;2
100074000;Fluorantè;0.5;1.1;0.8;0.42426406871192857;2
100074000;Naftalè;50.0;50.0;50.0;0.0;2
100074020;Antracè;0.5;1.0;0.65;0.23508117299081363;20
100074020;Benzo(b)fluorantè;0.5;2.5;0.95;0.6048053188292993;20
100074020;Coure;700.0;3700.0;1720.0;757.1414385005861;20
100074020;Diuron;5.0;80.0;11.2;17.206485925218338;20
100074020;Fluorantè;0.5;1.6;0.8800000000000001;0.3592389616661134;20
100074020;Naftalè;50.0;50.0;50.0;0.0;20
100076000;Antracè;0.5;1.0;0.6428571428571429;0.24397501823713327;7
100076000;Benzo(b)fluorantè;0.5;2.5;1.0714285714285714;0.7319250547113999;7
100076000;Coure;900.0;2300.0;1800.0;469.041575982343;7
100076000;Diuron;5.0;33.0;14.0;10.488088481701515;7
100076000;Fluorantè;0.5;1.0;0.6428571428571429;0.24397501823713327;7
100076000;Naftalè;50.0;50.0;50.0;0.0;7
100077000;Antracè;0.5;1.0;0.6428571428571429;0.24397501823713327;7
100077000;Benzo(b)fluorantè;0.5;2.5;0.9285714285714286;0.7319250547113999;7
100077000;Coure;2000.0;5500.0;2914.285714285714;1215.7694016939388;7
100077000;Diuron;5.0;14.0;6.285714285714286;3.401680257083045;7
100077000;Fluorantè;0.5;1.0;0.6428571428571429;0.24397501823713327;7
100077000;Naftalè;50.0;50.0;50.0;0.0;7
100078000;Antracè;0.5;1.0;0.75;0.3535533905932738;2
100078000;Benzo(b)fluorantè;0.5;2.5;1.5;1.4142135623730951;2
100078000;Coure;1000.0;2800.0;1900.0;1272.7922061357856;2
100078000;Diuron;5.0;5.0;5.0;0.0;2
100078000;Fluorantè;0.5;1.0;0.75;0.3535533905932738;2
100078000;Naftalè;50.0;50.0;50.0;0.0;2
100078500;Antracè;0.5;0.5;0.5;;1
100078500;Benzo(b)fluorantè;0.5;0.5;0.5;;1
100078500;Coure;250.0;250.0;250.0;;1
100078500;Diuron;5.0;5.0;5.0;;1
100078500;Fluorantè;0.5;0.5;0.5;;1
100078500;Naftalè;50.0;50.0;50.0;;1
100079000;Antracè;0.5;1.0;0.6;0.22360679774997896;5
100079000;Benzo(b)fluorantè;0.5;2.0;1.0;0.6123724356957945;5
100079000;Coure;500.0;1500.0;900.0;393.70039370059055;5
100079000;Diuron;5.0;5.0;5.0;0.0;5
100079000;Fluorantè;0.5;1.7;1.1;0.44158804331639234;5
100079000;Naftalè;50.0;50.0;50.0;0.0;5
100080000;Antracè;0.5;1.0;0.625;0.25;4
100080000;Benzo(b)fluorantè;0.5;5.0;3.125;1.9311050377094112;4
100080000;Coure;1000.0;2600.0;1916.6666666666667;556.4770136013407;6
100080000;Diuron;20.0;150.0;74.0;43.94542069431126;6
100080000;Fluorantè;0.5;1.0;0.75;0.28867513459481287;4
100080000;Naftalè;50.0;50.0;50.0;0.0;6
100081000;Antracè;0.5;1.0;0.6666666666666666;0.2581988897471611;6
100081000;Benzo(b)fluorantè;0.5;2.0;0.8333333333333334;0.6055300708194983;6
100081000;Coure;700.0;2100.0;1050.0;520.5766033928148;6
100081000;Diuron;5.0;5.0;5.0;0.0;6
100081000;Fluorantè;0.5;1.0;0.6666666666666666;0.2581988897471611;6
100081000;Naftalè;50.0;50.0;50.0;0.0;6
100081020;Coure;1100.0;1800.0;1450.0;288.09720581775866;6
100082000;Antracè;0.5;1.0;0.6;0.22360679774997896;5
100082000;Benzo(b)fluorantè;0.5;4.0;1.3;1.5247950681976907;5
100082000;Coure;1600.0;2000.0;1816.6666666666667;147.19601443879748;6
100082000;Diuron;30.0;148.0;67.83333333333333;44.327944534646164;6
100082000;Fluorantè;0.5;1.1;0.72;0.30331501776206204;5
100082000;Naftalè;50.0;50.0;50.0;0.0;6
100082070;Antracè;0.5;1.0;0.6;0.22360679774997896;5
100082070;Benzo(b)fluorantè;0.5;20.0;4.8;8.54107721543366;5
100082070;Coure;800.0;2900.0;1566.6666666666667;720.1851613763413;6
100082070;Diuron;42.0;385.0;129.16666666666666;130.31564244812157;6
100082070;Fluorantè;0.5;1.0;0.6;0.22360679774997896;5
100082070;Naftalè;50.0;50.0;50.0;0.0;6
100083000;Antracè;1.0;1.0;1.0;;1
100083000;Benzo(b)fluorantè;1.0;1.0;1.0;;1
100083000;Coure;1900.0;1900.0;1900.0;;1
100083000;Diuron;5.0;5.0;5.0;;1
100083000;Fluorantè;1.0;1.0;1.0;;1
100083000;Naftalè;50.0;50.0;50.0;;1
100084000;Antracè;0.5;1.0;0.625;0.25;4
100084000;Benzo(b)fluorantè;0.5;1.0;0.75;0.28867513459481287;4
100084000;Coure;1800.0;4100.0;3200.0;901.1104260855047;6
100084000;Diuron;5.0;28.0;10.5;9.460443964212251;6
100084000;Fluorantè;0.5;1.0;0.625;0.25;4
100084000;Naftalè;50.0;50.0;50.0;0.0;6
100085000;Antracè;0.5;1.0;0.7;0.27386127875258304;5
100085000;Benzo(b)fluorantè;0.5;10.0;3.4;3.959166578965831;5
100085000;Coure;1600.0;5800.0;3000.0;1495.3260514014996;6
100085000;Diuron;32.0;82.0;55.666666666666664;21.26656217320201;6
100085000;Fluorantè;0.5;2.9;1.08;1.0401922899156675;5
100085000;Naftalè;50.0;50.0;50.0;0.0;6
100086000;Antracè;0.5;5.0;1.75;2.179449471770337;4
100086000;Benzo(b)fluorantè;0.5;125.0;32.125;61.91980700874318;4
100086000;Coure;800.0;5500.0;2766.6666666666665;1660.9234379304385;6
100086000;Diuron;26.0;56.0;35.666666666666664;11.093541664710449;6
100086000;Fluorantè;0.5;12.5;3.775;5.822585336429171;4
100086000;Naftalè;50.0;50.0;50.0;0.0;6
100087000;Antracè;0.5;5.0;1.75;2.179449471770337;4
100087000;Benzo(b)fluorantè;0.5;50.0;13.375;24.424628963404952;4
100087000;Coure;4500.0;69500.0;20683.333333333332;25347.379877744104;6
100087000;Diuron;5.0;84.0;42.333333333333336;25.492482552051822;6
100087000;Fluorantè;0.5;5.0;1.75;2.179449471770337;4
100087000;Naftalè;50.0;50.0;50.0;0.0;6
100088000;Antracè;0.5;1.0;0.6428571428571429;0.24397501823713327;7
100088000;Benzo(b)fluorantè;0.5;5.0;1.2857142857142858;1.654719081323243;7
100088000;Coure;1300.0;2900.0;2428.5714285714284;582.2779568622008;7
100088000;Diuron;5.0;29.0;15.714285714285714;8.654753717163876;7
100088000;Fluorantè;0.5;1.0;0.6428571428571429;0.24397501823713327;7
100088000;Naftalè;50.0;50.0;50.0;0.0;7
100089000;Antracè;0.5;2.0;0.9285714285714286;0.5345224838248488;7
100089000;Benzo(b)fluorantè;0.5;5.0;2.142857142857143;2.014825999813336;7
100089000;Coure;2100.0;53600.0;14971.42857142857;19072.643085993986;7
100089000;Diuron;500.0;2830.0;1089.5714285714287;807.0449919599397;7
100089000;Fluorantè;0.5;3.0;1.342857142857143;0.8978811035936085;7
100089000;Naftalè;50.0;50.0;50.0;0.0;7
100089070;Antracè;0.5;1.0;0.6428571428571429;0.24397501823713327;7
100089070;Benzo(b)fluorantè;0.5;5.0;1.5;1.707825127659933;7
100089070;Coure;1100.0;5600.0;3085.714285714286;1764.8688066714492;7
100089070;Diuron;16.0;3908.0;1169.857142857143;1292.3062625362752;7
100089070;Fluorantè;0.5;1.5;0.9571428571428571;0.3552329886011098;7
100089070;Naftalè;50.0;50.0;50.0;0.0;7
100090000;Antracè;0.5;5.7;1.0050000000000001;1.1753946705591902;20
100090000;Benzo(b)fluorantè;0.5;5.0;1.425;1.5834256667444997;20
100090000;Coure;700.0;5500.0;1695.0;1079.7051254369117;20
100090000;Diuron;20.0;115.0;46.65;35.505781589986015;20
100090000;Fluorantè;0.5;1.4;0.795;0.32359005904970173;20
100090000;Naftalè;50.0;50.0;50.0;0.0;20
100091000;Antracè;0.5;0.5;0.5;0.0;2
100091000;Benzo(b)fluorantè;0.5;0.5;0.5;0.0;2
100091000;Coure;1100.0;1200.0;1150.0;70.71067811865476;2
100091000;Diuron;5.0;5.0;5.0;0.0;2
100091000;Fluorantè;0.5;0.5;0.5;0.0;2
100091000;Naftalè;50.0;50.0;50.0;0.0;2
100092000;Antracè;0.5;1.0;0.6666666666666666;0.2581988897471611;6
100092000;Benzo(b)fluorantè;0.5;1.0;0.6666666666666666;0.2581988897471611;6
100092000;Coure;1300.0;2500.0;1950.0;427.78499272414876;6
100092000;Diuron;5.0;5.0;5.0;0.0;6
100092000;Fluorantè;0.5;1.0;0.6666666666666666;0.2581988897471611;6
100092000;Naftalè;50.0;50.0;50.0;0.0;6
100093000;Antracè;0.5;0.5;0.5;0.0;2
100093000;Benzo(b)fluorantè;0.5;0.5;0.5;0.0;2
100093000;Coure;800.0;1100.0;950.0;212.13203435596427;2
100093000;Diuron;5.0;5.0;5.0;0.0;2
100093000;Fluorantè;0.5;0.5;0.5;0.0;2
100093000;Naftalè;50.0;50.0;50.0;0.0;2
100094000;Antracè;0.5;0.5;0.5;0.0;2
100094000;Benzo(b)fluorantè;0.5;0.5;0.5;0.0;2
100094000;Coure;800.0;1000.0;900.0;141.4213562373095;2
100094000;Diuron;5.0;5.0;5.0;0.0;2
100094000;Fluorantè;0.5;0.5;0.5;0.0;2
100094000;Naftalè;50.0;50.0;50.0;;1
100095000;Antracè;0.5;5.2;1.3857142857142857;1.7004201161561725;7
100095000;Benzo(b)fluorantè;0.5;5.0;1.3571428571428572;1.625686668105863;7
100095000;Coure;600.0;6600.0;2214.285714285714;2146.6474414992413;7
100095000;Diuron;100.0;742.0;237.14285714285714;231.38598961578506;7
100095000;Fluorantè;0.5;2.3;0.9714285714285714;0.6369570517030844;7
100095000;Naftalè;50.0;50.0;50.0;0.0;6
110002000;Antracè;0.5;0.5;0.5;;1
110002000;Benzo(b)fluorantè;0.5;0.5;0.5;;1
110002000;Coure;2500.0;2900.0;2700.0;282.842712474619;2
110002000;Diuron;5.0;63.0;34.0;41.012193308819754;2
110002000;Fluorantè;0.5;0.5;0.5;;1
110002000;Naftalè;50.0;50.0;50.0;0.0;2
110002070;Antracè;0.5;0.5;0.5;0.0;5
110002070;Benzo(b)fluorantè;0.5;0.5;0.5;0.0;5
110002070;Coure;1400.0;3600.0;2171.4285714285716;767.4943772091226;7
110002070;Diuron;25.0;91.0;55.166666666666664;23.1120459212651;6
110002070;Fluorantè;0.5;0.5;0.5;0.0;5
110002070;Naftalè;50.0;50.0;50.0;0.0;7
110003000;Antracè;0.5;0.5;0.5;;1
110003000;Benzo(b)fluorantè;0.5;0.5;0.5;;1
110003000;Coure;900.0;1400.0;1060.0;207.36441353327723;5
110003000;Diuron;5.0;5.0;5.0;0.0;2
110003000;Fluorantè;0.5;0.5;0.5;;1
110003000;Naftalè;50.0;50.0;50.0;0.0;2
110004000;Antracè;0.5;1.0;0.5833333333333334;0.2041241452319315;6
110004000;Benzo(b)fluorantè;0.5;1.0;0.5833333333333334;0.2041241452319315;6
110004000;Coure;1200.0;2300.0;1757.142857142857;415.76092031014997;7
110004000;Diuron;12.0;48.0;28.857142857142858;11.567606658662102;7
110004000;Fluorantè;0.5;1.0;0.5833333333333334;0.2041241452319315;6
110004000;Naftalè;50.0;50.0;50.0;0.0;7
110005000;Antracè;0.5;1.0;0.6;0.22360679774997896;5
110005000;Benzo(b)fluorantè;0.5;1.0;0.6;0.22360679774997896;5
110005000;Coure;1400.0;3200.0;2257.1428571428573;672.9466121893645;7
110005000;Diuron;15.0;83.0;38.857142857142854;24.134543510830913;7
110005000;Fluorantè;0.5;1.2;0.8800000000000001;0.3563705936241092;5
110005000;Naftalè;50.0;50.0;50.0;0.0;7
110006000;Antracè;0.5;1.0;0.6666666666666666;0.25819888974716115;6
110006000;Benzo(b)fluorantè;0.5;1.5;0.9166666666666666;0.3763863263545405;6
110006000;Coure;2600.0;4500.0;3042.8571428571427;670.4653678780206;7
110006000;Diuron;134.0;5000.0;1834.7142857142858;1970.1034418092293;7
110006000;Fluorantè;0.5;5.5;1.5166666666666666;1.9701945758393171;6
110006000;Naftalè;50.0;50.0;50.0;0.0;7
110007000;Antracè;0.5;0.5;0.5;;1
110007000;Benzo(b)fluorantè;0.5;0.5;0.5;;1
110007000;Coure;1400.0;1400.0;1400.0;;1
110007000;Diuron;5.0;5.0;5.0;;1
110007000;Fluorantè;0.5;0.5;0.5;;1
110007000;Naftalè;50.0;50.0;50.0;;1
110008000;Antracè;0.5;1.0;0.6666666666666666;0.2581988897471611;6
110008000;Benzo(b)fluorantè;0.5;1.0;0.75;0.2738612787525831;6
110008000;Coure;250.0;2300.0;941.6666666666666;698.8681325304987;6
110008000;Diuron;22.0;68.0;44.166666666666664;17.57744767213564;6
110008000;Fluorantè;0.5;1.0;0.6666666666666666;0.2581988897471611;6
110008000;Naftalè;50.0;50.0;50.0;0.0;6
110009000;Antracè;0.5;1.0;0.5833333333333334;0.2041241452319315;6
110009000;Benzo(b)fluorantè;0.5;1.0;0.5833333333333334;0.2041241452319315;6
110009000;Coure;700.0;10200.0;2200.0;3533.647784749729;7
110009000;Diuron;5.0;5.0;5.0;0.0;7
110009000;Fluorantè;0.5;1.0;0.5833333333333334;0.2041241452319315;6
110009000;Naftalè;50.0;50.0;50.0;0.0;7
110010000;Antracè;0.5;1.0;0.5833333333333334;0.2041241452319315;6
110010000;Benzo(b)fluorantè;0.5;2.0;0.8333333333333334;0.6055300708194983;6
110010000;Coure;1000.0;2100.0;1485.7142857142858;371.6116764786032;7
110010000;Diuron;5.0;44.0;18.142857142857142;15.038046985657981;7
110010000;Fluorantè;0.5;1.0;0.5833333333333334;0.2041241452319315;6
110010000;Naftalè;50.0;50.0;50.0;0.0;7
110011000;Antracè;0.5;1.0;0.5833333333333334;0.2041241452319315;6
110011000;Benzo(b)fluorantè;0.5;1.5;0.75;0.4183300132670378;6
110011000;Coure;1800.0;3100.0;2300.0;522.8129047119373;7
110011000;Diuron;19.0;164.0;49.857142857142854;51.811930966488696;7
110011000;Fluorantè;0.5;1.0;0.5833333333333334;0.2041241452319315;6
110011000;Naftalè;50.0;50.0;50.0;0.0;7
110012000;Antracè;0.5;1.0;0.625;0.25;4
110012000;Benzo(b)fluorantè;0.5;1.0;0.625;0.25;4
110012000;Coure;600.0;1800.0;1050.0;450.55521304275237;6
110012000;Diuron;5.0;14.0;6.5;3.6742346141747673;6
110012000;Fluorantè;0.5;1.0;0.625;0.25;4
110012000;Naftalè;50.0;50.0;50.0;0.0;6
110012020;Coure;250.0;1000.0;500.0;273.8612787525831;6
110014000;Antracè;0.5;0.5;0.5;;1
110014000;Benzo(b)fluorantè;0.5;0.5;0.5;;1
110014000;Coure;2000.0;2100.0;2050.0;70.71067811865476;2
110014000;Diuron;5.0;5.0;5.0;0.0;2
110014000;Fluorantè;0.5;0.5;0.5;;1
110014000;Naftalè;50.0;50.0;50.0;0.0;2
110016000;Antracè;0.5;1.0;0.5833333333333334;0.2041241452319315;6
110016000;Benzo(b)fluorantè;0.5;2.0;0.8333333333333334;0.6055300708194983;6
110016000;Coure;1600.0;2300.0;1900.0;260.76809620810593;6
110016000;Diuron;5.0;32.0;17.166666666666668;9.261029460414575;6
110016000;Fluorantè;0.5;1.0;0.5833333333333334;0.2041241452319315;6
110016000;Naftalè;50.0;50.0;50.0;0.0;6
110017000;Antracè;0.5;0.5;0.5;;1
110017000;Benzo(b)fluorantè;0.5;0.5;0.5;;1
110017000;Coure;2000.0;2000.0;2000.0;;1
110017000;Diuron;19.0;19.0;19.0;;1
110017000;Fluorantè;0.5;0.5;0.5;;1
110017000;Naftalè;50.0;50.0;50.0;;1
110018000;Antracè;0.5;1.0;0.6666666666666666;0.2581988897471611;6
110018000;Benzo(b)fluorantè;0.5;1.0;0.6666666666666666;0.2581988897471611;6
110018000;Coure;1900.0;3000.0;2366.6666666666665;413.1182235954578;6
110018000;Diuron;110.0;639.0;271.0;208.24792916137244;6
110018000;Fluorantè;0.5;1.3;0.7999999999999999;0.3464101615137755;6
110018000;Naftalè;50.0;50.0;50.0;0.0;6
110018070;Antracè;0.5;1.0;0.6666666666666666;0.2581988897471611;6
110018070;Benzo(b)fluorantè;0.5;3.0;1.0833333333333333;0.9703951085339758;6
110018070;Coure;2800.0;6100.0;3766.6666666666665;1370.6446172026747;6
110018070;Diuron;108.0;1413.0;435.8333333333333;495.05612476432077;6
110018070;Fluorantè;0.5;1.2;0.7833333333333333;0.3188521078284832;6
110018070;Naftalè;50.0;50.0;50.0;0.0;6
110019000;Antracè;0.5;0.5;0.5;;1
110019000;Benzo(b)fluorantè;0.5;0.5;0.5;;1
110019000;Coure;900.0;2900.0;1742.857142857143;852.1681032463466;7
110019000;Fluorantè;0.5;0.5;0.5;;1
110019000;Naftalè;50.0;50.0;50.0;;1
110020000;Antracè;0.5;1.0;0.6666666666666666;0.2581988897471611;6
110020000;Benzo(b)fluorantè;0.5;1.0;0.6666666666666666;0.2581988897471611;6
110020000;Coure;1700.0;2400.0;2050.0;242.8991560298224;6
110020000;Diuron;27.0;109.0;67.0;28.192197502145874;6
110020000;Fluorantè;0.5;1.0;0.6666666666666666;0.2581988897471611;6
110020000;Naftalè;50.0;50.0;50.0;0.0;6
110020700;Antracè;0.5;0.5;0.5;0.0;2
110020700;Benzo(b)fluorantè;0.5;0.5;0.5;0.0;2
110020700;Coure;800.0;1400.0;1100.0;424.26406871192853;2
110020700;Diuron;5.0;23.0;14.0;12.727922061357855;2
110020700;Fluorantè;0.5;0.5;0.5;0.0;2
110020700;Naftalè;50.0;50.0;50.0;0.0;2
110021000;Antracè;0.5;1.0;0.6;0.22360679774997896;5
110021000;Benzo(b)fluorantè;0.5;1.0;0.6;0.22360679774997896;5
110021000;Coure;1100.0;1400.0;1180.0;130.384048104053;5
110021000;Diuron;5.0;5.0;5.0;0.0;5
110021000;Fluorantè;0.5;3.0;1.16;1.0853570840972109;5
110021000;Naftalè;50.0;50.0;50.0;0.0;5
110022000;Antracè;0.5;0.5;0.5;0.0;2
110022000;Benzo(b)fluorantè;0.5;0.5;0.5;0.0;2
110022000;Coure;1100.0;1200.0;1150.0;70.71067811865476;2
110022000;Diuron;5.0;5.0;5.0;0.0;2
110022000;Fluorantè;0.5;0.5;0.5;0.0;2
110022000;Naftalè;50.0;50.0;50.0;0.0;2
110022020;Coure;600.0;1900.0;885.7142857142857;456.1745697594706;7
110023000;Antracè;0.5;0.5;0.5;0.0;2
110023000;Benzo(b)fluorantè;0.5;0.5;0.5;0.0;2
110023000;Coure;1700.0;10700.0;6200.0;6363.961030678927;2
110023000;Diuron;5.0;71.0;38.0;46.66904755831214;2
110023000;Fluorantè;0.5;0.5;0.5;0.0;2
110023000;Naftalè;50.0;50.0;50.0;0.0;2
110024000;Antracè;0.5;1.0;0.6666666666666666;0.2581988897471611;6
110024000;Benzo(b)fluorantè;0.5;1.0;0.75;0.2738612787525831;6
110024000;Coure;3300.0;5500.0;4433.333333333333;884.6845012017938;6
110024000;Diuron;37.0;84.0;52.0;17.686152775547317;6
110024000;Fluorantè;0.5;2.5;1.0;0.7745966692414834;6
110024000;Naftalè;50.0;50.0;50.0;0.0;6
110025000;Antracè;0.5;1.0;0.6666666666666666;0.2581988897471611;6
110025000;Benzo(b)fluorantè;0.5;1.0;0.8333333333333334;0.25819888974716115;6
110025000;Coure;4600.0;6200.0;5450.0;554.0758070878028;6
110025000;Diuron;50.0;95.0;73.0;18.579558659989747;6
110025000;Fluorantè;0.5;1.1;0.7666666666666666;0.29439202887759497;6
110025000;Naftalè;50.0;50.0;50.0;0.0;6
110025070;Antracè;0.5;1.0;0.6666666666666666;0.2581988897471611;6
110025070;Benzo(b)fluorantè;0.5;1.0;0.75;0.2738612787525831;6
110025070;Coure;4700.0;6700.0;5600.0;732.120208708925;6
110025070;Diuron;51.0;138.0;77.83333333333333;32.09620953736853;6
110025070;Fluorantè;0.5;1.3;0.9;0.32863353450309973;6
110025070;Naftalè;50.0;50.0;50.0;0.0;6
110026000;Antracè;0.5;1.0;0.6666666666666666;0.2581988897471611;6
110026000;Benzo(b)fluorantè;0.5;1.0;0.75;0.2738612787525831;6
110026000;Coure;4100.0;6900.0;5083.333333333333;1041.9532938988516;6
110026000;Diuron;64.0;107.0;86.0;14.886235252742717;6
110026000;Fluorantè;0.5;2.0;0.9666666666666667;0.6055300708194984;6
110026000;Naftalè;50.0;50.0;50.0;0.0;6
110026070;Antracè;0.5;1.0;0.6666666666666666;0.2581988897471611;6
110026070;Benzo(b)fluorantè;0.5;1.0;0.75;0.2738612787525831;6
110026070;Coure;3700.0;7600.0;5750.0;1329.2855223765887;6
110026070;Diuron;53.0;117.0;89.0;24.673872821265817;6
110026070;Fluorantè;0.5;1.0;0.75;0.2738612787525831;6
110026070;Naftalè;50.0;50.0;50.0;0.0;6
110028000;Antracè;1.0;1.0;1.0;;1
110028000;Benzo(b)fluorantè;1.0;1.0;1.0;;1
110028000;Coure;2100.0;2100.0;2100.0;;1
110028000;Diuron;19.0;19.0;19.0;;1
110028000;Fluorantè;1.0;1.0;1.0;;1
110028000;Naftalè;50.0;50.0;50.0;;1
110030000;Antracè;0.5;1.0;0.6666666666666666;0.2581988897471611;6
110030000;Benzo(b)fluorantè;0.5;2.0;1.0;0.5477225575051662;6
110030000;Coure;2900.0;4000.0;3483.3333333333335;386.8677637987775;6
110030000;Diuron;88.0;392.0;183.16666666666666;117.5915246379035;6
110030000;Fluorantè;0.5;3.0;1.2;0.9273618495495705;6
110030000;Naftalè;50.0;50.0;50.0;0.0;6
135101000;Antracè;0.5;0.5;0.5;0.0;4
135101000;Benzo(b)fluorantè;0.5;0.5;0.5;0.0;4
135101000;Coure;250.0;1000.0;662.5;319.8306843732581;4
135101000;Diuron;5.0;5.0;5.0;0.0;4
135101000;Fluorantè;0.5;0.5;0.5;0.0;4
135101000;Naftalè;50.0;50.0;50.0;0.0;4
140001000;Antracè;0.5;0.5;0.5;;1
140001000;Benzo(b)fluorantè;0.5;0.5;0.5;;1
140001000;Coure;250.0;700.0;314.2857142857143;170.08401285415226;7
140001000;Diuron;5.0;5.0;5.0;;1
140001000;Fluorantè;0.5;0.5;0.5;;1
140001000;Naftalè;50.0;50.0;50.0;;1
140003000;Antracè;0.5;1.0;0.6666666666666666;0.2581988897471611;6
140003000;Benzo(b)fluorantè;0.5;1.0;0.6666666666666666;0.2581988897471611;6
140003000;Coure;1000.0;2200.0;1700.0;400.0;6
140003000;Diuron;5.0;5.0;5.0;0.0;6
140003000;Fluorantè;0.5;1.0;0.6666666666666666;0.2581988897471611;6
140003000;Naftalè;50.0;50.0;50.0;0.0;6
140004000;Antracè;0.5;0.5;0.5;;1
140004000;Benzo(b)fluorantè;0.5;0.5;0.5;;1
140004000;Coure;1500.0;1500.0;1500.0;;1
140004000;Diuron;5.0;5.0;5.0;;1
140004000;Fluorantè;0.5;0.5;0.5;;1
140004000;Naftalè;50.0;50.0;50.0;;1
140006000;Antracè;0.5;0.5;0.5;;1
140006000;Benzo(b)fluorantè;0.5;0.5;0.5;;1
140006000;Coure;1200.0;1200.0;1200.0;;1
140006000;Diuron;5.0;5.0;5.0;;1
140006000;Fluorantè;0.5;0.5;0.5;;1
140006000;Naftalè;50.0;50.0;50.0;;1
140006070;Antracè;0.5;1.0;0.6666666666666666;0.2581988897471611;6
140006070;Benzo(b)fluorantè;0.5;2.0;0.9166666666666666;0.5845225972250061;6
140006070;Coure;1600.0;2600.0;1833.3333333333333;382.97084310253524;6
140006070;Diuron;10.0;72.0;35.5;24.072806234421446;6
140006070;Fluorantè;0.5;1.0;0.6666666666666666;0.2581988897471611;6
140006070;Naftalè;50.0;50.0;50.0;0.0;6
140007000;Antracè;0.5;1.0;0.75;0.3535533905932738;2
140007000;Benzo(b)fluorantè;0.5;1.0;0.75;0.3535533905932738;2
140007000;Coure;250.0;250.0;250.0;0.0;2
140007000;Diuron;5.0;5.0;5.0;0.0;2
140007000;Fluorantè;0.5;1.0;0.75;0.3535533905932738;2
140007000;Naftalè;50.0;50.0;50.0;0.0;2
140007500;Antracè;0.5;1.0;0.75;0.3535533905932738;2
140007500;Benzo(b)fluorantè;1.0;2.0;1.5;0.7071067811865476;2
140007500;Coure;250.0;250.0;250.0;0.0;2
140007500;Diuron;5.0;5.0;5.0;0.0;2
140007500;Fluorantè;0.5;1.0;0.75;0.3535533905932738;2
140007500;Naftalè;50.0;50.0;50.0;0.0;2
140008000;Antracè;0.5;0.5;0.5;;1
140008000;Benzo(b)fluorantè;0.5;0.5;0.5;;1
140008000;Coure;700.0;700.0;700.0;;1
140008000;Diuron;5.0;5.0;5.0;;1
140008000;Fluorantè;0.5;0.5;0.5;;1
140008000;Naftalè;50.0;50.0;50.0;;1
140008020;Coure;250.0;700.0;350.0;180.27756377319946;7
140011020;Coure;250.0;900.0;342.85714285714283;245.67690745599768;7
140013000;Antracè;0.5;1.0;0.75;0.3535533905932738;2
140013000;Benzo(b)fluorantè;0.5;1.0;0.75;0.3535533905932738;2
140013000;Coure;250.0;250.0;250.0;0.0;2
140013000;Diuron;5.0;5.0;5.0;0.0;2
140013000;Fluorantè;0.5;1.0;0.75;0.3535533905932738;2
140013000;Naftalè;50.0;50.0;50.0;0.0;2
140014000;Antracè;0.5;1.0;0.75;0.3535533905932738;2
140014000;Benzo(b)fluorantè;0.5;1.0;0.75;0.3535533905932738;2
140014000;Coure;1200.0;1700.0;1450.0;353.5533905932738;2
140014000;Diuron;5.0;5.0;5.0;0.0;2
140014000;Fluorantè;0.5;1.0;0.75;0.3535533905932738;2
140014000;Naftalè;50.0;50.0;50.0;0.0;2
140015000;Antracè;0.5;0.5;0.5;;1
140015000;Benzo(b)fluorantè;0.5;0.5;0.5;;1
140015000;Coure;1200.0;1200.0;1200.0;;1
140015000;Diuron;5.0;5.0;5.0;;1
140015000;Fluorantè;0.5;0.5;0.5;;1
140015000;Naftalè;50.0;50.0;50.0;;1
140017000;Antracè;0.5;1.0;0.6666666666666666;0.2581988897471611;6
140017000;Benzo(b)fluorantè;0.5;2.0;0.9166666666666666;0.5845225972250061;6
140017000;Coure;700.0;2300.0;1266.6666666666667;640.8327915038889;6
140017000;Diuron;5.0;46.0;18.333333333333332;15.383974345619102;6
140017000;Fluorantè;0.5;1.0;0.6666666666666666;0.2581988897471611;6
140017000;Naftalè;50.0;50.0;50.0;0.0;6
140019000;Antracè;0.5;0.5;0.5;;1
140019000;Benzo(b)fluorantè;0.5;0.5;0.5;;1
140019000;Coure;800.0;800.0;800.0;;1
140019000;Diuron;5.0;5.0;5.0;;1
140019000;Fluorantè;0.5;0.5;0.5;;1
140019000;Naftalè;50.0;50.0;50.0;;1
140019070;Antracè;0.5;1.0;0.6666666666666666;0.2581988897471611;6
140019070;Benzo(b)fluorantè;0.5;1.0;0.75;0.2738612787525831;6
140019070;Coure;600.0;1900.0;1066.6666666666667;496.655480858378;6
140019070;Diuron;17.0;87.0;56.333333333333336;26.272926496046583;6
140019070;Fluorantè;0.5;1.0;0.6666666666666666;0.2581988897471611;6
140019070;Naftalè;50.0;50.0;50.0;0.0;6
140020000;Antracè;0.5;0.5;0.5;;1
140020000;Benzo(b)fluorantè;0.5;0.5;0.5;;1
140020000;Coure;1500.0;1500.0;1500.0;;1
140020000;Diuron;5.0;5.0;5.0;;1
140020000;Fluorantè;0.5;0.5;0.5;;1
140020000;Naftalè;50.0;50.0;50.0;;1
140023000;Antracè;0.5;0.5;0.5;;1
140023000;Benzo(b)fluorantè;0.5;0.5;0.5;;1
140023000;Coure;600.0;1300.0;1025.0;309.56959368344513;4
140023000;Diuron;5.0;5.0;5.0;;1
140023000;Fluorantè;0.5;0.5;0.5;;1
140023000;Naftalè;50.0;50.0;50.0;;1
140024000;Antracè;0.5;0.5;0.5;;1
140024000;Benzo(b)fluorantè;0.5;0.5;0.5;;1
140024000;Coure;1200.0;1200.0;1200.0;;1
140024000;Diuron;5.0;5.0;5.0;;1
140024000;Fluorantè;0.5;0.5;0.5;;1
140024000;Naftalè;50.0;50.0;50.0;;1
150001000;Antracè;0.5;0.5;0.5;0.0;2
150001000;Benzo(b)fluorantè;0.5;0.5;0.5;0.0;2
150001000;Coure;800.0;900.0;850.0;70.71067811865476;2
150001000;Diuron;5.0;5.0;5.0;0.0;2
150001000;Fluorantè;0.5;0.5;0.5;0.0;2
150001000;Naftalè;50.0;50.0;50.0;0.0;2
150003000;Antracè;0.5;0.5;0.5;;1
150003000;Benzo(b)fluorantè;0.5;0.5;0.5;;1
150003000;Coure;1200.0;1200.0;1200.0;;1
150003000;Diuron;5.0;5.0;5.0;;1
150003000;Fluorantè;0.5;0.5;0.5;;1
150003000;Naftalè;50.0;50.0;50.0;;1
158180000;Coure;700.0;3200.0;1433.3333333333333;913.6009340333813;6
160001000;Antracè;0.5;0.5;0.5;0.0;2
160001000;Benzo(b)fluorantè;0.5;0.5;0.5;0.0;2
160001000;Coure;600.0;1700.0;1150.0;777.8174593052023;2
160001000;Diuron;5.0;5.0;5.0;0.0;2
160001000;Fluorantè;0.5;0.5;0.5;0.0;2
160001000;Naftalè;50.0;50.0;50.0;0.0;2
160002000;Antracè;0.5;1.0;0.6;0.22360679774997896;5
160002000;Benzo(b)fluorantè;0.5;1.0;0.8;0.2738612787525831;5
160002000;Coure;1200.0;3400.0;1966.6666666666667;945.868207873944;6
160002000;Diuron;70.0;295.0;147.5;83.51466937011725;6
160002000;Fluorantè;0.5;2.3;0.96;0.779743547584717;5
160002000;Naftalè;50.0;50.0;50.0;0.0;6
170001000;Antracè;0.5;0.5;0.5;0.0;2
170001000;Benzo(b)fluorantè;0.5;0.5;0.5;0.0;2
170001000;Coure;600.0;1400.0;1000.0;565.685424949238;2
170001000;Diuron;5.0;5.0;5.0;0.0;2
170001000;Fluorantè;0.5;0.5;0.5;0.0;2
170001000;Naftalè;50.0;50.0;50.0;0.0;2
170002000;Antracè;0.5;0.5;0.5;;1
170002000;Benzo(b)fluorantè;0.5;0.5;0.5;;1
170002000;Coure;900.0;900.0;900.0;;1
170002000;Diuron;5.0;5.0;5.0;;1
170002000;Fluorantè;0.5;0.5;0.5;;1
170002000;Naftalè;50.0;50.0;50.0;;1
190001000;Antracè;0.5;0.5;0.5;0.0;2
190001000;Benzo(b)fluorantè;0.5;0.5;0.5;0.0;2
190001000;Coure;700.0;1700.0;1200.0;707.1067811865476;2
190001000;Diuron;5.0;5.0;5.0;0.0;2
190001000;Fluorantè;0.5;0.5;0.5;0.0;2
190001000;Naftalè;50.0;50.0;50.0;0.0;2
190002000;Antracè;0.5;0.5;0.5;;1
190002000;Benzo(b)fluorantè;0.5;0.5;0.5;;1
190002000;Coure;2000.0;2000.0;2000.0;;1
190002000;Diuron;5.0;5.0;5.0;;1
190002000;Fluorantè;0.5;0.5;0.5;;1
190002000;Naftalè;50.0;50.0;50.0;;1
190003000;Antracè;0.5;1.0;0.6;0.22360679774997896;5
190003000;Benzo(b)fluorantè;0.5;5.0;1.7;1.9557607215607946;5
190003000;Coure;800.0;2200.0;1366.6666666666667;508.592829940284;6
190003000;Diuron;5.0;74.0;24.166666666666668;30.57068312397789;6
190003000;Fluorantè;0.5;1.0;0.6;0.22360679774997896;5
190003000;Naftalè;50.0;50.0;50.0;0.0;6
190004000;Antracè;0.5;1.0;0.7;0.2738612787525831;5
190004000;Benzo(b)fluorantè;0.5;2.0;1.0;0.6123724356957945;5
190004000;Coure;1900.0;2700.0;2266.6666666666665;326.59863237109045;6
190004000;Diuron;5.0;25.0;11.333333333333334;9.83192080250175;6
190004000;Fluorantè;0.5;1.0;0.7;0.2738612787525831;5
190004000;Naftalè;50.0;50.0;50.0;0.0;6
200001000;Antracè;0.5;0.5;0.5;0.0;2
200001000;Benzo(b)fluorantè;0.5;0.5;0.5;0.0;2
200001000;Coure;250.0;500.0;375.0;176.7766952966369;2
200001000;Diuron;5.0;5.0;5.0;0.0;2
200001000;Fluorantè;0.5;0.5;0.5;0.0;2
200001000;Naftalè;50.0;50.0;50.0;0.0;2
200002000;Antracè;0.5;0.5;0.5;0.0;2
200002000;Benzo(b)fluorantè;0.5;0.5;0.5;0.0;2
200002000;Coure;1100.0;9500.0;5300.0;5939.696961966999;2
200002000;Diuron;5.0;5.0;5.0;0.0;2
200002000;Fluorantè;0.5;0.5;0.5;0.0;2
200002000;Naftalè;50.0;50.0;50.0;0.0;2
200003000;Antracè;0.5;1.0;0.6470588235294118;0.2348341091569311;17
200003000;Benzo(b)fluorantè;0.5;1.5;0.7352941176470589;0.31213213642339893;17
200003000;Coure;250.0;4800.0;931.578947368421;1034.7048057720228;19
200003000;Diuron;5.0;5.0;5.0;0.0;19
200003000;Fluorantè;0.5;1.0;0.6470588235294118;0.2348341091569311;17
200003000;Naftalè;50.0;50.0;50.0;0.0;19
200004000;Antracè;0.5;0.5;0.5;0.0;2
200004000;Benzo(b)fluorantè;0.5;0.5;0.5;0.0;2
200004000;Coure;600.0;1000.0;800.0;282.842712474619;2
200004000;Diuron;5.0;5.0;5.0;0.0;2
200004000;Fluorantè;0.5;0.5;0.5;0.0;2
200004000;Naftalè;50.0;50.0;50.0;0.0;2
200005000;Antracè;0.5;0.5;0.5;0.0;2
200005000;Benzo(b)fluorantè;0.5;0.5;0.5;0.0;2
200005000;Coure;250.0;2000.0;757.1428571428571;607.1988769674036;7
200005000;Diuron;5.0;5.0;5.0;0.0;2
200005000;Fluorantè;0.5;0.5;0.5;0.0;2
200005000;Naftalè;50.0;50.0;50.0;0.0;2
200006000;Antracè;0.5;1.0;0.75;0.3535533905932738;2
200006000;Benzo(b)fluorantè;0.5;1.0;0.75;0.3535533905932738;2
200006000;Coure;700.0;900.0;800.0;141.4213562373095;2
200006000;Diuron;5.0;5.0;5.0;0.0;2
200006000;Fluorantè;0.5;1.0;0.75;0.3535533905932738;2
200006000;Naftalè;50.0;50.0;50.0;0.0;2
200007000;Antracè;0.5;0.5;0.5;0.0;2
200007000;Benzo(b)fluorantè;0.5;0.5;0.5;0.0;2
200007000;Coure;250.0;500.0;375.0;176.7766952966369;2
200007000;Diuron;5.0;5.0;5.0;0.0;2
200007000;Fluorantè;0.5;0.5;0.5;0.0;2
200007000;Naftalè;50.0;50.0;50.0;0.0;2
200008000;Antracè;0.5;0.5;0.5;0.0;2
200008000;Benzo(b)fluorantè;0.5;0.5;0.5;0.0;2
200008000;Coure;250.0;500.0;375.0;176.7766952966369;2
200008000;Diuron;5.0;5.0;5.0;0.0;2
200008000;Fluorantè;0.5;0.5;0.5;0.0;2
200008000;Naftalè;50.0;50.0;50.0;0.0;2
200009000;Antracè;0.5;1.0;0.75;0.3535533905932738;2
200009000;Benzo(b)fluorantè;0.5;1.0;0.75;0.3535533905932738;2
200009000;Coure;250.0;500.0;375.0;176.7766952966369;2
200009000;Diuron;5.0;5.0;5.0;0.0;2
200009000;Fluorantè;0.5;1.0;0.75;0.3535533905932738;2
200009000;Naftalè;50.0;50.0;50.0;0.0;2
200009020;Coure;600.0;3300.0;1053.8461538461538;705.4731091206154;13
200010000;Antracè;0.5;1.0;0.5833333333333334;0.2041241452319315;6
200010000;Benzo(b)fluorantè;0.5;1.0;0.5833333333333334;0.2041241452319315;6
200010000;Coure;600.0;2200.0;942.8571428571429;579.8193478924933;7
200010000;Diuron;5.0;5.0;5.0;0.0;7
200010000;Fluorantè;0.5;1.0;0.5833333333333334;0.2041241452319315;6
200010000;Naftalè;50.0;50.0;50.0;0.0;7
200011000;Antracè;0.5;1.0;0.5833333333333334;0.2041241452319315;6
200011000;Benzo(b)fluorantè;0.5;1.0;0.5833333333333334;0.2041241452319315;6
200011000;Coure;500.0;2300.0;1142.857142857143;582.6867164470196;7
200011000;Diuron;5.0;5.0;5.0;0.0;7
200011000;Fluorantè;0.5;1.0;0.5833333333333334;0.2041241452319315;6
200011000;Naftalè;50.0;50.0;50.0;0.0;7
200013000;Antracè;0.5;0.5;0.5;0.0;2
200013000;Benzo(b)fluorantè;0.5;0.5;0.5;0.0;2
200013000;Coure;900.0;900.0;900.0;0.0;2
200013000;Diuron;5.0;5.0;5.0;0.0;2
200013000;Fluorantè;0.5;1.9;1.2;0.9899494936611665;2
200013000;Naftalè;50.0;50.0;50.0;0.0;2
200014000;Antracè;0.5;1.0;0.75;0.3535533905932738;2
200014000;Benzo(b)fluorantè;0.5;2.5;1.5;1.4142135623730951;2
200014000;Coure;800.0;1000.0;900.0;141.4213562373095;2
200014000;Diuron;5.0;5.0;5.0;0.0;2
200014000;Fluorantè;1.0;1.2;1.1;0.1414213562373094;2
200014000;Naftalè;50.0;50.0;50.0;0.0;2
200015000;Antracè;0.5;1.0;0.6428571428571429;0.24397501823713327;7
200015000;Benzo(b)fluorantè;0.5;2.0;0.8571428571428571;0.5563486402641867;7
200015000;Coure;1600.0;6200.0;3042.8571428571427;1672.181352661988;7
200015000;Diuron;5.0;5.0;5.0;0.0;7
200015000;Fluorantè;0.5;1.0;0.6428571428571429;0.24397501823713327;7
200015000;Naftalè;50.0;50.0;50.0;0.0;7
200015070;Antracè;0.5;1.0;0.6428571428571429;0.24397501823713327;7
200015070;Benzo(b)fluorantè;0.5;2.0;0.8571428571428571;0.5563486402641867;7
200015070;Coure;700.0;3200.0;1557.142857142857;1078.3585409580355;7
200015070;Diuron;5.0;5.0;5.0;0.0;7
200015070;Fluorantè;0.5;1.0;0.6428571428571429;0.24397501823713327;7
200015070;Naftalè;50.0;50.0;50.0;0.0;7
200017000;Antracè;0.5;1.0;0.75;0.3535533905932738;2
200017000;Benzo(b)fluorantè;0.5;1.0;0.75;0.3535533905932738;2
200017000;Coure;500.0;1000.0;750.0;353.5533905932738;2
200017000;Diuron;5.0;5.0;5.0;0.0;2
200017000;Fluorantè;0.5;1.0;0.75;0.3535533905932738;2
200017000;Naftalè;50.0;50.0;50.0;0.0;2
200018000;Antracè;0.5;1.0;0.6666666666666666;0.2581988897471611;6
200018000;Benzo(b)fluorantè;0.5;2.0;0.9166666666666666;0.5845225972250061;6
200018000;Coure;1300.0;3100.0;2250.0;644.2049363362563;6
200018000;Diuron;5.0;5.0;5.0;0.0;6
200018000;Fluorantè;0.5;1.0;0.6666666666666666;0.2581988897471611;6
200018000;Naftalè;50.0;50.0;50.0;0.0;6
200019000;Antracè;1.0;1.0;1.0;;1
200019000;Benzo(b)fluorantè;5.0;5.0;5.0;;1
200019000;Coure;2700.0;2700.0;2700.0;;1
200019000;Diuron;5.0;5.0;5.0;;1
200019000;Fluorantè;1.0;1.0;1.0;;1
200019000;Naftalè;50.0;50.0;50.0;;1
200019070;Antracè;0.5;1.0;0.6428571428571429;0.24397501823713327;7
200019070;Benzo(b)fluorantè;0.5;2.0;0.8571428571428571;0.5563486402641867;7
200019070;Coure;1800.0;9100.0;3585.714285714286;2503.616431903106;7
200019070;Diuron;5.0;47.0;27.285714285714285;15.04121322360983;7
200019070;Fluorantè;0.5;1.0;0.6428571428571429;0.24397501823713327;7
200019070;Naftalè;50.0;50.0;50.0;0.0;7
200019500;Antracè;0.5;1.0;0.6666666666666666;0.2581988897471611;6
200019500;Benzo(b)fluorantè;0.5;5.0;1.8333333333333333;1.693123346560039;6
200019500;Coure;1900.0;5900.0;3550.0;1690.8577704821894;6
200019500;Diuron;10.0;90.0;30.333333333333332;29.601801746965787;6
200019500;Fluorantè;0.5;1.9;1.0666666666666667;0.5537749241945383;6
200019500;Naftalè;50.0;50.0;50.0;0.0;6
200019520;Coure;800.0;1000.0;900.0;141.4213562373095;2
200019570;Antracè;0.5;1.0;0.6428571428571429;0.24397501823713327;7
200019570;Benzo(b)fluorantè;0.5;10.0;2.142857142857143;3.508493096690345;7
200019570;Coure;700.0;16400.0;3928.5714285714284;5565.882465435973;7
200019570;Diuron;10.0;53.0;34.57142857142857;16.091997419599004;7
200019570;Fluorantè;0.5;2.1;1.3571428571428572;0.5740416444159863;7
200019570;Naftalè;50.0;50.0;50.0;0.0;7
200020000;Antracè;0.5;1.0;0.6428571428571429;0.24397501823713327;7
200020000;Benzo(b)fluorantè;0.5;5.0;1.4285714285714286;1.6690459207925605;7
200020000;Coure;1200.0;7800.0;3114.285714285714;2539.966253994051;7
200020000;Diuron;5.0;43.0;26.285714285714285;13.13664449436874;7
200020000;Fluorantè;0.5;2.0;0.7857142857142857;0.5669467095138409;7
200020000;Naftalè;50.0;50.0;50.0;0.0;7
200021000;Antracè;0.5;2.0;1.25;1.0606601717798212;2
200021000;Benzo(b)fluorantè;0.5;1.0;0.75;0.3535533905932738;2
200021000;Coure;2200.0;3500.0;2850.0;919.2388155425118;2
200021000;Diuron;5.0;5.0;5.0;0.0;2
200021000;Fluorantè;1.0;1.4;1.2;0.28284271247461895;2
200021000;Naftalè;50.0;50.0;50.0;0.0;2
200022700;Antracè;0.5;1.0;0.6578947368421053;0.23878346647045962;19
200022700;Benzo(b)fluorantè;0.5;2.0;0.7105263157894737;0.3842665984878861;19
200022700;Coure;700.0;1600.0;1095.0;279.9906013460189;20
200022700;Diuron;5.0;5.0;5.0;0.0;19
200022700;Fluorantè;0.5;1.0;0.6578947368421053;0.23878346647045962;19
200022700;Naftalè;50.0;50.0;50.0;0.0;20
200023000;Antracè;0.5;0.5;0.5;0.0;2
200023000;Benzo(b)fluorantè;0.5;0.5;0.5;0.0;2
200023000;Coure;1100.0;1100.0;1100.0;0.0;2
200023000;Diuron;5.0;5.0;5.0;0.0;2
200023000;Fluorantè;0.5;0.5;0.5;0.0;2
200023000;Naftalè;50.0;50.0;50.0;0.0;2
200025000;Antracè;0.5;0.5;0.5;0.0;2
200025000;Benzo(b)fluorantè;0.5;0.5;0.5;0.0;2
200025000;Coure;800.0;800.0;800.0;0.0;2
200025000;Diuron;5.0;5.0;5.0;0.0;2
200025000;Fluorantè;0.5;0.5;0.5;0.0;2
200025000;Naftalè;50.0;50.0;50.0;0.0;2
200026000;Antracè;0.5;0.5;0.5;0.0;2
200026000;Benzo(b)fluorantè;0.5;0.5;0.5;0.0;2
200026000;Coure;500.0;1500.0;928.5714285714286;372.89089429432175;7
200026000;Diuron;5.0;5.0;5.0;0.0;2
200026000;Fluorantè;0.5;0.5;0.5;0.0;2
200026000;Naftalè;50.0;50.0;50.0;0.0;2
200028000;Antracè;0.5;1.0;0.5833333333333334;0.2041241452319315;6
200028000;Benzo(b)fluorantè;0.5;2.0;0.75;0.6123724356957945;6
200028000;Coure;1100.0;1700.0;1257.142857142857;207.01966780270627;7
200028000;Diuron;5.0;5.0;5.0;0.0;7
200028000;Fluorantè;0.5;1.0;0.5833333333333334;0.2041241452319315;6
200028000;Naftalè;50.0;50.0;50.0;0.0;7
200028070;Antracè;0.5;1.0;0.5833333333333334;0.2041241452319315;6
200028070;Benzo(b)fluorantè;0.5;1.0;0.5833333333333334;0.2041241452319315;6
200028070;Coure;600.0;1400.0;957.1428571428571;250.71326821120348;7
200028070;Diuron;5.0;5.0;5.0;0.0;7
200028070;Fluorantè;0.5;1.0;0.5833333333333334;0.2041241452319315;6
200028070;Naftalè;50.0;50.0;50.0;0.0;7
200029000;Antracè;0.5;1.0;0.5833333333333334;0.2041241452319315;6
200029000;Benzo(b)fluorantè;0.5;1.0;0.6666666666666666;0.2581988897471611;6
200029000;Coure;1000.0;8300.0;2242.8571428571427;2674.4825934855403;7
200029000;Diuron;5.0;5.0;5.0;0.0;7
200029000;Fluorantè;0.5;1.5;0.75;0.4183300132670378;6
200029000;Naftalè;50.0;50.0;50.0;0.0;7
200029020;Coure;250.0;10400.0;1257.6923076923076;2770.593058793712;13
200030000;Antracè;0.5;1.0;0.6;0.22360679774997896;5
200030000;Benzo(b)fluorantè;0.5;3.1;1.1199999999999999;1.127829774389735;5
200030000;Coure;250.0;2000.0;658.3333333333334;679.2765759737831;6
200030000;Diuron;5.0;5.0;5.0;0.0;6
200030000;Fluorantè;0.5;1.0;0.6;0.22360679774997896;5
200030000;Naftalè;50.0;50.0;50.0;0.0;6
200031000;Antracè;1.0;1.0;1.0;;1
200031000;Benzo(b)fluorantè;1.0;1.0;1.0;;1
200031000;Coure;800.0;1500.0;1150.0;494.9747468305833;2
200031000;Diuron;5.0;5.0;5.0;;1
200031000;Fluorantè;1.0;1.0;1.0;;1
200031000;Naftalè;50.0;50.0;50.0;0.0;2
200032000;Antracè;0.5;1.0;0.5833333333333334;0.2041241452319315;6
200032000;Benzo(b)fluorantè;0.5;1.0;0.5833333333333334;0.2041241452319315;6
200032000;Coure;900.0;2400.0;1300.0;516.3977794943223;7
200032000;Diuron;5.0;5.0;5.0;0.0;7
200032000;Fluorantè;0.5;1.2;0.7000000000000001;0.31622776601683794;6
200032000;Naftalè;50.0;50.0;50.0;0.0;7
200033000;Antracè;0.5;0.5;0.5;0.0;2
200033000;Benzo(b)fluorantè;0.5;0.5;0.5;0.0;2
200033000;Coure;1700.0;2500.0;2100.0;565.685424949238;2
200033000;Diuron;5.0;5.0;5.0;0.0;2
200033000;Fluorantè;0.5;1.3;0.9;0.5656854249492381;2
200033000;Naftalè;50.0;50.0;50.0;0.0;2
200034000;Antracè;0.5;2.0;0.9;0.6519202405202649;5
200034000;Benzo(b)fluorantè;0.5;2.0;1.0;0.6123724356957945;5
200034000;Coure;1300.0;4700.0;2400.0;1248.9995996796797;6
200034000;Diuron;65.0;232.0;136.66666666666666;66.05654143736763;6
200034000;Fluorantè;0.5;2.0;1.24;0.5504543577809153;5
200034000;Naftalè;50.0;50.0;50.0;0.0;6
200034020;Coure;250.0;3100.0;823.0769230769231;819.9632574632496;13
200034070;Antracè;0.5;1.0;0.5833333333333334;0.2041241452319315;6
200034070;Benzo(b)fluorantè;0.5;4.0;1.25;1.3693063937629153;6
200034070;Coure;1200.0;3400.0;2114.285714285714;823.4653836654204;7
200034070;Diuron;69.0;286.0;170.14285714285714;82.36388482708621;7
200034070;Fluorantè;0.5;1.5;0.8833333333333333;0.4490731195102493;6
200034070;Naftalè;50.0;50.0;50.0;0.0;7
200036000;Antracè;0.5;1.0;0.5833333333333334;0.2041241452319315;6
200036000;Benzo(b)fluorantè;0.5;3.0;1.0833333333333333;0.9703951085339758;6
200036000;Coure;2200.0;3700.0;2900.0;574.4562646538028;7
200036000;Diuron;18.0;82.0;38.0;21.53292053267895;7
200036000;Fluorantè;0.5;1.0;0.5833333333333334;0.2041241452319315;6
200036000;Naftalè;50.0;50.0;50.0;0.0;7
200037000;Antracè;0.5;1.0;0.5833333333333334;0.2041241452319315;6
200037000;Benzo(b)fluorantè;0.5;2.0;0.8333333333333334;0.6055300708194983;6
200037000;Coure;1100.0;4200.0;2457.1428571428573;1076.8118728560758;7
200037000;Diuron;22.0;52.0;37.857142857142854;12.941259230700483;7
200037000;Fluorantè;0.5;1.0;0.5833333333333334;0.2041241452319315;6
200037000;Naftalè;50.0;50.0;50.0;0.0;7
200038000;Antracè;0.5;0.5;0.5;0.0;2
200038000;Benzo(b)fluorantè;0.5;0.5;0.5;0.0;2
200038000;Coure;1000.0;1200.0;1100.0;141.4213562373095;2
200038000;Diuron;5.0;5.0;5.0;0.0;2
200038000;Fluorantè;0.5;0.5;0.5;0.0;2
200038000;Naftalè;50.0;50.0;50.0;0.0;2
200039000;Antracè;0.5;1.0;0.75;0.3535533905932738;2
200039000;Benzo(b)fluorantè;1.0;1.0;1.0;0.0;2
200039000;Coure;3200.0;4400.0;3800.0;848.5281374238571;2
200039000;Diuron;11.0;11.0;11.0;;1
200039000;Fluorantè;0.5;1.0;0.75;0.3535533905932738;2
200039000;Naftalè;50.0;50.0;50.0;0.0;2
200040000;Antracè;0.5;0.5;0.5;;1
200040000;Benzo(b)fluorantè;0.5;0.5;0.5;;1
200040000;Coure;900.0;900.0;900.0;;1
200040000;Diuron;5.0;5.0;5.0;;1
200040000;Fluorantè;0.5;0.5;0.5;;1
200040000;Naftalè;50.0;50.0;50.0;;1
200041000;Antracè;0.5;1.0;0.6666666666666666;0.2581988897471611;6
200041000;Benzo(b)fluorantè;0.5;1.0;0.75;0.2738612787525831;6
200041000;Coure;700.0;1300.0;1000.0;219.08902300206645;6
200041000;Diuron;5.0;26.0;13.166666666666666;8.376554582086042;6
200041000;Fluorantè;0.5;1.0;0.6666666666666666;0.2581988897471611;6
200041000;Naftalè;50.0;50.0;50.0;0.0;6
200041070;Antracè;0.5;1.0;0.6;0.22360679774997896;5
200041070;Benzo(b)fluorantè;0.5;1.0;0.8;0.2738612787525831;5
200041070;Coure;1100.0;2600.0;1900.0;540.3702434442519;6
200041070;Diuron;5.0;26.0;14.0;8.48528137423857;6
200041070;Fluorantè;0.5;1.0;0.6;0.22360679774997896;5
200041070;Naftalè;50.0;50.0;50.0;0.0;6
200042000;Antracè;0.5;1.0;0.75;0.3535533905932738;2
200042000;Benzo(b)fluorantè;0.5;1.0;0.75;0.3535533905932738;2
200042000;Coure;1100.0;1600.0;1350.0;353.5533905932738;2
200042000;Diuron;5.0;5.0;5.0;;1
200042000;Fluorantè;0.5;1.0;0.75;0.3535533905932738;2
200042000;Naftalè;50.0;50.0;50.0;0.0;2
200042070;Antracè;0.5;1.0;0.6;0.22360679774997896;5
200042070;Benzo(b)fluorantè;0.5;1.0;0.7;0.27386127875258304;5
200042070;Coure;1200.0;1800.0;1416.6666666666667;213.6976056643281;6
200042070;Diuron;5.0;18.0;9.666666666666666;5.501514942874069;6
200042070;Fluorantè;0.5;1.0;0.6;0.22360679774997896;5
200042070;Naftalè;50.0;50.0;50.0;0.0;6
200043000;Antracè;0.5;0.5;0.5;0.0;2
200043000;Benzo(b)fluorantè;0.5;0.5;0.5;0.0;2
200043000;Coure;800.0;1100.0;950.0;212.13203435596427;2
200043000;Diuron;5.0;5.0;5.0;0.0;2
200043000;Fluorantè;0.5;0.5;0.5;0.0;2
200043000;Naftalè;50.0;50.0;50.0;0.0;2
200043500;Antracè;0.5;0.5;0.5;;1
200043500;Benzo(b)fluorantè;0.5;0.5;0.5;;1
200043500;Coure;1100.0;1100.0;1100.0;;1
200043500;Diuron;5.0;5.0;5.0;;1
200043500;Fluorantè;0.5;0.5;0.5;;1
200043500;Naftalè;50.0;50.0;50.0;;1
200044000;Antracè;0.5;1.0;0.6;0.22360679774997896;5
200044000;Benzo(b)fluorantè;0.5;2.5;1.0;0.8660254037844386;5
200044000;Coure;600.0;2000.0;1266.6666666666667;488.5352256149669;6
200044000;Diuron;5.0;25.0;8.333333333333334;8.164965809277259;6
200044000;Fluorantè;0.5;1.0;0.6;0.22360679774997896;5
200044000;Naftalè;50.0;50.0;50.0;0.0;6
200046000;Antracè;0.5;0.5;0.5;0.0;2
200046000;Benzo(b)fluorantè;0.5;0.5;0.5;0.0;2
200046000;Coure;1200.0;3300.0;1920.0;858.4870412533902;5
200046000;Diuron;5.0;11.0;8.0;4.242640687119285;2
200046000;Fluorantè;0.5;0.5;0.5;0.0;2
200046000;Naftalè;50.0;50.0;50.0;0.0;2
210001000;Antracè;0.5;0.5;0.5;;1
210001000;Benzo(b)fluorantè;0.5;0.5;0.5;;1
210001000;Coure;250.0;250.0;250.0;;1
210001000;Diuron;5.0;5.0;5.0;;1
210001000;Fluorantè;0.5;0.5;0.5;;1
210001000;Naftalè;50.0;50.0;50.0;;1
210002000;Antracè;0.5;0.5;0.5;0.0;2
210002000;Benzo(b)fluorantè;0.5;0.5;0.5;0.0;2
210002000;Coure;800.0;2300.0;1520.0;649.6152707564686;5
210002000;Diuron;5.0;5.0;5.0;0.0;2
210002000;Fluorantè;1.3;1.4;1.35;0.07071067811865459;2
210002000;Naftalè;50.0;50.0;50.0;0.0;2
210003000;Antracè;0.5;1.0;0.6428571428571429;0.24397501823713333;7
210003000;Benzo(b)fluorantè;0.5;1.0;0.6428571428571429;0.24397501823713333;7
210003000;Coure;900.0;2500.0;1385.7142857142858;561.0364558225292;7
210003000;Diuron;13.0;37.0;22.0;8.144527815247077;7
210003000;Fluorantè;0.5;1.1;0.7285714285714285;0.28702082220799313;7
210003000;Naftalè;50.0;50.0;50.0;0.0;7
210003020;Coure;250.0;800.0;464.2857142857143;219.3062655175134;7
210004000;Antracè;0.5;0.5;0.5;0.0;2
210004000;Benzo(b)fluorantè;0.5;0.5;0.5;0.0;2
210004000;Coure;1300.0;3100.0;2200.0;1272.7922061357856;2
210004000;Diuron;5.0;5.0;5.0;0.0;2
210004000;Fluorantè;0.5;1.0;0.75;0.3535533905932738;2
210004000;Naftalè;50.0;50.0;50.0;0.0;2
210006000;Antracè;0.5;0.5;0.5;0.0;2
210006000;Benzo(b)fluorantè;0.5;0.5;0.5;0.0;2
210006000;Coure;600.0;2000.0;1340.0;638.7487769068525;5
210006000;Diuron;5.0;5.0;5.0;0.0;2
210006000;Fluorantè;0.5;0.5;0.5;0.0;2
210006000;Naftalè;50.0;50.0;50.0;0.0;2
210006500;Antracè;0.5;0.5;0.5;;1
210006500;Benzo(b)fluorantè;0.5;0.5;0.5;;1
210006500;Coure;250.0;250.0;250.0;;1
210006500;Diuron;5.0;5.0;5.0;;1
210006500;Fluorantè;0.5;0.5;0.5;;1
210006500;Naftalè;50.0;50.0;50.0;;1
210007000;Antracè;0.5;1.0;0.6666666666666666;0.2581988897471611;6
210007000;Benzo(b)fluorantè;0.5;1.0;0.6666666666666666;0.2581988897471611;6
210007000;Coure;250.0;1500.0;516.6666666666666;501.66389810974704;6
210007000;Diuron;5.0;5.0;5.0;0.0;6
210007000;Fluorantè;0.5;3.0;1.0;1.0;6
210007000;Naftalè;50.0;50.0;50.0;0.0;5
210007020;Coure;250.0;1500.0;435.7142857142857;368.69237303484584;14
210008000;Antracè;0.5;0.5;0.5;0.0;2
210008000;Benzo(b)fluorantè;0.5;0.5;0.5;0.0;2
210008000;Coure;250.0;600.0;425.0;247.48737341529164;2
210008000;Diuron;5.0;5.0;5.0;0.0;2
210008000;Fluorantè;0.5;0.5;0.5;0.0;2
210008000;Naftalè;50.0;50.0;50.0;0.0;2
210011000;Antracè;0.5;1.0;0.6428571428571429;0.24397501823713327;7
210011000;Benzo(b)fluorantè;0.5;2.0;0.8571428571428571;0.5563486402641867;7
210011000;Coure;250.0;4200.0;1157.142857142857;1405.4739922379008;7
210011000;Diuron;5.0;5.0;5.0;0.0;7
210011000;Fluorantè;0.5;1.0;0.6428571428571429;0.24397501823713327;7
210011000;Naftalè;50.0;50.0;50.0;0.0;7
210013000;Antracè;0.5;5.0;1.3333333333333333;1.8073922282301278;6
210013000;Benzo(b)fluorantè;0.5;5.0;1.3333333333333333;1.8073922282301278;6
210013000;Coure;700.0;5700.0;2333.3333333333335;1833.7575266830308;6
210013000;Diuron;5.0;5.0;5.0;0.0;6
210013000;Fluorantè;0.5;5.0;1.3333333333333333;1.8073922282301278;6
210013000;Naftalè;50.0;50.0;50.0;0.0;6
220001000;Antracè;0.5;1.0;0.75;0.3535533905932738;2
220001000;Benzo(b)fluorantè;0.5;1.0;0.75;0.3535533905932738;2
220001000;Coure;250.0;250.0;250.0;0.0;2
220001000;Diuron;5.0;5.0;5.0;0.0;2
220001000;Fluorantè;0.5;1.0;0.75;0.3535533905932738;2
220001000;Naftalè;50.0;50.0;50.0;0.0;2
220001500;Antracè;0.5;1.0;0.631578947368421;0.2262069641794321;19
220001500;Benzo(b)fluorantè;0.5;1.0;0.631578947368421;0.2262069641794321;19
220001500;Coure;250.0;1700.0;610.0;460.72025991347164;20
220001500;Diuron;5.0;5.0;5.0;0.0;20
220001500;Fluorantè;0.5;1.0;0.631578947368421;0.22620696417943206;19
220001500;Naftalè;50.0;50.0;50.0;0.0;20
220002000;Antracè;0.5;0.5;0.5;0.0;2
220002000;Benzo(b)fluorantè;0.5;0.5;0.5;0.0;2
220002000;Coure;250.0;600.0;425.0;247.48737341529164;2
220002000;Diuron;5.0;5.0;5.0;0.0;2
220002000;Fluorantè;0.5;0.5;0.5;0.0;2
220002000;Naftalè;50.0;50.0;50.0;0.0;2
220003000;Antracè;0.5;0.5;0.5;0.0;2
220003000;Benzo(b)fluorantè;0.5;0.5;0.5;0.0;2
220003000;Coure;250.0;1700.0;610.0;627.8933030380241;5
220003000;Diuron;5.0;5.0;5.0;0.0;2
220003000;Fluorantè;0.5;0.5;0.5;0.0;2
220003000;Naftalè;50.0;50.0;50.0;0.0;2
220003020;Antracè;0.5;1.0;0.6052631578947368;0.20942695414584778;19
220003020;Benzo(b)fluorantè;0.5;1.0;0.6052631578947368;0.20942695414584778;19
220003020;Coure;250.0;3800.0;935.0;766.9316856971785;20
220003020;Diuron;5.0;5.0;5.0;0.0;20
220003020;Fluorantè;0.5;1.0;0.6052631578947368;0.20942695414584778;19
220003020;Naftalè;50.0;50.0;50.0;0.0;20
220004000;Antracè;0.5;1.0;0.5714285714285714;0.1889822365046136;7
220004000;Benzo(b)fluorantè;0.5;1.0;0.5714285714285714;0.1889822365046136;7
220004000;Coure;1800.0;10300.0;3485.714285714286;3092.694925912012;7
220004000;Diuron;5.0;5.0;5.0;0.0;7
220004000;Fluorantè;0.5;2.5;0.8571428571428571;0.7480132415430957;7
220004000;Naftalè;50.0;50.0;50.0;0.0;7
220007000;Antracè;0.5;3.1;1.8;1.8384776310850237;2
220007000;Benzo(b)fluorantè;0.5;0.5;0.5;0.0;2
220007000;Coure;250.0;1600.0;870.0;531.0367218940702;5
220007000;Diuron;5.0;5.0;5.0;0.0;2
220007000;Fluorantè;0.5;0.5;0.5;0.0;2
220007000;Naftalè;50.0;50.0;50.0;0.0;2
220008000;Antracè;0.5;0.5;0.5;;1
220008000;Benzo(b)fluorantè;0.5;0.5;0.5;;1
220008000;Coure;1200.0;1200.0;1200.0;;1
220008000;Diuron;5.0;5.0;5.0;;1
220008000;Fluorantè;0.5;0.5;0.5;;1
220008000;Naftalè;50.0;50.0;50.0;;1
220009000;Antracè;0.5;1.0;0.6785714285714286;0.24862257904942345;14
220009000;Benzo(b)fluorantè;0.5;1.0;0.6785714285714286;0.24862257904942345;14
220009000;Coure;700.0;2000.0;1073.3333333333333;404.38077294031865;15
220009000;Diuron;5.0;23.0;7.928571428571429;5.106018857331861;14
220009000;Fluorantè;0.5;1.7;0.7642857142857142;0.3629094883070663;14
220009000;Naftalè;50.0;50.0;50.0;0.0;15
220010000;Antracè;0.5;0.5;0.5;0.0;2
220010000;Benzo(b)fluorantè;0.5;0.5;0.5;0.0;2
220010000;Coure;700.0;3000.0;1850.0;1626.3455967290593;2
220010000;Diuron;5.0;5.0;5.0;0.0;2
220010000;Fluorantè;0.5;0.5;0.5;0.0;2
220010000;Naftalè;50.0;50.0;50.0;0.0;2
220011000;Antracè;0.5;1.0;0.6428571428571429;0.24397501823713333;7
220011000;Benzo(b)fluorantè;0.5;1.5;0.8571428571428571;0.3779644730092272;7
220011000;Coure;800.0;3000.0;1728.5714285714287;752.1398046336104;7
220011000;Diuron;10.0;39.0;19.571428571428573;9.89708951926681;7
220011000;Fluorantè;0.5;1.9;1.0142857142857142;0.47409060817728155;7
220011000;Naftalè;50.0;50.0;50.0;0.0;7
224001000;Antracè;0.5;0.5;0.5;;1
224001000;Benzo(b)fluorantè;1.0;1.0;1.0;;1
224001000;Coure;2600.0;2600.0;2600.0;;1
224001000;Diuron;5.0;5.0;5.0;;1
224001000;Fluorantè;1.1;1.1;1.1;;1
224001000;Naftalè;50.0;50.0;50.0;;1
224002000;Antracè;0.5;2.5;1.5;1.4142135623730951;2
224002000;Benzo(b)fluorantè;0.5;2.5;1.5;1.4142135623730951;2
224002000;Coure;900.0;1800.0;1350.0;636.3961030678928;2
224002000;Diuron;5.0;5.0;5.0;0.0;2
224002000;Fluorantè;0.5;2.5;1.5;1.4142135623730951;2
224002000;Naftalè;50.0;50.0;50.0;0.0;2
228001000;Antracè;0.5;0.5;0.5;0.0;2
228001000;Benzo(b)fluorantè;0.5;0.5;0.5;0.0;2
228001000;Coure;1300.0;1400.0;1350.0;70.71067811865476;2
228001000;Diuron;5.0;5.0;5.0;0.0;2
228001000;Fluorantè;0.5;0.5;0.5;0.0;2
228001000;Naftalè;50.0;50.0;50.0;0.0;2
230001000;Antracè;0.5;0.5;0.5;0.0;2
230001000;Benzo(b)fluorantè;0.5;0.5;0.5;0.0;2
230001000;Coure;1100.0;1300.0;1200.0;141.4213562373095;2
230001000;Diuron;5.0;5.0;5.0;0.0;2
230001000;Fluorantè;0.5;0.5;0.5;0.0;2
230001000;Naftalè;50.0;50.0;50.0;0.0;2
