,id,pixel_number
0,1,115077114
1,2,114828220
2,3,114989078
3,4,114740360
4,5,114989182
5,6,114886646
6,7,114828087
7,8,114842675
8,9,114813443
9,10,114828026
10,11,114916103
11,12,114667234
12,13,114886820
13,14,114506130
14,15,114725618
15,16,115047807
16,17,115721257
17,18,115838359
18,19,115896917
19,20,115062505
20,21,115340647
21,22,115355276
22,23,115311331
23,24,115325969
24,25,115808937
25,26,115311312
26,27,115296668
27,28,115267385
28,29,115765020
29,30,115662536
30,31,115223441
31,32,115194143
32,33,115413649
33,34,115150212
34,35,115355088
35,36,115179482
36,37,115164771
37,38,115179471
38,39,115208681
39,40,115823775
40,41,115164826
41,42,115194159
42,43,115135502
43,44,115150225
44,45,115135506
45,46,115120946
46,47,115062385
47,48,115091678
48,49,115311297
49,50,115091751
50,51,115296598
51,52,115150306
52,53,115311237
53,54,115677192
54,55,115179477
55,56,115223397
56,57,115428345
57,58,115896841
58,59,115721264
59,60,115604125
60,61,115296649
61,62,115852888
62,63,115501547
63,64,115194208
64,65,115384469
65,66,115413696
66,67,115896801
67,68,115413693
68,69,115399098
69,70,115794333
70,71,115516263
71,72,115472236
72,73,115984747
73,74,115984629
74,75,115999383
75,76,115969974
76,77,115852941
77,78,116013945
78,79,115984757
79,80,116072601
80,81,116043222
81,82,116614250
82,83,116745979
83,84,116614333
84,85,116306836
85,86,116292196
86,87,116306836
87,88,116321474
88,89,116584925
89,90,116028674
90,91,116394691
91,92,116335982
92,93,116116521
93,94,116277535
94,95,116101746
95,96,116409391
96,97,116658194
97,98,116028548
98,99,116687457
99,100,116043383
100,101,116218972
101,102,116043394
102,103,116643557
103,104,116731294
104,105,116379937
105,106,116482443
106,107,116043216
107,108,116043175
108,109,116614301
109,110,116101757
110,111,116702097
111,112,116585015
112,113,116087227
113,114,116746001
114,115,117287578
115,116,117229018
116,117,117038750
117,118,116936286
118,119,116921563
119,120,116921585
120,121,116892377
121,122,116892362
122,123,116892341
123,124,116848468
124,125,116863095
125,126,116819136
126,127,116848454
127,128,117492547
128,129,117390077
129,130,117302179
130,131,117302202
131,132,117199718
132,133,117331586
133,134,117580338
134,135,117360817
135,136,117038725
136,137,116877821
137,138,117082675
138,139,117390038
139,140,117536409
140,141,117433970
141,142,117316832
142,143,117390006
143,144,117726766
144,145,117682829
145,146,117756035
146,147,117785303
147,148,117829245
148,149,117785302
149,150,117594981
150,151,117331458
151,152,117082573
152,153,117609641
153,154,117712126
154,155,117580373
155,156,117536456
156,157,117390059
157,158,117009407
158,159,116877637
159,160,117463273
160,161,117346161
161,162,117272967
162,163,117229052
163,164,117170500
164,165,117126578
165,166,117346185
166,167,116965609
167,168,116614260
168,169,116541067
169,170,116599567
170,171,116877747
171,172,116892384
172,173,116863095
173,174,116936290
174,175,116994843
175,176,117038758
176,177,117053392
177,178,116541107
178,179,116131236
179,180,115999464
180,181,115999445
181,182,115677359
182,183,115633435
183,184,115706633
184,185,115589498
185,186,115735908
186,187,115721260
187,188,115750534
188,189,115735883
189,190,115574830
190,191,115984750
191,192,116145797
192,193,116262915
193,194,116219009
194,195,116394681
195,196,116467887
196,197,116585015
197,198,116380035
198,199,116511800
199,200,116336099
200,201,116145797
201,202,116028662
202,203,115955458
203,204,116014003
204,205,116043281
205,206,116013990
206,207,115691885
207,208,115589399
208,209,116262841
209,210,116453128
210,211,116043195
211,212,116101746
212,213,116365258
213,214,116409177
214,215,115896780
215,216,115589334
216,217,115545410
217,218,115150120
218,219,115106189
219,220,114886600
220,221,114696280
221,222,114813361
222,223,115150138
223,224,115091589
224,225,115047680
225,226,115355259
226,227,115340614
227,228,115311320
228,229,115369835
229,230,115486963
230,231,115384465
231,232,115223449
232,233,115003790
233,234,115545468
234,235,115179451
235,236,115077101
236,237,114403646
237,238,117785325
238,239,117609632
239,240,116819103
240,241,116584971
241,242,117097313
242,243,116160486
243,244,116189570
244,245,114828040
245,246,114637914
246,247,115384429
247,248,115179473
248,249,117009537
249,250,116980254
250,251,116907016
251,252,116965565
252,253,116438659
253,254,116379925
254,255,116218863
255,256,115472209
256,257,115194149
257,258,115179486
258,259,115091750
259,260,114959994
260,261,116687338
261,262,115838437
262,263,115179621
263,264,115984699
264,265,115999326
265,266,115838415
266,267,115970170
267,268,114828257
268,269,115223450
269,270,115794505
270,271,115501517
271,272,115706459
272,273,115955348
273,274,116731324
274,275,116540993
275,276,114828141
276,277,114901444
277,278,116160307
278,279,117756027
279,280,117624264
280,281,117668209
281,282,117404660
282,283,117243616
283,284,117111852
284,285,117536435
285,286,117390041
286,287,117433985
287,288,117097252
288,289,116936205
289,290,117126548
290,291,116658056
291,292,116658056
292,293,117360798
293,294,117316882
294,295,117214415
295,296,117097285
296,297,116921602
297,298,117346180
298,299,117038820
299,300,116848486
300,301,116643507
301,302,116453200
302,303,116892382
303,304,116804532
304,305,117009481
305,306,117170520
306,307,116716656
307,308,116570380
308,309,116599688
309,310,116306916
310,311,116014088
311,312,115662688
312,313,115794448
313,314,115618758
314,315,115677301
315,316,115574835
316,317,116394681
317,318,116350746
318,319,115721188
319,320,116028656
320,321,116072558
321,322,116101822
322,323,115750452
323,324,115838271
324,325,116292090
325,326,116013914
326,327,115633285
327,328,115252621
328,329,115237966
329,330,117961015
330,331,115311377
331,332,115355262
332,333,115223478
333,334,115399102
334,335,115238085
335,336,114857398
336,337,115164853
337,338,115252681
338,339,114857506
339,340,114579332
340,341,114491523
341,342,114930746
342,343,116833837
343,344,116877749
344,345,116453107
345,346,115838383
346,347,116101743
347,348,116863080
348,349,115897001
349,350,115911637
350,351,116687464
351,352,116687469
352,353,115164972
353,354,115091753
354,355,115194241
355,356,115076874
356,357,114988995
357,358,115677088
358,359,115559972
359,360,115896636
360,361,115911330
361,362,115457424
362,363,115530650
363,364,115779573
364,365,115428240
365,366,115120739
366,367,116687258
367,368,116277332
368,369,116145571
369,370,116116292
370,371,116628663
371,372,116672620
372,373,116028399
373,374,116043008
374,375,115940524
375,376,116379849
376,377,116189531
377,378,116599466
378,379,117536370
379,380,117389965
380,381,117199645
381,382,117155726
382,383,117009329
383,384,117609570
384,385,116994682
385,386,116980042
386,387,116862914
387,388,116980040
388,389,116980038
389,390,117550965
390,391,117507044
391,392,116877533
392,393,117536319
393,394,117565596
394,395,117580231
395,396,116833649
396,397,116775086
397,398,117492402
398,399,117477761
399,400,117463115
400,401,117404545
401,402,117345969
402,403,117302047
403,404,117565669
404,405,117404552
405,406,117038586
406,407,117507112
407,408,117038583
408,409,117463193
409,410,117302073
410,411,117199652
411,412,117507068
412,413,117082500
413,414,117155695
414,415,117433900
415,416,117433864
416,417,117550992
417,418,118326987
418,419,117887756
419,420,117799912
420,421,117712061
421,422,117799898
422,423,117829173
423,424,117858447
424,425,117931639
425,426,117931632
426,427,117887708
427,428,117858426
428,429,117829143
429,430,117712013
430,431,118356085
431,432,117682807
432,433,117565634
433,434,118326763
434,435,118400074
435,436,118429344
436,437,117887697
437,438,118341519
438,439,117887696
439,440,118077874
440,441,117843765
441,442,117960914
442,443,118282961
443,444,118268322
444,445,118033967
445,446,117975547
446,447,118502456
447,448,118253718
448,449,118429375
449,450,118034104
450,451,118034158
451,452,118224443
452,453,118268367
453,454,117990230
454,455,117697341
455,456,117770624
456,457,118019310
457,458,118034087
458,459,118253734
459,460,117946325
460,461,118122007
461,462,117741335
462,463,117799880
463,464,118253735
464,465,117990126
465,466,118078064
466,467,118136651
467,468,117785239
468,469,118531765
469,470,118531774
470,471,118956296
471,472,118927016
472,473,118897736
473,474,118546451
474,475,118517173
475,476,118458660
476,477,118487895
477,478,119014815
478,479,119146603
479,480,118751338
480,481,119014842
481,482,118985561
482,483,118678141
483,484,118985556
484,485,118678115
485,486,118927000
486,487,118970915
487,488,118795200
488,489,118648863
489,490,118912319
490,491,118912360
491,492,118736638
492,493,118941584
493,494,119058721
494,495,118941625
495,496,118736716
496,497,118590376
497,498,119834574
498,499,118941625
499,500,118985548
500,501,119029479
501,502,119000165
502,503,118897684
503,504,118941631
504,505,118853816
505,506,118809896
506,507,118722047
507,508,118531719
508,509,118077908
509,510,118473178
510,511,118282869
511,512,117975405
512,513,118048576
513,514,118780646
514,515,118238966
515,516,118590376
516,517,118502526
517,518,118063361
518,519,118400128
519,520,118326894
520,521,118268330
521,522,118400107
522,523,118341549
523,524,118224492
524,525,118136651
525,526,118034163
526,527,117917038
527,528,117785271
528,529,117829200
529,530,117799924
530,531,117712086
531,532,117360725
532,533,118063373
533,534,117785186
534,535,117755936
535,536,117653448
536,537,117375284
537,538,117389897
538,539,117375239
539,540,116965331
540,541,117551023
541,542,117477794
542,543,117653475
543,544,117302123
544,545,117170366
545,546,116936119
546,547,116892179
547,548,116745788
548,549,116643304
549,550,116570102
550,551,116511538
551,552,116482252
552,553,116233368
553,554,116130858
554,555,116101571
555,556,115369583
556,557,115281736
557,558,116921488
558,559,116584790
559,560,116511592
560,561,116453033
561,562,115647855
562,563,116306613
563,564,115955252
564,565,115925972
565,566,115867412
566,567,115516051
567,568,115179328
568,569,115120739
569,570,115032923
570,571,115076873
571,572,119366120
572,573,118868411
573,574,119088029
574,575,118151083
575,576,118663567
576,577,118487880
577,578,118107269
578,579,118414807
579,580,118136651
580,581,117082525
581,582,116833582
582,583,116731205
583,584,118048572
584,585,119190480
585,586,119234403
586,587,118180513
587,588,118048740
588,589,118063380
589,590,115076823
590,591,118780690
591,592,117638735
592,593,115413566
593,594,118502518
594,595,116189439
595,596,116350532
596,597,119073378
597,598,118663448
598,599,118634183
599,600,118517092
600,601,118546361
601,602,118473188
602,603,118473146
603,604,118370686
604,605,118063245
605,606,117887578
606,607,118063228
607,608,118429286
608,609,118385374
609,610,118443977
610,611,118443993
611,612,118443987
612,613,118107272
613,614,118224401
614,615,117960871
615,616,118063347
616,617,117990124
617,618,118341553
618,619,118268424
619,620,118092725
620,621,118195196
621,622,118078066
622,623,117902414
623,624,117975603
624,625,117624248
625,626,117799907
626,627,117785239
627,628,117931634
628,629,117902339
629,630,117873052
630,631,117609526
631,632,117463118
632,633,117433830
633,634,117345966
634,635,117580306
635,636,117682780
636,637,117653500
637,638,117580298
638,639,117433887
639,640,117346044
640,641,117258207
641,642,117170353
642,643,117126447
643,644,117053241
644,645,117009310
645,646,116950754
646,647,116789697
647,648,116599382
648,649,116306591
649,650,116467593
650,651,116277291
651,652,116116242
652,653,116057665
653,654,115633122
654,655,115984446
655,656,115589179
656,657,115135358
657,658,116980051
658,659,116687245
659,660,116731177
660,661,116775104
661,662,116628745
662,663,116584805
663,664,116496973
664,665,115926016
665,666,116072407
666,667,115999223
667,668,115911373
668,669,115779620
669,670,116584776
670,671,116467651
671,672,116116284
672,673,116189491
673,674,115472170
674,675,115852763
675,676,115838142
676,677,115720993
677,678,115735649
678,679,115603883
679,680,115413556
680,681,115120771
681,682,115091501
682,683,114959760
683,684,117785270
684,685,117887724
685,686,117917000
686,687,118224317
687,688,116658167
