id,name_ci,name_ind,lat,lon,utm_x,utm_y,edar_name,edar_code,ind_id,capt_id,delete,conca
1,pt0008,pt003,42.25428085,3.072160582,505952.3165,4678011.884,,,,,yes,muga
2,pt0010,pt005,42.24384026,2.974485877,497895.0672,4676850.421,,,524,,no,muga
3,pt0012,pt007,42.23795494,2.969209668,497459.5402,4676197.098,,,,,yes,muga
4,pt0014,pt009,42.29222221,3.008806568,500725.9926,4682222.189,,,,,yes,muga
5,pt0016,pt011,42.3157291,2.918082731,493249.446,4684835.481,,,521,,no,muga
6,pt0018,pt013,42.3346321,2.859904985,488458.6491,4686940.633,,,,,yes,muga
7,pt0020,pt008,42.26822136,2.159428511,430678.7355,4679899.262,,,490,,no,ter
8,pt0022,pt015,42.34048065,2.833456276,486281.0142,4687593.956,,,522,,no,muga
9,pt0024,pt002,42.26862575,2.595114444,466609.7119,4679681.488,,,548,,no,fluvia
10,pt0026,pt010,42.2995834,2.358910779,447156.1732,4683238.469,EDAR CAMPRODON,ES9170390003010E,501,,no,ter
11,pt0028,pt012,42.31269234,2.364943343,447664.288,4684690.298,,,504,,no,ter
12,pt0030,pt014,42.31128777,2.148286389,429807.6815,4684690.298,,,492,,no,ter
13,pt0032,pt016,42.318482,2.34814843,446285.1192,4685343.621,,,502,,no,ter
14,pt0034,pt017,42.31685782,2.781547776,481998.3322,4684980.664,,,,,yes,muga
15,pt0036,pt018,42.313615,2.110380325,426686.4048,4684980.664,,,493,,no,ter
16,pt0038,pt019,42.28433857,3.094205081,507767.0122,4681351.091,,,512,,no,muga
17,pt0040,pt021,42.36208477,3.144566226,511904.5186,4689989.474,,,511,,no,muga
18,pt0042,pt023,42.30068913,3.086303725,507113.7218,4683165.878,,,513,,no,muga
19,pt0044,pt025,42.40460401,2.876509078,489837.8179,4694707.919,"EDAR JONQUERA, LA",ES9170860002010E,517,,no,muga
20,pt0046,pt020,42.34561903,2.409556207,451366.2674,4688319.871,,,503,,no,ter
21,pt0048,pt027,42.25226007,2.862727306,488676.4126,4677794.11,,,525,,no,muga
22,pt0050,pt029,42.43016365,3.028239671,502322.9249,4697538.985,,,,,yes,muga
23,pt0052,pt004,42.26271093,2.418148165,452011.0483,4679109.266,,,,,yes,fluvia
24,pt0054,pt006,42.24595277,2.65949016,471908.6236,4677140.787,,,,,yes,fluvia
25,pt0056,pt022,42.31234988,1.983283765,416210.5951,4684957.501,,,,,yes,ter
26,pt0058,pt008,42.32643392,2.580203517,465411.6787,4686106.165,,,,,yes,fluvia
27,pt0060,pt031,42.36274184,2.858079549,488313.4735,4690062.066,,,,,yes,muga
28,pt0062,pt033,42.35297025,3.110172085,509073.5932,4688973.194,,,,,yes,muga
29,pt0064,pt024,42.03521521,3.125406905,510380.1742,4653693.748,,,,,yes,ter
30,pt0066,pt026,42.05685382,2.964911005,497096.601,4656089.266,,,,,yes,ter
31,pt0068,pt028,42.06204974,2.904372314,492088.0407,4656669.997,,,577,,no,ter
32,pt0070,pt030,42.02731461,2.831645593,486063.2507,4652822.65,EDAR GIRONA,ES9170790005010E,412,,no,ter
33,pt0072,pt032,42.01226398,2.822918828,485337.3724,4651153.047,,,413,,no,ter
34,pt0074,pt035,42.24575744,3.103826248,508565.4784,4677068.196,EDAR EMPURIABRAVA,ES9170470001011E,,,no,muga
35,pt0076,pt010,42.16865363,3.031638272,502613.2762,4668502.404,,,574,,no,fluvia
36,pt0078,pt012,42.1680021,2.978031548,498185.4185,4668429.813,,,573,,no,fluvia
37,pt0080,pt014,42.17709404,2.879589448,490055.5814,4669446.093,,,570,,no,fluvia
38,pt0082,pt016,42.16989084,2.869057277,489184.5274,4668647.587,,,568,,no,fluvia
39,pt0084,pt034,42.0366939,2.240537214,437139.0525,4654129.296,,,474,,no,ter
40,pt0086,pt018,42.17763445,2.79872719,483377.5009,4669518.684,,,564,,no,fluvia
41,pt0088,pt020,42.18283586,2.782888726,482070.92,4670099.416,,,565,,no,fluvia
42,pt0090,pt036,42.04259499,2.243098106,437356.816,4654782.619,,,,,yes,ter
43,pt0092,pt022,42.190007,2.772315017,481199.866,4670897.922,,,557,,no,fluvia
44,pt0094,pt038,42.04850753,2.247413602,437719.7551,4655435.943,EDAR VALL DEL GES-TORELLÓ,ES9082850002010E,,,no,ter
45,pt0096,pt040,42.07588935,2.235682489,436776.1133,4658484.784,,,480,,no,ter
46,pt0098,pt024,42.20219355,2.674672737,473142.6167,4672277.16,,,554,,no,fluvia
47,pt0100,pt026,42.21110385,2.598120183,466827.4754,4673293.44,,,543,,no,fluvia
48,pt0102,pt042,42.13848143,2.210335665,434743.654,4665453.563,,,,,yes,ter
49,pt0104,pt044,42.15019384,2.202283251,434090.3636,4666760.209,,,485,,no,ter
50,pt0106,pt028,42.22204162,2.550555667,462907.7325,4674527.495,EDAR CASTELLFOLLIT DE LA ROCA,ES9170460001010E,,,no,fluvia
51,pt0108,pt046,42.16653086,2.201199262,434017.7757,4668574.996,EDAR RIPOLL,ES9171470007010E,,,no,ter
52,pt0110,pt048,42.17236521,2.194095088,433437.0731,4669228.319,,,,,yes,ter
53,pt0112,pt030,42.21599214,2.51014361,459568.6923,4673874.172,,,615,,no,fluvia
54,pt0114,pt050,42.21694652,2.211997193,434961.4175,4674164.537,,,496,,no,ter
55,pt0116,pt032,42.214472,2.462665928,455648.9494,4673728.989,,,576,,no,fluvia
56,pt0118,pt052,42.20556103,2.173449282,431767.553,4672930.483,,,487,,no,ter
57,pt0120,pt054,42.03461442,3.059634219,504936.0868,4653621.156,,,389,,no,ter
58,pt0122,pt034,42.18947124,2.84264416,487006.8925,4670825.331,,,,,yes,fluvia
59,pt0124,pt036,42.22025923,2.442388048,453979.4293,4674382.312,,,538,,no,fluvia
60,pt0126,pt038,42.21457964,2.662297052,472126.3871,4673656.397,,,552,,no,fluvia
61,pt0128,pt056,42.22642645,2.261136653,439026.3361,4675180.818,,,498,,no,ter
62,pt0130,pt040,42.22094384,2.607732566,467625.9416,4674382.312,,,544,,no,fluvia
63,pt0132,pt058,42.2284996,2.278704976,440478.0927,4675398.592,EDAR SANT JOAN DE LES ABADESSES,ES9171670007010E,,,no,ter
64,pt0134,pt042,42.23336839,2.608535335,467698.5294,4675761.549,,,545,,no,fluvia
65,pt0136,pt060,42.24995612,2.164950603,431114.2625,4677866.702,,,,,yes,ter
66,pt0138,pt044,42.2477361,2.604047029,467335.5902,4677358.561,,,546,,no,fluvia
67,pt0140,pt046,42.24072523,2.660398069,471981.2114,4676560.055,,,551,,no,fluvia
68,pt0142,pt062,42.24801675,2.082266235,424291.0063,4677721.519,,,,,yes,ter
69,pt0144,pt048,42.21839033,2.807392729,484103.3793,4674042.27,,,,,yes,fluvia
70,pt0146,pt050,42.17620647,2.73896609,478441.5284,4669373.502,,,558,,no,fluvia
71,pt0148,pt052,42.16964834,2.730204902,477715.6501,4668647.587,,,,,yes,fluvia
72,pt0150,pt064,42.04992871,2.264939953,439171.5117,4655581.125,,,,,yes,ter
73,pt0152,pt054,42.20025638,2.499714328,458697.6383,4672131.977,,,,,yes,fluvia
74,pt0154,pt037,42.23599121,2.961292998,496806.2497,4675979.324,,,593,,no,muga
75,pt0156,pt056,42.17995505,2.491963791,458044.3479,4669881.642,,,535,,no,fluvia
76,pt0158,pt039,42.22421587,2.94370874,495354.4931,4674672.678,,,527,,no,muga
77,pt0160,pt058,42.17536311,2.488484978,457753.9965,4669373.502,,,534,,no,fluvia
78,pt0162,pt066,42.08093367,2.836769474,486498.7777,4658775.149,,,,,yes,ter
79,pt0164,pt068,42.07107878,2.301548792,442220.2006,4657904.052,,,477,,no,ter
80,pt0166,pt060,42.21195785,2.484672209,457463.6452,4673438.623,,,541,,no,fluvia
81,pt0168,pt062,42.20283274,2.490901277,457971.76,4672422.343,EDAR OLOT,ES9171140003010E,540,,no,fluvia
82,pt0170,pt064,42.14707256,2.450058788,454560.132,4666252.069,,,,,yes,fluvia
83,pt0172,pt070,42.05287437,2.880701557,490128.1692,4655653.717,,,,,yes,ter
84,pt0174,pt066,42.14244523,2.439557605,453689.078,4665743.929,,,530,,no,fluvia
85,pt0176,pt072,42.010682,2.505585687,459060.5775,4651080.455,,,453,,no,ter
86,pt0178,pt074,42.06926848,2.945600702,495499.6688,4657468.503,,,398,,no,ter
87,pt0180,pt076,42.09599568,2.855164621,488023.1221,4660444.753,,,404,,no,ter
88,pt0182,pt068,42.18135584,2.705543774,475683.1908,4669954.233,,,556,,no,fluvia
89,pt0184,pt078,42.01784709,2.367008651,447591.7002,4651951.553,EDAR SANTA MARIA DE CORCÓ-L'ESQUIROL,ES9082540003000E,454,,no,ter
90,pt0186,pt070,42.12483202,2.447616599,454342.3685,4663783.96,,,594,,no,fluvia
91,pt0188,pt041,42.21107718,2.867213464,489039.3518,4673220.849,,,528,,no,muga
92,pt0190,pt072,42.15561685,2.623072788,468859.9347,4667123.166,,,562,,no,fluvia
93,pt0192,pt074,42.14683538,2.402622048,450640.3891,4666252.069,,,533,,no,fluvia
94,pt0194,pt080,42.02702389,2.371301839,447954.6393,4652967.833,,,,,yes,ter
95,pt0196,pt082,42.08222446,2.825357256,485555.1359,4658920.332,,,,,yes,ter
96,pt0198,pt084,42.01180005,2.338139685,445196.3017,4651298.23,,,578,,no,ter
97,pt0200,pt076,42.1447813,2.385072014,449188.6324,4666034.295,,,532,,no,fluvia
98,pt0202,pt086,42.07651705,2.336590111,445123.7139,4658484.784,,,,,yes,ter
99,pt0204,pt088,42.01642172,2.473103337,456374.8277,4651733.778,,,,,yes,ter
100,pt0206,pt090,42.02284159,2.932488419,494410.8513,4652314.51,,,,,yes,ter
101,pt0208,pt078,42.14295642,2.556386092,463343.2595,4665743.929,,,617,,no,fluvia
102,pt0210,pt092,42.19341294,2.314141421,443371.0202,4671478.654,,,,,yes,ter
103,pt0212,pt094,42.04284614,2.395703596,449987.0986,4654710.028,,,455,,no,ter
104,pt0214,pt096,42.12069174,2.765538224,480619.1634,4663203.228,,,410,,no,ter
105,pt0216,pt098,42.13590017,2.317525471,443599.3694,4665090.606,,,478,,no,ter
106,pt0218,pt100,42.03333839,2.45895465,455215.237,4653619.341,,,,,yes,ter
107,pt0220,pt102,42.00496661,2.190075503,432928.9583,4650644.907,,,,,yes,ter
108,pt0222,pt104,42.09085026,2.371220439,448000.0014,4660054.568,,,,,yes,ter
109,pt0224,pt106,42.07382337,2.602497354,467117.8268,4658049.235,,,,,yes,ter
110,pt0226,pt080,42.11854166,2.68034679,473576.2575,4662987.34,,,,,yes,fluvia
111,pt0228,pt108,42.1180253,2.183368789,432493.4313,4663203.228,,,,,yes,ter
112,pt0230,pt110,42.10269848,2.236238457,436848.7011,4661461.033,,,,,yes,ter
113,pt0232,pt112,42.10816131,2.841409479,486888.1741,4661797.532,,,,,yes,ter
114,pt0234,pt082,42.17589518,2.676770934,473304.7706,4669356.522,,,,,yes,fluvia
115,pt0236,pt114,41.98407617,2.780060261,481780.5687,4648031.614,,,437,,no,ter
116,pt0238,pt116,41.98535623,2.289342505,441131.3832,4648394.572,,,595,,no,ter
117,pt0240,pt118,41.98792765,2.282303464,440550.6805,4648684.937,,,,6,no,ter
118,pt0242,pt120,41.98403762,2.760782709,480183.6364,4648031.614,EDAR SANT GREGORI,ES9171630006010E,,,no,ter
119,pt0244,pt122,41.99081434,2.223555981,435687.2958,4649047.895,,,472,,no,ter
120,pt0246,pt124,42.02148049,2.591425514,466174.1849,4652241.919,,,446,,no,ter
121,pt0248,pt126,42.00370225,2.196227177,433437.0731,4650499.724,,,,,yes,ter
122,pt0250,pt128,42.01672769,2.760660239,480183.6364,4651661.187,,,,,yes,ter
123,pt0252,pt130,42.00569012,2.417092581,451729.2065,4650572.315,,,579,,no,ter
124,pt0254,pt132,41.99003465,2.822980451,485337.3724,4648684.937,,,414,,no,ter
125,pt0256,pt134,41.9749998,2.82477436,485482.548,4647015.334,,,,,yes,ter
126,pt0258,pt136,41.97174758,2.836172447,486426.1899,4646652.377,,,,,yes,ter
127,pt0260,pt138,41.9665281,2.844069989,487079.4803,4646071.645,EDAR QUART,ES9117142000601E,,,no,ter
128,pt0262,pt140,41.96080844,2.630354631,469368.0495,4645490.913,,,,,yes,ter
129,pt0264,pt142,41.98405414,2.290233238,441203.971,4648249.389,,,,,yes,ter
130,pt0266,pt144,41.96452884,2.422723853,452164.7335,4645999.054,,,456,,no,ter
131,pt0268,pt002,41.80608175,2.709889932,475900.9543,4628286.739,,,373,,no,besos
132,pt0270,pt004,41.76450159,2.583454071,465375.7188,4623713.477,,,,,yes,besos
133,pt0272,pt006,41.77037322,2.579922717,465085.3675,4624366.801,,,349,,no,besos
134,pt0274,pt146,41.90633599,2.81621029,484756.6697,4639393.231,,,,,yes,ter
135,pt0276,pt148,41.96466608,3.0385451,503193.9789,4645853.871,,,,,yes,ter
136,pt0278,pt150,41.81166713,3.051561828,504282.7963,4628867.471,,,381,,no,ter
137,pt0280,pt152,41.89849021,2.816232788,484756.6697,4638522.134,,,422,,no,ter
138,pt0282,pt154,41.89784057,2.818859888,484974.4332,4638449.542,,,424,,no,ter
139,pt0284,pt156,41.89195484,2.818001519,484901.8454,4637796.219,,,432,,no,ter
140,pt0286,pt158,41.95159289,3.028027447,502322.9249,4644402.042,,,,,yes,ter
141,pt0288,pt160,41.81232455,3.042823206,503556.918,4628940.062,,,,,yes,ter
142,pt0290,pt162,41.88866421,2.804886548,483813.0279,4637433.262,,,425,,no,ter
143,pt0292,pt008,41.83805441,2.685266198,473868.4951,4631843.72,,,,,yes,besos
144,pt0294,pt010,41.85955537,2.658924109,471690.8601,4634239.238,,,,,yes,besos
145,pt0296,pt164,41.88210616,2.793533262,482869.3861,4636707.348,,,,,yes,ter
146,pt0298,pt012,41.8146106,2.522827488,460367.1585,4629303.019,EDAR ARBÚCIES,ES9170090001010E,346,,no,besos
147,pt0300,pt166,41.97497465,2.809004009,484175.9671,4647015.334,,,434,,no,ter
148,pt0302,pt168,41.86588462,2.881049813,490128.1692,4634892.561,,,430,,no,ter
149,pt0304,pt170,41.88646146,2.262442256,438808.5726,4637433.262,EDAR TARADELL,ES9082780005010E,,,no,ter
150,pt0306,pt172,41.94756159,2.839737421,486716.5412,4643966.493,,,415,,no,ter
151,pt0308,pt174,41.90224792,2.732208646,477788.2379,4638957.683,,,420,,no,ter
152,pt0310,pt176,41.95451424,2.271292453,439607.0387,4644982.773,EDAR VIC,ES9082980001010E,614,,no,ter
153,pt0312,pt178,41.863256,3.131192579,510888.289,4634602.195,,,383,,no,ter
154,pt0314,pt014,41.7925554,2.806925576,483958.2036,4626762.319,,,367,,no,besos
155,pt0316,pt180,41.87206735,2.260858321,438663.3969,4635836.25,,,,,yes,ter
156,pt0318,pt182,41.96641884,2.293057057,441421.7345,4646289.419,,,462,,no,ter
157,pt0320,pt184,41.82800618,2.935315894,494628.6148,4630682.257,,,,,yes,ter
158,pt0322,pt016,41.78914756,2.73704786,478151.1771,4626399.361,EDAR MAÇANET DE LA SELVA,ES9171030006010E,371,,no,besos
159,pt0324,pt186,41.96369429,3.093955579,507785.5994,4645749.525,,,391,,no,ter
160,pt0326,pt188,41.92219956,2.713556268,476248.5261,4641177.857,,,418,,no,ter
161,pt0328,pt190,41.9626245,3.14103184,511686.7551,4645636.096,,,392,,no,ter
162,pt0330,pt018,41.79847186,2.827003521,485627.7237,4627415.642,,,366,,no,besos
163,pt0332,pt192,41.93362252,2.185791299,432498.8925,4642726.977,,,,,yes,ter
164,pt0334,pt020,41.77411908,2.393865767,449624.1594,4624874.941,,,335,,no,besos
165,pt0336,pt194,41.87355932,2.405173552,450640.3891,4635908.842,,,457,,no,ter
166,pt0338,pt022,41.84660289,2.512097299,459496.1045,4632860.001,,,348,,no,besos
167,pt0340,pt196,41.96994153,2.230817981,436267.9985,4646724.968,,,463,,no,ter
168,pt0342,pt198,41.78354112,2.927498889,493975.3243,4625746.038,,,377,,no,ter
169,pt0344,pt200,41.94559965,2.309925895,442800.9033,4643966.493,EDAR FOLGUEROLES,ES9080830001010E,,,no,ter
170,pt0346,pt024,41.78399441,2.406875635,450712.9769,4625963.813,,,,,yes,besos
171,pt0348,pt026,41.76433329,2.751121399,479312.5824,4623640.886,EDAR PANTANS DE MONTBARBAT,ES9117103001000E,,,no,besos
172,pt0350,pt028,41.79977004,2.423331228,452092.1457,4627706.007,,,,,yes,besos
173,pt0352,pt202,41.80601397,2.899511029,491652.5137,4628243.423,,,376,,no,ter
174,pt0354,pt030,41.82248998,2.442882385,453732.7537,4630217.795,,,,,yes,besos
175,pt0356,pt204,41.83360034,2.390682295,449406.3959,4631480.763,,,,,yes,ter
176,pt0358,pt032,41.80537305,2.688921471,474158.8464,4628214.148,,,,,yes,besos
177,pt0360,pt206,41.84548247,2.296138732,441566.9102,4632860.001,,,,20,no,ter
178,pt0362,pt208,41.89947703,2.492442854,457899.1722,4638739.908,,,,,yes,ter
179,pt0364,pt210,41.90557706,3.162602372,513486.2333,4639305.422,,,,,yes,ter
180,pt0366,pt212,41.93758462,2.791603168,482724.2105,4642867.352,,,435,,no,ter
181,pt0368,pt214,41.94936674,2.86099818,488479.0772,4644163.838,,,,,yes,ter
182,pt0370,pt216,41.97316147,2.950624934,495909.1566,4646797.56,,,,,yes,ter
183,pt0372,pt034,41.77458983,2.66985544,472561.9141,4624802.349,,,362,,no,besos
184,pt0374,pt036,41.54636926,2.247173579,437211.6403,4599685.706,,,,,yes,besos
185,pt0376,pt038,41.5509856,2.253212659,437719.7551,4600193.847,,,,,yes,besos
186,pt0378,pt040,41.61500665,2.244633487,437066.4646,4607307.809,,,305,,no,besos
187,pt0380,pt042,41.63069769,2.244450333,437066.4646,4609050.004,EDAR SANTA EULÀLIA DE RONÇANA,ES9081070012010E,,,no,besos
188,pt0382,pt044,41.62181722,2.287249148,440623.2684,4608033.724,,,,,yes,besos
189,pt0384,pt046,41.68042905,2.488935094,457463.6452,4614421.771,,,,,yes,besos
190,pt0386,pt048,41.65781378,2.29295509,441131.3832,4612026.254,,,,,yes,besos
191,pt0388,pt050,41.68422036,2.460123319,455068.2468,4614857.32,EDAR SANTA MARIA DE PALAUTORDERA,ES9082590005010E,,,no,besos
192,pt0390,pt052,41.71654253,2.524426202,460439.7463,4618414.301,,,342,,no,besos
193,pt0392,pt054,41.71849694,2.176230063,431477.2016,4618849.85,EDAR SANT QUIRZE SAFAJA,ES9082390001010E,309,,no,besos
194,pt0394,pt056,41.71979873,2.272205036,439461.8631,4618922.442,,,311,,no,besos
195,pt0396,pt058,41.72653844,2.572353647,464432.077,4619503.173,EDAR RIELLS I VIABREA,ES9171460006010E,354,,no,besos
196,pt0398,pt060,41.72760247,2.511253211,459350.9288,4619648.356,,,341,,no,besos
197,pt0400,pt062,41.72456536,2.420513318,451801.7944,4619357.99,,,337,,no,besos
198,pt0402,pt064,41.73758365,2.409048659,450858.1526,4620809.819,,,,,yes,besos
199,pt0404,pt066,41.74108827,2.619396201,468351.8199,4621100.185,,,350,,no,besos
200,pt0406,pt068,41.73829741,2.569656921,464214.3135,4620809.819,EDAR BREDA,ES9170270002010E,,,no,besos
201,pt0408,pt070,41.74605147,2.402859942,450350.0377,4621753.508,,,336,,no,besos
202,pt0410,pt072,41.73956534,2.559173358,463343.2595,4620955.002,,,612,,no,besos
203,pt0412,pt074,41.74845656,2.160132477,430170.6207,4622189.057,,,,,yes,besos
204,pt0414,pt076,41.75256213,2.397561012,449914.5108,4622479.423,,,,,yes,besos
205,pt0416,pt078,41.75673284,2.605333255,467190.4146,4622842.38,,,,,yes,besos
206,pt0418,pt080,41.76688982,2.524927856,460512.3341,4624003.843,,,,25,no,besos
207,pt0420,pt082,41.74386063,2.491051346,457681.4087,4621463.142,,,,,yes,besos
208,pt0422,pt084,41.54714126,2.26544146,438735.9847,4599758.298,,,,,yes,besos
209,pt0424,pt086,41.55574519,2.281882436,440115.1535,4600701.987,,,314,,no,besos
210,pt0426,pt088,41.58867362,2.320707431,443381.6059,4604331.559,,,607,,no,besos
211,pt0428,pt090,41.60858369,2.080932475,423419.9524,4606727.077,,,604,,no,besos
212,pt0430,pt092,41.62426683,2.37087309,447591.7002,4608251.498,,,,,yes,besos
213,pt0432,pt094,41.60997605,2.178483358,431549.7895,4606799.669,EDAR CALDES DE MONTBUI,ES9080330001010E,,,no,besos
214,pt0434,pt096,41.61898099,2.072943284,422766.6619,4607888.541,,,,,yes,besos
215,pt0436,pt098,41.63926395,2.159808689,430025.445,4610066.284,,,300,,no,besos
216,pt0438,pt100,41.60309214,2.608884134,467408.1781,4605783.389,,,327,,no,besos
217,pt0440,pt102,41.5384686,2.061911202,421750.4322,4598959.792,,,123,,no,besos
218,pt0442,pt104,41.5930646,2.405143025,450422.6256,4604767.108,,,324,,no,besos
219,pt0444,pt106,41.68498869,2.355454792,446357.707,4615002.503,EDAR CÀNOVES I SAMALÚS,ES9080420001010E,,,no,besos
220,pt0446,pt108,41.73057886,2.924940053,493757.5608,4619866.13,,,375,,no,besos
221,pt0448,pt110,41.67385177,2.480266775,456737.7669,4613695.857,,,332,,no,besos
222,pt0450,pt112,41.58626942,2.155271042,429589.918,4604186.377,,,297,,no,besos
223,pt0452,pt114,41.5508618,2.058250562,421460.0809,4600339.03,,,124,,no,besos
224,pt0454,pt116,41.59836641,2.419030612,451584.0309,4605347.84,,,,,yes,besos
225,pt0456,pt118,41.57161619,2.209442417,434090.3636,4602516.773,,,303,,no,besos
226,pt0458,pt120,41.53525492,2.153324677,429372.1545,4598524.243,,,,,yes,besos
227,pt0460,pt122,41.60703488,2.134093162,427847.8101,4606509.303,,,298,,no,besos
228,pt0462,pt124,41.70848117,2.34736768,445704.4165,4617615.795,,,,,yes,besos
229,pt0464,pt126,41.68356835,2.055445744,421387.4931,4615075.095,,,,,yes,besos
230,pt0466,pt128,41.62330003,2.123419427,426976.7561,4608324.089,,,,,yes,besos
231,pt0468,pt130,41.59255156,2.039355292,419935.7365,4604984.883,EDAR MATADEPERA,ES9081200001100E,122,,no,besos
232,pt0470,pt132,41.5900546,2.20376584,433635.9789,4604568.192,,,,,yes,besos
233,pt0472,pt134,41.62982446,2.121588175,426831.5804,4609050.004,,,,,yes,besos
234,pt0474,pt136,41.69321606,2.578680522,464940.1918,4615801.009,,,,,yes,besos
235,pt0476,pt138,41.65715003,2.326090996,443889.7208,4611930.461,,,,,yes,besos
236,pt0478,pt140,41.48780319,2.192202051,432566.0191,4593225.067,,,294,,no,besos
237,pt0480,pt142,41.48776028,2.186115884,432057.9043,4593225.067,,,,,yes,besos
238,pt0482,pt144,41.50231748,2.120704448,426613.8169,4594894.671,,,127,,no,besos
239,pt0484,pt146,41.51203051,2.108395094,425597.5873,4595983.542,,,,,yes,besos
240,pt0486,pt148,41.48159907,2.147937376,428864.0397,4592571.744,,,286,,no,besos
241,pt0488,pt150,41.47469026,2.099344152,424799.1212,4591845.83,,,283,,no,besos
242,pt0490,pt152,41.77121368,2.467254667,455721.5373,4624511.983,,,,,yes,besos
243,pt0492,pt154,41.78094676,2.451451395,454414.9563,4625600.855,,,,,yes,besos
244,pt0494,pt156,41.46162053,2.18818118,432203.0799,4590321.409,,,287,,no,besos
245,pt0496,pt158,41.47260038,2.086519643,423725.8686,4591625.039,,,284,,no,besos
246,pt0498,pt160,41.52562371,2.090807836,424145.8307,4597507.963,,,125,,no,besos
247,pt0500,pt162,41.56823531,2.105010899,425379.8238,4602226.407,,,,,yes,besos
248,pt0502,pt164,41.60135735,2.076679779,423057.0132,4605928.571,EDAR CASTELLAR DEL VALLÈS,ES9080510004010E,291,,no,besos
249,pt0504,pt166,41.64434296,2.056018884,421387.4931,4610719.607,,,,,yes,besos
250,pt0506,pt168,41.67377634,2.057332975,421532.6688,4613986.223,EDAR SANT LLORENÇ SAVALL,ES9082230001010E,,,no,besos
251,pt0508,pt170,41.52101708,2.173519676,431041.6746,4596927.231,,,296,,no,besos
252,pt0510,pt172,41.4923859,2.193014708,432638.6069,4593733.207,,,605,,no,besos
253,pt0512,pt174,41.53181179,2.221238805,435034.0054,4598088.695,,,301,,no,besos
254,pt0514,pt176,41.54301405,2.234158449,436122.8228,4599322.749,EDAR MONTORNÈS DEL VALLÈS,ES9081360001010E,302,,no,besos
255,pt0516,pt178,41.52249715,2.197860659,433074.1339,4597072.414,,,,,yes,besos
256,pt0518,pt180,41.57464666,2.17544843,431259.4381,4602879.73,,,,,yes,besos
257,pt0520,pt182,41.64315468,2.155400075,429662.5058,4610501.833,,,,,yes,besos
258,pt0522,pt184,41.58624535,2.245839677,437139.0525,4604113.785,,,304,,no,besos
259,pt0524,pt186,41.65220354,2.233738211,436195.4107,4611445.522,,,,,yes,besos
260,pt0526,pt188,41.69248801,2.196624464,433146.7217,4615946.192,EDAR SANT FELIU DE CODINES,ES9082100001010E,,,no,besos
261,pt0528,pt190,41.70355936,2.190379645,432638.6069,4617180.247,,,,,yes,besos
262,pt0530,pt192,41.73076649,2.155126169,429735.0937,4620229.088,,,308,,no,besos
263,pt0532,pt194,41.56570719,2.307018829,442220.2006,4601790.859,EDAR VILANOVA DEL VALLÈS,ES9081810001010E,315,,no,besos
264,pt0534,pt196,41.59858236,2.338023895,444833.3626,4605420.431,,,608,,no,besos
265,pt0536,pt198,41.61636342,2.360494806,446720.6462,4607380.401,"EDAR ROCA DEL VALLÈS, LA",ES9080460001010E,317,,no,besos
266,pt0538,pt200,41.6555773,2.357491686,446502.8827,4611735.888,,,,,yes,besos
267,pt0540,pt202,41.63219734,2.386482472,448898.2811,4609122.595,,,609,,no,besos
268,pt0542,pt204,41.64675323,2.419467788,451656.6187,4610719.607,,,323,,no,besos
269,pt0544,pt206,41.66044786,2.412369982,451075.9161,4612244.028,EDAR SANT ANTONI DE VILAMAJOR,ES9081980007010E,322,,no,besos
270,pt0546,pt208,41.56816495,2.394924161,449551.5716,4602008.633,,,,,yes,besos
271,pt0548,pt210,41.6031098,2.45296023,454414.9563,4605855.98,,,326,,no,besos
272,pt0550,pt212,41.6142044,2.607945779,467335.5902,4607017.443,,,,,yes,besos
273,pt0552,pt214,41.70799446,2.705096337,475465.4273,4617398.021,,,359,,no,besos
274,pt0554,pt216,41.77190706,2.647161724,470674.6305,4624511.983,,,,,yes,besos
275,pt0556,pt218,41.80486476,2.748343168,479094.8189,4628141.556,EDAR SILS-VIDRERES,ES9171930002010E,364,,no,besos
276,pt0558,pt220,41.82585837,2.783224898,481998.3322,4630464.483,EDAR CALDES DE MALAVELLA,ES9170330001010E,365,,no,besos
277,pt0560,pt222,41.81007348,2.532473852,461165.6246,4628794.879,,,347,,no,besos
278,pt0562,pt224,41.81971374,2.493073206,457899.1722,4629883.751,,,,26,no,besos
279,pt0564,pt226,41.73060964,2.614221236,467916.2929,4619938.722,,,351,,no,besos
280,pt0566,pt228,41.72730188,2.602895153,466972.6511,4619575.765,,,611,,no,besos
281,pt0568,pt230,41.73565909,2.563564429,463706.1987,4620519.454,,,355,,no,besos
282,pt0570,pt232,41.71596309,2.542755178,461964.0907,4618341.71,,,344,,no,besos
283,pt0572,pt234,41.69753433,2.513225643,459496.1045,4616309.149,,,610,,no,besos
284,pt0574,pt236,41.68437894,2.495009081,457971.76,4614857.32,,,339,,no,besos
285,pt0576,pt238,41.67968429,2.468882369,455794.1251,4614349.18,,,333,,no,besos
286,pt0578,pt240,41.76231368,2.386991042,449043.4568,4623568.295,,,,,yes,besos
287,pt0580,pt242,41.6627408,2.481228018,456810.3547,4612461.802,,,,,yes,besos
288,pt0582,pt244,41.74167244,2.896992538,491434.7502,4621100.185,,,,,yes,besos
289,pt0584,pt218,41.82605134,2.948429385,495717.4323,4630464.483,,,379,,no,ter
290,pt0586,pt220,41.84762981,3.046344324,503847.2693,4632860.001,,,,,yes,ter
291,pt0588,pt222,41.86372665,3.0090923,500754.6072,4634646.171,,,,,yes,ter
292,pt0590,pt224,41.94430326,3.152375746,512630.3969,4643603.536,,,393,,no,ter
293,pt0592,pt226,41.98489946,3.097267451,508057.3636,4648104.206,EDAR PERATALLADA,ES9179020202010E,,,no,ter
294,pt0594,pt228,41.99791081,3.156009358,512920.7482,4649556.035,,,,,yes,ter
295,pt0596,pt230,42.01014656,3.006590676,500545.7374,4650902.808,,,,,yes,ter
296,pt0598,pt232,41.98101555,3.02278304,501887.3979,4647668.657,,,388,,no,ter
297,pt0600,pt234,42.07320412,2.996491443,499709.763,4657904.052,,,396,,no,ter
298,pt0602,pt236,42.0849706,2.978937862,498258.0063,4659210.698,,,395,,no,ter
299,pt0604,pt238,42.06731788,2.978066295,498185.4185,4657250.729,,,397,,no,ter
300,pt0606,pt240,42.0967073,2.912220539,492741.3312,4660517.344,,,399,,no,ter
301,pt0608,pt242,42.05423456,2.953508543,496152.9592,4655798.9,EDAR FLAÇÀ,ES9170670003010E,400,,no,ter
302,pt0610,pt244,42.05879282,2.920168348,493394.6217,4656307.04,,,402,,no,ter
303,pt0612,pt246,42.05354028,2.892981301,491144.3989,4655726.308,,,403,,no,ter
304,pt0614,pt248,42.05025734,2.878952117,489982.9936,4655363.351,,,,,yes,ter
305,pt0616,pt250,42.0554524,2.849116096,487515.0073,4655944.083,,,407,,no,ter
306,pt0618,pt252,42.10504839,2.79017771,482651.6226,4661461.033,,,409,,no,ter
307,pt0620,pt254,41.99002919,2.819475103,485047.0211,4648684.937,,,,,yes,ter
308,pt0622,pt256,41.98606043,2.792321439,482796.7983,4648249.389,,,436,,no,ter
309,pt0624,pt258,41.93968736,2.82049281,485119.6089,4643095.395,,,416,,no,ter
310,pt0626,pt260,41.90829177,2.812703792,484466.3184,4639611.006,EDAR RIUDELLOTS DE LA SELVA,ES9171500001010E,423,,no,ter
311,pt0628,pt262,41.91752488,2.870449786,489257.1153,4640627.286,,,417,,no,ter
312,pt0630,pt264,41.87367182,2.833798888,486208.4264,4635763.659,,,419,,no,ter
313,pt0632,pt266,41.8711312,2.897659677,491507.338,4635473.293,,,,27,no,ter
314,pt0634,pt268,41.84493653,2.858355306,488240.8856,4632569.635,,,428,,no,ter
315,pt0636,pt270,41.81686303,2.896872142,491434.7502,4629448.202,,,429,,no,ter
316,pt0638,pt272,41.87625049,2.810173018,484248.5549,4636054.025,,,426,,no,ter
317,pt0640,pt274,41.83510015,2.836521388,486426.1899,4631480.763,,,427,,no,ter
318,pt0642,pt276,41.88593825,2.748025261,479094.8189,4637142.896,EDAR VILOBÍ D'ONYAR,ES9172330003010E,,,no,ter
319,pt0644,pt278,41.95011809,2.802071877,483595.2644,4644256.859,,,433,,no,ter
320,pt0646,pt280,41.97226548,2.759074569,480038.4607,4646724.968,EDAR BESCANÓ,ES9170200001010E,,,no,ter
321,pt0648,pt282,41.99184734,2.744102527,478804.4676,4648902.712,,,438,,no,ter
322,pt0650,pt284,42.05625077,2.626292681,469077.6982,4656089.266,,,,,yes,ter
323,pt0652,pt286,41.97093916,2.750318779,479312.5824,4646579.785,,,,,yes,ter
324,pt0654,pt288,41.97402206,2.675836483,473142.6167,4646942.742,,,441,,no,ter
325,pt0656,pt290,41.96682031,2.672368908,472852.2654,4646144.236,,,613,,no,ter
326,pt0658,pt292,41.97518064,2.626766993,469077.6982,4647087.925,,,443,,no,ter
327,pt0660,pt294,41.98498186,2.624957214,468932.5225,4648176.797,,,,,yes,ter
328,pt0662,pt296,41.95093485,2.6102682,467698.5294,4644402.042,,,,,yes,ter
329,pt0664,pt298,42.03776788,2.575535301,464867.604,4654056.705,,,,,yes,ter
330,pt0666,pt300,42.07025014,2.522672501,460512.3341,4657686.278,,,449,,no,ter
331,pt0668,pt302,42.09824984,2.496127783,458334.6992,4660807.71,,,448,,no,ter
332,pt0670,pt304,41.90145767,2.496802796,458262.1113,4638957.683,EDAR SANT HILARI SACALM,ES9171640001010E,445,,no,ter
333,pt0672,pt306,41.93239523,2.403751662,450567.8012,4642442.072,,,,,yes,ter
334,pt0674,pt308,41.85112491,2.366906207,447446.5245,4633440.732,,,458,,no,ter
335,pt0676,pt310,41.95583841,2.273904963,439824.8022,4645127.956,,,465,,no,ter
336,pt0678,pt312,41.87784882,2.245045324,437356.816,4636489.573,,,470,,no,ter
337,pt0680,pt314,41.8634256,2.23909281,436848.7011,4634892.561,EDAR TONA,ES9082830001010E,469,,no,ter
338,pt0682,pt316,42.00862894,2.247883846,437719.7551,4651007.864,,,473,,no,ter
339,pt0684,pt318,42.09468791,2.313578636,443236.4303,4660517.344,,,,7,no,ter
340,pt0686,pt320,42.096762,2.228409487,436195.4107,4660807.71,EDAR SANT QUIRZE DE BESORA,ES9082360001010E,481,,no,ter
341,pt0688,pt322,42.11231406,2.208026527,434525.8905,4662549.905,,,482,,no,ter
342,pt0690,pt324,42.1870882,2.244013928,437574.5794,4670825.331,,,,,yes,ter
343,pt0692,pt326,42.18873905,2.198282488,433800.0122,4671043.105,,,,,yes,ter
344,pt0694,pt328,42.16880553,2.153715689,430098.0328,4668865.361,,,,,yes,ter
345,pt0696,pt330,42.22122476,2.16972692,431477.2016,4674672.678,,,488,,no,ter
346,pt0698,pt332,42.23521215,2.116760658,427121.9318,4676269.69,,,489,,no,ter
347,pt0700,pt334,42.299657,2.166936024,431332.026,4683383.652,EDAR RIBES DE FRESER,ES9171450005010E,,,no,ter
348,pt0702,pt336,42.35393971,2.169744944,431622.3773,4689408.743,,,495,,no,ter
349,pt0704,pt338,42.38698368,2.220455944,435832.4715,4693038.315,,,,,yes,ter
350,pt0706,pt340,42.31929073,2.005475168,418048.4529,4685706.578,,,494,,no,ter
351,pt0708,pt342,42.22173572,2.243600731,437574.5794,4674672.678,,,497,,no,ter
352,pt0710,pt344,42.23902517,2.289142369,441349.1467,4676560.055,,,499,,no,ter
353,pt0712,pt346,42.25368683,2.335616456,445196.3017,4678157.067,,,500,,no,ter
354,pt0714,pt348,42.38146793,2.38893996,449696.7473,4692312.401,,,,,yes,ter
355,pt0716,pt350,42.39073739,2.295369883,442002.4372,4693401.272,,,,,yes,ter
356,pt0718,pt352,42.08810593,2.823585747,485409.9602,4659573.655,,,,,yes,ter
357,pt0720,pt084,42.16145889,2.958702348,496588.4862,4667703.898,,,,,yes,fluvia
358,pt0722,pt086,42.16601246,2.916518626,493104.2703,4668212.038,,,571,,no,fluvia
359,pt0724,pt088,42.16795493,2.893667463,491216.9867,4668429.813,,,569,,no,fluvia
360,pt0726,pt090,42.17507433,2.833012052,486208.4264,4669228.319,,,566,,no,fluvia
361,pt0728,pt092,42.18671485,2.760899157,480256.2242,4670534.965,,,,,yes,fluvia
362,pt0730,pt094,42.16027147,2.647648335,470892.394,4667631.307,,,563,,no,fluvia
363,pt0732,pt096,42.127685,2.682958353,473795.9072,4664001.734,,,559,,no,fluvia
364,pt0734,pt098,42.15491003,2.607261997,467553.3537,4667050.575,,,561,,no,fluvia
365,pt0736,pt100,42.20096688,2.704573488,475610.603,4672131.977,,,616,,no,fluvia
366,pt0738,pt102,42.2111493,2.611310733,467916.2929,4673293.44,,,,,yes,fluvia
367,pt0740,pt104,42.2993336,2.589634084,466174.1849,4683093.286,,,,3,no,fluvia
368,pt0742,pt106,42.26415294,2.46136413,455576.3616,4679245.939,,,549,,no,fluvia
369,pt0744,pt108,42.29718175,2.539454721,462036.6786,4682875.512,,,,,yes,fluvia
370,pt0746,pt110,42.29888698,2.436134542,453521.0974,4683116.092,,,,,yes,fluvia
371,pt0748,pt112,42.21755586,2.574333373,464867.604,4674019.355,,,,,yes,fluvia
372,pt0750,pt114,42.24738715,2.513352667,459853.46,4677358.561,,,,,yes,fluvia
373,pt0752,pt116,42.1098039,2.449503067,454487.5441,4662114.356,,,529,,no,fluvia
374,pt0754,pt118,42.0928519,2.459304946,455286.0103,4660226.978,,,,,yes,fluvia
375,pt0756,pt120,42.18674163,2.407520764,451075.9161,4670680.148,,,,,yes,fluvia
376,pt0758,pt122,42.21602572,2.381742943,448970.8689,4673946.763,,,537,,no,fluvia
377,pt0760,pt043,42.27587007,3.043135621,503556.918,4680407.402,,,,,yes,muga
378,pt0762,pt045,42.24381755,2.923454889,493684.973,4676850.421,,,526,,no,muga
379,pt0764,pt047,42.27906548,2.845093459,487227.2132,4680772.917,,,,,yes,muga
380,pt0766,pt049,42.30949257,2.704066543,475610.603,4684182.158,,,,,yes,muga
381,pt0768,pt051,42.30399013,3.008808208,500725.9926,4683528.835,,,,,yes,muga
382,pt0770,pt053,42.431464,2.950583377,495935.1957,4697684.168,,,,,yes,muga
383,pt0772,pt055,42.37519992,2.891555198,491071.8111,4691441.303,,,,,yes,muga
384,pt0774,pt057,42.39213296,2.83684744,486571.3655,4693328.681,,,,,yes,muga
385,pt0776,pt059,42.43465863,2.860564926,488531.237,4698047.126,,,518,,no,muga
386,pt0778,pt061,42.28235435,3.118852782,509799.4715,4681133.317,,,,,yes,muga
387,pt0780,pt063,42.31163599,3.214032999,517638.9573,4684399.932,,,,,yes,muga
388,pt0782,pt246,41.45059106,2.200485154,433219.3096,4589087.354,,,,,yes,besos
389,pt0784,pt248,41.47470883,2.189756593,432348.2556,4591773.238,EDAR MONTCADA,ES9081250002010E,288,,no,besos
390,pt0786,pt250,41.52467143,2.136932259,427992.9857,4597362.78,EDAR SABADELL/RIU RIPOLL,ES9081870004010E,289,,no,besos
391,pt0788,pt252,41.69698739,2.283802748,440405.5049,4616381.741,,,,,yes,besos
392,pt0790,pt254,41.74720203,2.263165384,438735.9847,4621971.283,EDAR AIGUAFREDA,ES9080140001010E,312,,no,besos
393,pt0792,pt256,41.76484851,2.262090248,438663.3969,4623931.252,,,,,yes,besos
394,pt0794,pt258,41.79408586,2.690010238,474244.7708,4626960.659,,,,,yes,besos
395,pt0796,pt260,41.8132869,2.715100982,476336.4813,4629085.245,,,372,,no,besos
396,pt0798,pt262,41.66922323,2.468968362,455794.1251,4613187.717,EDAR VILALBA SASSERRA,ES9083060001010E,330,,no,besos
397,pt0800,pt354,41.98035661,3.041183187,503411.7424,4647596.066,,,,,yes,ter
398,pt0802,pt356,41.93655497,3.028896471,502395.5127,4642732.438,,,385,,no,ter
399,pt0804,pt358,42.10114136,2.798969282,483377.5009,4661025.484,,,,,yes,ter
400,pt0806,pt360,41.87798972,2.170685691,431186.8503,4636562.165,,,,,yes,ter
401,pt0808,pt362,41.9286004,2.208552057,434380.7149,4642151.707,,,467,,no,ter
402,pt0810,pt364,42.30671417,2.241810716,437510.8288,4684109.566,,,,,yes,ter
403,pt0812,pt366,42.31600596,2.167601258,431404.6138,4685198.438,,,491,,no,ter
404,pt0814,pt065,42.36871161,2.978843332,498258.0063,4690715.389,,,516,,no,muga
405,pt0816,pt067,42.37172537,3.007936038,500653.4048,4691049.839,,,,,yes,muga
406,pt0818,pt069,42.33275561,3.013217637,501088.9318,4686722.859,,,,,yes,muga
407,pt0820,pt071,42.38700793,3.05026636,504137.6207,4692747.949,,,,,yes,muga
408,pt0822,pt124,42.15560075,2.456135283,455068.2468,4667195.758,,,531,,no,fluvia
409,pt0824,pt126,42.21582036,2.471449021,456374.8277,4673874.172,,,539,,no,fluvia
410,pt0826,pt264,41.69434025,2.736562047,478078.5893,4615873.601,EDAR TORDERA,ES9082840001030E,329,,no,besos
411,pt0828,pt266,41.7028177,2.726930724,477280.1231,4616817.289,,,360,,no,besos
412,pt0830,pt268,41.86587992,2.593292363,466246.7728,4634965.153,,,,,yes,besos
413,pt0832,pt270,41.73195482,2.625559879,468859.9347,4620083.905,,,,,yes,besos
414,pt0834,pt272,41.72326283,2.570629958,464286.9013,4619140.216,,,353,,no,besos
415,pt0836,pt274,41.70475932,2.52102323,460149.395,4617107.655,,,343,,no,besos
416,pt0838,pt368,41.85676452,3.080457182,506678.1948,4633876.281,,,382,,no,ter
417,pt0840,pt370,42.03066045,3.103475477,508565.4784,4653185.607,,,,,yes,ter
418,pt0842,pt372,41.92897223,3.054412423,504511.3154,4641891.574,,,,,yes,ter
419,pt0844,pt374,41.87330496,2.357939982,446720.6462,4635908.842,,,459,,no,ter
420,pt0846,pt376,41.92047963,2.265552155,439098.9239,4641208.018,,,468,,no,ter
421,pt0848,pt378,42.13060637,2.206042153,434380.7149,4664582.466,,,483,,no,ter
422,pt0850,pt128,42.21053947,2.624505185,469005.1104,4673220.849,EDAR SANT JAUME DE LLIERCA,ES9171650003010E,,,no,fluvia
423,pt0852,pt130,42.21605501,2.52509388,460802.6854,4673874.172,EDAR SANT JOAN LES FONTS,ES9171850006010E,542,,no,fluvia
424,pt0854,pt073,42.23795225,2.960412036,496733.6619,4676197.098,,,505,,no,muga
425,pt0856,pt075,42.2752223,2.977994349,498185.4185,4680334.811,EDAR FIGUERES,ES9170660001010E,523,,no,muga
426,pt0858,pt077,42.32994796,2.789431879,482651.6226,4686432.493,,,,2,no,muga
427,pt0860,pt079,42.37562767,2.747840305,479239.9946,4691513.895,,,,,yes,muga
428,pt0862,pt276,41.78628081,2.240005715,436848.7011,4626326.77,,,606,,no,besos
429,pt0864,pt380,42.00744679,3.187300788,515510,4650620,,,,,yes,ter
430,pt0866,pt382,42.02536816,3.15783012,513065.9239,4652604.876,EDAR TORROELLA DE MONTGRÍ,ES9171990004020E,,,no,ter
431,pt0868,pt132,42.17974449,3.079986378,506605.6069,4669736.459,,,,,yes,fluvia
432,pt0870,pt081,42.20850654,3.086178135,507113.7218,4672930.483,,,507,,no,muga
433,pt0872,pt384,41.984124,2.301623754,442147.6128,4648249.389,,,,,yes,ter
434,pt0874,pt386,41.98482716,2.580268469,465230.5431,4648176.797,,,450,,no,ter
435,pt0876,pt388,41.98004639,2.527727772,460875.2733,4647668.657,,,451,,no,ter
436,pt0878,pt390,41.94309641,3.008758362,500725.9926,4643458.353,,,,,yes,ter
437,pt0880,pt083,42.21140511,3.069369053,505725.9255,4673251.055,,,,,yes,muga
438,pt0882,pt392,42.02480089,3.071023689,505879.7286,4652532.284,,,369,,no,ter
439,pt0884,pt394,41.98950961,3.04206542,503484.3302,4648612.346,,,386,,no,ter
440,pt0886,pt085,42.31312052,3.072227758,505952.3165,4684545.115,,,514,,no,muga
441,pt0888,pt087,42.34843765,3.045829107,503774.6815,4688465.054,,,,,yes,muga
442,pt0890,pt134,42.20098478,2.711607399,476191.3057,4672131.977,EDAR BESALÚ,ES9170190001010E,555,,no,fluvia
443,pt0892,pt396,42.02935896,3.096458317,507984.7757,4653040.425,,,390,,no,ter
444,pt0894,pt278,41.72643846,2.337967926,444937.7328,4619615.459,,,,,yes,besos
445,pt0896,pt280,41.69081695,2.095148135,424700.2941,4615844.399,,,,,yes,besos
446,pt0898,pt398,42.12154378,2.322070285,443962.3086,4663493.594,,,475,,no,ter
447,pt0900,pt400,42.06356088,2.249867877,437937.5186,4657105.546,,,479,,no,ter
448,pt0902,pt402,41.99317957,2.285749972,440841.0319,4649265.669,EDAR MANLLEU,ES9081120001010E,471,,no,ter
449,pt0904,pt282,41.77536392,2.518751459,460004.2193,4624947.532,,,357,,no,besos
450,pt0906,pt284,41.82746485,2.47203326,456157.0642,4630754.848,,,345,,no,besos
451,pt0908,pt404,41.86069046,2.923950328,493688.0283,4634311.83,,,,,yes,ter
452,pt0910,pt136,42.31697867,2.587757739,466029.0093,4685053.255,,,547,,no,fluvia
453,pt0912,pt089,42.29483601,3.019373587,501597.0466,4682512.555,EDAR PERALADA,ES9171320001010E,,,no,muga
454,pt0914,pt286,41.65164209,2.660894854,471763.448,4611155.156,,,,,yes,besos
455,pt0916,pt288,41.66628581,2.7645784,480401.3999,4612752.168,,,,,yes,besos
456,pt0918,pt406,41.81821507,2.979025496,498258.0063,4629593.385,,,,,yes,ter
457,pt0920,pt408,41.89264961,3.154002935,512775.5726,4637868.811,,,,,yes,ter
458,pt0922,pt410,41.93624216,2.276754085,440042.5657,4642950.213,,,466,,no,ter
459,pt0924,pt412,41.77765931,2.931872734,494338.2635,4625092.715,,,,,yes,ter
460,pt0926,pt290,41.48266386,2.11575345,426178.2899,4592716.927,,,285,,no,besos
461,pt0928,pt292,41.51852776,2.103086292,425162.0603,4596709.457,EDAR SABADELL/RIU SEC,ES9081870001010E,126,,no,besos
462,pt0930,pt294,41.50489289,2.205036041,433654.8366,4595112.445,"EDAR LLAGOSTA, LA",ES9081050001010E,,,no,besos
463,pt0932,pt296,41.58050632,2.085684558,423782.8915,4603605.645,,,290,,no,besos
464,pt0934,pt298,41.63328608,2.063152062,421968.1957,4609485.553,,,292,,no,besos
465,pt0936,pt300,41.66325884,2.050511344,420951.9661,4612824.76,,,293,,no,besos
466,pt0938,pt302,41.68553677,2.056289136,421460.0809,4615292.869,,,,,yes,besos
467,pt0940,pt304,41.5430489,2.146260866,428791.4519,4599395.341,,,295,,no,besos
468,pt0942,pt306,41.58378718,2.173590517,431114.2625,4603896.011,,,299,,no,besos
469,pt0944,pt308,41.64706451,2.153605676,429517.3302,4610937.382,,,,19,no,besos
470,pt0946,pt310,41.64413375,2.111805955,426033.1143,4610647.016,,,,,yes,besos
471,pt0948,pt312,41.54639199,2.250654576,437501.9916,4599685.706,,,,,yes,besos
472,pt0950,pt314,41.56940937,2.271283632,439244.0996,4602226.407,EDAR GRANOLLERS,ES9080960001010E,,,no,besos
473,pt0952,pt316,41.66909033,2.21697064,434816.2419,4613332.9,EDAR BIGUES I RIELLS,ES9080230004010E,306,,no,besos
474,pt0954,pt318,41.71466738,2.189367673,432566.0191,4618414.301,,,307,,no,besos
475,pt0956,pt320,41.66366565,2.287659709,440695.8562,4612679.577,"EDAR GARRIGA, LA",ES9080880001010E,310,,no,besos
476,pt0958,pt322,41.80761127,2.304418027,442220.2006,4628649.696,,,,,yes,besos
477,pt0960,pt324,41.79278956,2.235560627,436485.762,4627052.684,EDAR CENTELLES,ES9080670001010E,,,no,besos
478,pt0962,pt326,41.79332993,2.23482562,436425.2268,4627113.223,,,313,,no,besos
479,pt0964,pt328,41.59328104,2.325884806,443817.1329,4604839.7,,,316,,no,besos
480,pt0966,pt330,41.60581913,2.345789968,445486.6531,4606218.937,,,318,,no,besos
481,pt0968,pt332,41.63289275,2.394319208,449551.5716,4609195.187,,,321,,no,besos
482,pt0970,pt334,41.669961,2.357348679,446502.8827,4613332.9,,,319,,no,besos
483,pt0972,pt336,41.72021966,2.342012964,445268.8896,4618922.442,,,320,,no,besos
484,pt0974,pt338,41.5727233,2.391398935,449261.2203,4602516.773,,,,,yes,besos
485,pt0976,pt340,41.59967844,2.419889879,451656.6187,4605493.023,EDAR CAN MASSUET- EL FAR,ES9080750005010E,325,,no,besos
486,pt0978,pt342,41.62246242,2.570427973,464214.3135,4607949.149,,,,,yes,besos
487,pt0980,pt344,41.6535117,2.656631927,471409.3094,4611364.129,,,,,yes,besos
488,pt0982,pt346,41.68652913,2.752293684,479385.1702,4615002.503,,,328,,no,besos
489,pt0984,pt348,41.7393486,2.693604929,474521.7855,4620882.411,EDAR MAÇANET RESIDENCIAL,ES9171030007010E,,,no,besos
490,pt0986,pt350,41.71650538,2.709420505,475828.3665,4618341.71,,,,,yes,besos
491,pt0988,pt352,41.79860976,2.614687409,467988.8807,4627488.233,,,361,,no,besos
492,pt0990,pt354,41.82417162,2.633826719,469591.0369,4630319.3,,,,,yes,besos
493,pt0992,pt356,41.8523916,2.668581212,472489.3263,4633440.732,EDAR SANTA COLOMA DE FARNERS,ES9171800004010E,374,,no,besos
494,pt0994,pt358,41.86689655,2.559396417,463434.2749,4635091.907,,,,,yes,besos
495,pt0996,pt360,41.75998078,2.599200941,466682.2998,4623205.337,,,,,yes,besos
496,pt0998,pt362,41.72858211,2.59503228,466319.3606,4619720.948,,,352,,no,besos
497,pt1000,pt364,41.75260783,2.550353116,462617.3812,4622406.831,,,356,,no,besos
498,pt1002,pt366,41.67559753,2.588388106,465738.658,4613841.04,,,,,yes,besos
499,pt1004,pt368,41.76861461,2.47076944,456011.8886,4624221.618,,,,21,no,besos
500,pt1006,pt370,41.6922815,2.508031541,459060.5775,4615728.418,EDAR SANT CELONI,ES9082020006010E,338,,no,besos
501,pt1008,pt372,41.64781797,2.507498275,458987.9897,4610792.199,,,331,,no,besos
502,pt1010,pt374,41.77716906,2.353659198,446285.1192,4625237.898,,,,,yes,besos
503,pt1012,pt376,41.78860685,2.41382182,451293.6795,4626471.953,,,334,,no,besos
504,pt1014,pt378,41.75997902,2.896090063,491362.1624,4623132.746,,,,,yes,besos
505,pt1016,pt380,41.7659566,2.929169812,494112.5663,4623793.609,,,,,yes,besos
506,pt1018,pt414,41.81884267,2.919593054,493322.0338,4629665.977,,,378,,no,ter
507,pt1020,pt416,41.80709806,3.029712068,502468.1006,4628359.33,,,380,,no,ter
508,pt1022,pt418,41.89722278,3.156639135,512993.3361,4638376.951,,,384,,no,ter
509,pt1024,pt420,41.97708905,3.036800262,503048.8032,4647233.108,"EDAR BISBAL D'EMPORDÀ, LA",ES9170220001010E,387,,no,ter
510,pt1026,pt422,41.94113073,2.967601535,497314.3645,4643240.578,,,,,yes,ter
511,pt1028,pt424,41.92748328,2.935344442,494639.3052,4641726.849,,,,,yes,ter
512,pt1030,pt426,42.07900981,2.865734024,488894.1761,4658557.375,,,405,,no,ter
513,pt1032,pt428,42.0410864,2.863182763,488676.4126,4654347.071,EDAR CELRÀ,ES9170490001010E,,,no,ter
514,pt1034,pt430,42.0881139,2.828851862,485845.4872,4659573.655,EDAR BANYOLES,ES9170150001010E,406,,no,ter
515,pt1036,pt432,42.07163734,2.756066756,479820.6972,4657758.869,,,408,,no,ter
516,pt1038,pt434,42.09724235,2.813026642,484538.9062,4660589.936,,,411,,no,ter
517,pt1040,pt436,41.87106156,2.837304506,486498.7777,4635473.293,EDAR CASSÀ DE LA SELVA,ES9170440001010E,431,,no,ter
518,pt1042,pt438,41.87683597,2.772555205,481127.2782,4636126.616,,,421,,no,ter
519,pt1044,pt440,42.01761433,2.759464621,480084.9206,4651759.908,,,,,yes,ter
520,pt1046,pt442,42.03872413,2.718665877,476714.6989,4654114.017,,,,,yes,ter
521,pt1048,pt444,42.06210594,2.617485051,468351.8199,4656742.589,,,439,,no,ter
522,pt1050,pt446,42.09585279,2.581460352,465389.5783,4660503.484,,,,,yes,ter
523,pt1052,pt448,42.01534161,2.725597925,477280.1231,4651516.004,,,,,yes,ter
524,pt1054,pt450,41.97089767,2.731921302,477788.2379,4646579.785,,,440,,no,ter
525,pt1056,pt452,41.96221323,2.661881009,471981.2114,4645636.096,EDAR ANGLÈS,ES9170080001010E,442,,no,ter
526,pt1058,pt454,41.95021715,2.591880909,466174.1849,4644329.45,,,444,,no,ter
527,pt1060,pt456,41.8987724,2.481072281,456955.5304,4638667.317,,,,,yes,ter
528,pt1062,pt458,41.89619005,2.475918241,456526.2558,4638383.204,,,,,yes,ter
529,pt1064,pt460,41.98556199,2.603046861,467117.8268,4648249.389,,,,4,no,ter
530,pt1066,pt462,42.0533652,2.550869619,462835.1447,4655798.9,"EDAR PLANES D'HOSTOLES, LES",ES9171330008010E,447,,no,ter
531,pt1068,pt464,42.0255381,2.465136646,455721.5373,4652750.059,,,592,,no,ter
532,pt1070,pt466,41.8975961,2.376073203,448244.9906,4638594.725,,,460,,no,ter
533,pt1072,pt468,41.82643176,2.395120779,449769.3351,4630682.257,,,,,yes,ter
534,pt1074,pt470,42.02964854,2.373029736,448099.815,4653258.199,,,,,yes,ter
535,pt1076,pt472,41.97762881,2.308704042,442728.3155,4647523.474,EDAR RODA DE TER,ES9081830001010E,,,no,ter
536,pt1078,pt474,41.87082365,2.174277133,431477.2016,4635763.659,,,,,yes,ter
537,pt1080,pt476,42.02808605,2.149613965,429603.7563,4653244.36,,,,,yes,ter
538,pt1082,pt478,42.04464791,2.257107076,438518.2213,4655000.394,,,,5,no,ter
539,pt1084,pt480,42.08709697,2.35754397,446865.8218,4659646.247,,,476,,no,ter
540,pt1086,pt482,42.11120498,2.273890376,439969.9779,4662378.386,,,,,yes,ter
541,pt1088,pt484,42.10915893,2.148516596,429602.5524,4662246.904,,,,,yes,ter
542,pt1090,pt486,42.16280434,2.137978863,428791.4519,4668212.038,,,,,yes,ter
543,pt1092,pt488,42.1950077,2.255348626,438518.2213,4671696.428,,,484,,no,ter
544,pt1094,pt490,42.19784796,2.192012966,433291.8974,4672059.385,,,486,,no,ter
545,pt1096,pt492,42.24599203,2.074376808,423637.7159,4677503.744,,,,,yes,ter
546,pt1098,pt494,42.42766422,2.256725834,438857.5342,4697528.639,,,506,,no,ter
547,pt1100,pt496,42.38199229,2.365127178,447736.8758,4692384.992,,,,,yes,ter
548,pt1102,pt138,42.17844271,3.071195359,505879.7286,4669591.276,,,575,,no,fluvia
549,pt1104,pt140,42.16471152,2.926186562,493902.7365,4668066.855,,,572,,no,fluvia
550,pt1106,pt142,42.20317919,2.827662383,485772.8994,4672349.751,,,567,,no,fluvia
551,pt1108,pt144,42.14045607,2.587147894,465883.8336,4665453.563,,,560,,no,fluvia
552,pt1110,pt146,42.19635099,2.689648845,474376.6099,4671623.837,,,553,,no,fluvia
553,pt1112,pt148,42.28460166,2.665365755,472410.2059,4681430.216,,,,,yes,fluvia
554,pt1114,pt150,42.30812563,2.498861062,458697.6383,4684109.566,,,,,yes,fluvia
555,pt1116,pt152,42.30743306,2.490059287,457971.76,4684036.975,,,550,,no,fluvia
556,pt1118,pt154,42.21878654,2.554096729,463198.0839,4674164.537,EDAR BEGUDÀ,ES9171850001010E,,,no,fluvia
557,pt1120,pt156,42.18853421,2.510355664,459568.6923,4670825.331,,,536,,no,fluvia
558,pt1122,pt158,42.19051794,2.399715874,450434.3737,4671103.948,,,,,yes,fluvia
559,pt1124,pt160,42.08700085,2.466376,455866.7129,4659573.655,,,,,yes,fluvia
560,pt1126,pt091,42.30789746,2.940111299,495064.1418,4683964.384,,,520,,no,muga
561,pt1128,pt093,42.33867787,2.667697915,472625.9295,4687433.818,,,,,yes,muga
562,pt1130,pt095,42.38599363,2.708116632,475973.5422,4692675.358,,,,,yes,muga
563,pt1132,pt097,42.37358368,2.819686136,485154.4965,4691271.891,,,,,yes,muga
564,pt1134,pt099,42.3895749,2.883593561,490418.5206,4693038.315,,,519,,no,muga
565,pt1136,pt101,42.39283695,2.830920827,486083.7178,4693407.804,,,,,yes,muga
566,pt1138,pt103,42.41120746,3.012351916,501016.3439,4695433.833,,,515,,no,muga
567,pt1140,pt105,42.39887682,3.053665295,504416.5681,4694066,,,,,yes,muga
568,pt1142,pt107,42.44200022,2.937447329,494855.5414,4698854.795,,,,,yes,muga
569,pt1144,pt109,42.28563116,3.110935105,509146.181,4681496.274,EDAR PALAU-SAVERDERA,ES9171200001010E,,,no,muga
570,pt1146,pt111,42.3490906,3.047828454,503939.3155,4688537.645,,,,,yes,muga
571,pt1148,pt113,42.35994016,3.098412155,508104.1689,4689745.916,,,,,yes,muga
572,pt1150,pt115,42.29771545,3.233721648,519265.7893,4682858.535,,,,,yes,muga
573,pt1152,pt382,41.74581908,2.669129862,472489.3263,4621608.325,,,,,yes,besos
574,pt1154,pt384,41.74251412,2.656925306,471473.0966,4621245.368,,,358,,no,besos
575,pt1156,pt386,41.73325962,2.624679461,468787.3469,4620229.088,EDAR HOSTALRIC,ES9170830001010E,,,no,besos
576,pt1158,pt117,42.27913928,3.042257515,503484.3302,4680770.36,,,,1,no,muga
577,pt1160,pt498,41.84468161,2.272540129,439607.0387,4632787.409,EDAR SEVA,ES9082690001010E,,,no,ter
578,pt1162,pt500,42.00519183,2.937766377,494846.3783,4650354.541,,,401,,no,ter
579,pt1164,pt502,41.95054139,2.263455573,438953.7482,4644547.225,,,464,,no,ter
580,pt1166,pt388,41.80325614,2.342037879,445341.4774,4628141.556,,,,,yes,besos
581,pt1168,pt390,41.65828612,2.118704273,426623.66,4612212.368,,,,,yes,besos
582,pt1170,pt392,41.7781685,2.444274973,453816.5916,4625296.228,,,,,yes,besos
583,pt1172,pt394,41.80216044,2.414459887,451356.9472,4627976.385,,,,,yes,besos
584,pt1174,pt396,41.77466256,2.463843866,455440.4389,4624896.656,,,340,,no,besos
585,pt1176,pt398,41.80261733,2.344665744,445559.2409,4628068.965,,,,,yes,besos
586,pt1178,pt504,42.00374184,3.165976794,513745,4650205,,,394,,no,ter
587,pt1180,pt506,41.99754149,3.155818308,512905,4649515,EDAR PALS,ES9171240005010E,,,no,ter
588,pt1182,pt508,42.00980969,3.17384234,514395,4650880,,,,,yes,ter
589,pt1184,pt119,42.38381964,2.940332959,495088.3239,4692394.433,,,,,yes,muga
590,pt1186,pt121,42.33600076,2.925105455,493830.1486,4687085.816,,,,,yes,muga
591,pt1188,pt400,41.74190862,2.673514727,472852.2654,4621172.777,,,,,yes,besos
592,pt1190,pt402,41.73953997,2.67714835,473153.4204,4620908.66,,,,,yes,besos
593,pt1192,pt404,41.80018848,2.706421519,475610.603,4627633.416,,,,,yes,besos
594,pt1194,pt406,41.79915569,2.743945463,478727.6123,4627508.785,,,,,yes,besos
595,pt1196,pt408,41.78594079,2.765888298,480546.5755,4626036.404,EDAR TERRAFORTUNA,ES9172130009010E,370,,no,besos
596,pt1198,pt410,41.77462924,2.787764494,482361.2713,4624775.825,,,,,yes,besos
597,pt1200,pt412,41.78598483,2.788600604,482433.8591,4626036.404,,,368,,no,besos
598,pt1202,pt123,42.21348942,3.05256758,504338.9398,4673481.49,,,510,,no,muga
599,pt1204,pt125,42.18741453,3.038621536,503189.1411,4670585.708,,,,,yes,muga
600,pt1206,pt127,42.22292018,2.978892074,498258.0063,4674527.495,,,509,,no,muga
601,pt1208,pt129,42.2104722,3.005333449,500440.245,4673145.156,,,508,,no,muga
602,pt1210,pt131,42.27919277,2.877634585,489910.4058,4680782.683,,,,,yes,muga
603,pt1212,pt133,42.27690563,2.746524541,479099.0155,4680552.585,,,,,yes,muga
604,pt1214,pt007,42.24580816,1.975835179,415507.8788,4677576.336,,,282,,no,llobregat
605,pt1216,pt009,42.25955101,1.977372894,415653.0544,4679100.756,,,,,yes,llobregat
606,pt1218,pt011,42.2677794,1.813529762,402151.7178,4680189.628,,,281,,no,llobregat
607,pt1220,pt013,42.27138771,1.783534964,399683.7316,4680625.177,,,,,yes,llobregat
608,pt1222,pt015,42.26815585,1.850489649,405200.4067,4680189.628,,,,,yes,llobregat
609,pt1224,pt017,42.07286062,1.868937552,406434.3999,4658484.784,EDAR BERGA,ES9080220001010E,,,no,llobregat
610,pt1226,pt019,42.08472144,1.878380763,407232.866,4659791.43,,,,,yes,llobregat
611,pt1228,pt021,42.10566463,1.880645384,407450.6295,4662114.356,,,272,,no,llobregat
612,pt1230,pt023,42.01231705,1.650854602,388287.4421,4652024.144,,,227,,no,llobregat
613,pt1232,pt025,42.13613768,1.67282242,390319.9013,4665743.929,,,,,yes,llobregat
614,pt1234,pt027,42.06409694,1.662041398,389303.6717,4657758.869,,,,,yes,llobregat
615,pt1236,pt029,42.00755335,1.876231206,406942.5147,4651225.638,,,586,,no,llobregat
616,pt1238,pt031,42.12978015,1.941698271,412531.7777,4664727.649,,,,,yes,llobregat
617,pt1240,pt033,42.02958468,1.995974178,416887.0476,4653548.565,,,,,yes,llobregat
618,pt1242,pt035,42.01849289,1.858504323,405490.7581,4652459.693,,,,,yes,llobregat
619,pt1244,pt037,42.14050013,1.599825123,384295.1113,4666324.66,EDAR SANT LLORENÇ DE MORUNYS,ES9251930001010E,236,,no,llobregat
620,pt1246,pt039,42.11432524,1.709276823,393296.0024,4663275.819,,,229,,no,llobregat
621,pt1248,pt041,42.14086837,1.938878421,412314.0142,4665961.703,,,,,yes,llobregat
622,pt1250,pt043,42.04232641,1.888774236,408031.3321,4655072.985,,,269,,no,llobregat
623,pt1252,pt045,42.14338925,2.001205463,417467.7502,4666179.478,,,275,,no,llobregat
624,pt1254,pt047,42.22516873,1.741324068,396126.9278,4675543.775,,,277,,no,llobregat
625,pt1256,pt049,42.0594983,1.840224582,404039.0014,4657032.954,,,,,yes,llobregat
626,pt1258,pt051,42.10788713,1.841098762,404184.1771,4662404.722,,,,,yes,llobregat
627,pt1260,pt053,42.18212492,1.58220665,382915.9425,4670970.513,,,,,yes,llobregat
628,pt1262,pt055,42.02436438,2.074968279,423419.9524,4652895.242,,,,,yes,llobregat
629,pt1264,pt057,42.0502804,1.900038574,408974.974,4655944.083,,,,,yes,llobregat
630,pt1266,pt059,42.06721703,1.893604519,408466.8591,4657831.46,,,,,yes,llobregat
631,pt1268,pt061,42.15495821,2.005416559,417830.6894,4667459.957,,,,,yes,llobregat
632,pt1270,pt063,41.76009668,1.911121086,409483.0888,4623713.477,,,,,yes,llobregat
633,pt1272,pt065,41.76231941,2.012376979,417903.2772,4623858.66,,,,,yes,llobregat
634,pt1274,pt067,41.78296013,1.908987316,409337.9131,4626254.178,,,,,yes,llobregat
635,pt1276,pt069,41.7875112,1.906289471,409120.1496,4626762.319,EDAR SALLENT/ARTÉS,ES9081910004010E,,,no,llobregat
636,pt1278,pt071,41.79923632,1.901721509,408757.2105,4628068.965,,,,,yes,llobregat
637,pt1280,pt073,41.85917449,1.879707602,407015.1025,4634747.378,,,,,yes,llobregat
638,pt1282,pt075,41.90624908,1.87976008,407087.6903,4639973.963,,,584,,no,llobregat
639,pt1284,pt077,41.94024953,1.880040753,407160.2782,4643748.719,,,266,,no,llobregat
640,pt1286,pt079,41.95270373,1.883325979,407450.6295,4645127.956,EDAR PUIG-REIG,ES9081750001010E,,,no,llobregat
641,pt1288,pt081,41.75222543,1.778546157,398449.7384,4622987.563,,,,,yes,llobregat
642,pt1290,pt083,41.80306314,1.763600735,397288.3331,4628649.696,,,216,,no,llobregat
643,pt1292,pt085,41.78761051,1.916770517,409991.2036,4626762.319,,,249,,no,llobregat
644,pt1294,pt087,41.92065047,1.695680509,391844.2458,4641788.749,,,,,yes,llobregat
645,pt1296,pt089,41.93572483,1.885373404,407595.8052,4643240.578,,,,,yes,llobregat
646,pt1298,pt091,41.93231955,1.871424176,406434.3999,4642877.621,,,,,yes,llobregat
647,pt1300,pt093,41.94063227,1.670755408,389811.7865,4644039.084,,,,,yes,llobregat
648,pt1302,pt095,41.97127175,1.663110001,389231.0839,4647450.883,,,226,,no,llobregat
649,pt1304,pt097,41.9710631,1.538714809,378923.6118,4647596.066,,,231,,no,llobregat
650,pt1306,pt099,41.97153876,2.091502411,424726.5333,4647015.334,,,,,yes,llobregat
651,pt1308,pt101,41.99936608,2.056048388,421823.0201,4650136.766,,,,,yes,llobregat
652,pt1310,pt103,41.99761338,1.518826322,377326.6795,4650572.315,,,230,,no,llobregat
653,pt1312,pt105,41.87433769,2.037771319,420153.5,4636271.799,,,254,,no,llobregat
654,pt1314,pt107,41.7984894,1.962020232,413765.7708,4627923.782,,,,,yes,llobregat
655,pt1316,pt109,41.93259238,2.045651603,420879.3783,4642732.438,,,255,,no,llobregat
656,pt1318,pt111,41.84427213,1.705976407,392570.1241,4633295.549,,,,,yes,llobregat
657,pt1320,pt113,41.81484803,2.038662332,420153.5,4629665.977,,,,,yes,llobregat
658,pt1322,pt115,41.81084237,2.109506661,426033.1143,4629157.836,,,248,,no,llobregat
659,pt1324,pt117,41.7876888,1.857367018,405055.2311,4626834.91,,,,,yes,llobregat
660,pt1326,pt119,41.83270186,1.723692858,394021.8807,4631988.903,,,,,yes,llobregat
661,pt1328,pt121,41.81444341,2.007889774,417597.0549,4629650.105,,,,,yes,llobregat
662,pt1330,pt123,41.78119034,1.797212894,400046.6707,4626181.587,,,,,yes,llobregat
663,pt1332,pt125,41.85922719,1.69867868,391989.4214,4634965.153,,,,,yes,llobregat
664,pt1334,pt127,41.89640777,2.098693403,425234.6481,4638667.317,,,,,yes,llobregat
665,pt1336,pt129,41.83449463,1.896747894,408394.2713,4631988.903,,,,,yes,llobregat
666,pt1338,pt131,41.89912687,1.766028157,397643.2753,4639312.643,,,,,yes,llobregat
667,pt1340,pt133,41.89333614,1.896610776,408466.8591,4638522.134,,,,,yes,llobregat
668,pt1342,pt135,41.54658781,1.873806919,406071.4607,4600048.664,,,187,,no,llobregat
669,pt1344,pt137,41.5603757,1.879660986,406579.5755,4601573.084,,,,,yes,llobregat
670,pt1346,pt139,41.58629332,1.855700338,404619.7041,4604476.742,,,189,,no,llobregat
671,pt1348,pt141,41.59478305,1.854679432,404547.1162,4605420.431,,,,,yes,llobregat
672,pt1350,pt143,41.63924468,1.854764011,404619.7041,4610356.65,,,192,,no,llobregat
673,pt1352,pt145,41.65367845,1.859738826,405055.2311,4611953.662,,,602,,no,llobregat
674,pt1354,pt147,41.69432934,1.871233204,406071.4607,4616454.332,"EDAR PONT DE VILOMARA, EL",ES9081390002010E,,,no,llobregat
675,pt1356,pt149,41.52500608,1.873311253,405998.8729,4597653.146,,,185,,no,llobregat
676,pt1358,pt151,41.52432675,1.870713015,405781.1094,4597580.554,,,,,yes,llobregat
677,pt1360,pt153,41.68101267,1.847046738,404039.0014,4615002.503,,,,,yes,llobregat
678,pt1362,pt155,41.69603048,1.8450339,403893.8258,4616672.107,,,203,,no,llobregat
679,pt1364,pt157,41.70451263,1.843139208,403748.8145,4617615.96,EDAR MANRESA,ES9081130006010E,204,,no,llobregat
680,pt1366,pt159,41.73361614,1.81206618,401208.076,4620882.411,,,212,,no,llobregat
681,pt1368,pt161,41.70313325,1.836182648,403167.9475,4617470.613,,,205,,no,llobregat
682,pt1370,pt163,41.70168365,1.822250487,402006.5422,4617325.43,,,206,,no,llobregat
683,pt1372,pt165,41.70625957,1.822166969,402006.5422,4617833.57,,,,,yes,llobregat
684,pt1374,pt167,41.51663298,1.699476165,391481.3066,4596927.231,,,,,yes,llobregat
685,pt1376,pt169,41.5413745,1.690278197,390755.4283,4599685.706,,,153,,no,llobregat
686,pt1378,pt171,41.55113017,1.685729472,390392.4892,4600774.578,,,154,,no,llobregat
687,pt1380,pt173,41.73136369,1.723955559,393876.7051,4620737.228,,,208,,no,llobregat
688,pt1382,pt175,41.54170768,1.662424009,388432.6177,4599758.298,,,155,,no,llobregat
689,pt1384,pt177,41.53568223,1.650366054,387416.3881,4599104.975,,,156,,no,llobregat
690,pt1386,pt179,41.53343271,1.626049445,385383.9288,4598887.2,EDAR CARME,ES9080480001010E,,,no,llobregat
691,pt1388,pt181,41.74339201,1.873866076,406361.812,4621898.691,EDAR NAVARCLES/SANT FRUITÓS/SANTPEDOR,ES9082130003010E,242,,no,llobregat
692,pt1390,pt183,41.75960559,1.86048493,405272.9946,4623713.477,,,243,,no,llobregat
693,pt1392,pt185,41.55624982,1.676051031,389594.023,4601355.31,,,157,,no,llobregat
694,pt1394,pt187,41.56340018,1.672422963,389303.6717,4602153.816,,,600,,no,llobregat
695,pt1396,pt189,41.56640503,1.649726776,387416.3881,4602516.773,EDAR IGUALADA,ES9083020001010E,,,no,llobregat
696,pt1398,pt191,41.58026624,1.60590058,383786.9965,4604113.785,,,163,,no,llobregat
697,pt1400,pt193,41.58748661,1.55523629,379576.9023,4604984.883,,,,,yes,llobregat
698,pt1402,pt195,41.59907623,1.541041809,378415.497,4606291.529,,,168,,no,llobregat
699,pt1404,pt197,41.613312,1.529395544,377471.8552,4607888.541,,,167,,no,llobregat
700,pt1406,pt199,41.68865418,1.826849278,402369.4813,4615873.601,,,,,yes,llobregat
701,pt1408,pt201,41.53689987,1.955771757,412894.7168,4598887.2,,,176,,no,llobregat
702,pt1410,pt203,41.58062137,1.635498557,386254.9828,4604113.785,,,161,,no,llobregat
703,pt1412,pt205,41.68616561,1.776307868,398159.3871,4615655.826,,,201,,no,llobregat
704,pt1414,pt207,41.70418635,1.876295379,406506.9877,4617543.204,,,,,yes,llobregat
705,pt1416,pt209,41.55006143,1.965133883,413693.183,4600339.03,EDAR VILADECAVALLS (EST),ES9083000004010E,178,,no,llobregat
706,pt1418,pt211,41.68667926,1.763215299,397070.5696,4615728.418,,,200,,no,llobregat
707,pt1420,pt213,41.56253739,1.971028503,414201.2978,4601718.267,,,179,,no,llobregat
708,pt1422,pt215,41.60942405,1.638376262,386545.3341,4607307.809,,,162,,no,llobregat
709,pt1424,pt217,41.6415226,1.886972253,407305.4538,4610574.424,,,193,,no,llobregat
710,pt1426,pt219,41.55286585,1.784047864,398594.9141,4600847.17,,,182,,no,llobregat
711,pt1428,pt221,41.67283871,1.753016296,396199.5157,4614203.997,,,199,,no,llobregat
712,pt1430,pt223,41.64631334,1.84243577,403603.4744,4611155.156,,,,,yes,llobregat
713,pt1432,pt225,41.65364327,1.731593099,394384.8199,4612098.845,,,198,,no,llobregat
714,pt1434,pt227,41.57317991,1.919490309,409918.6158,4602952.322,EDAR VACARISSES,ES9082910001010E,174,,no,llobregat
715,pt1436,pt229,41.57880996,1.764405093,396997.9818,4603750.828,,,183,,no,llobregat
716,pt1438,pt231,41.53202043,1.791399227,399175.6167,4598524.243,"EDAR HOSTALETS DE PIEROLA, ELS",ES9081620002010E,180,,no,llobregat
717,pt1440,pt004,41.53013931,1.401982034,366684.7271,4598843.069,,,,,yes,sud
718,pt1442,pt233,41.58210677,1.441242537,370064.301,4604552.929,,,,,yes,llobregat
719,pt1444,pt235,41.59859394,1.703308239,391937.7077,4606022.038,,,,,yes,llobregat
720,pt1446,pt237,41.63902518,1.899216935,408321.6835,4610284.059,,,,,yes,llobregat
721,pt1448,pt239,41.63907507,1.994440349,416252.497,4610192.726,,,,,yes,llobregat
722,pt1450,pt241,41.31333018,2.118045753,426178.2899,4573915.741,,,96,,no,llobregat
723,pt1452,pt243,41.32701343,2.111789551,425670.1751,4575440.161,,,,,yes,llobregat
724,pt1454,pt245,41.44366132,1.985073932,415217.5274,4588506.623,,,110,,no,llobregat
725,pt1456,pt247,41.46771152,1.969052344,413910.9465,4591192.506,,,117,,no,llobregat
726,pt1458,pt249,41.47916223,1.934094625,411007.4332,4592499.153,,,,,yes,llobregat
727,pt1460,pt251,41.49475508,1.923403637,410136.3793,4594241.347,,,171,,no,llobregat
728,pt1462,pt253,41.50255928,1.918925779,409773.4401,4595112.445,,,,,yes,llobregat
729,pt1464,pt255,41.51104162,1.917044991,409628.2644,4596056.134,,,,13,no,llobregat
730,pt1466,pt257,41.47780627,1.928900519,410571.9062,4592353.97,,,,,yes,llobregat
731,pt1468,pt259,41.46849057,1.911668623,409120.1496,4591337.689,,,120,,no,llobregat
732,pt1470,pt261,41.46042119,1.8883364,407160.2782,4590466.592,,,121,,no,llobregat
733,pt1472,pt263,41.45039449,1.865913103,405272.9946,4589377.72,,,128,,no,llobregat
734,pt1474,pt265,41.44437294,1.852114956,404111.5893,4588724.397,,,,,yes,llobregat
735,pt1476,pt267,41.43041688,1.829773322,402224.3056,4587199.977,,,133,,no,llobregat
736,pt1478,pt269,41.43271852,1.799324646,399683.7316,4587490.342,,,142,,no,llobregat
737,pt1480,pt271,41.44372257,1.788694669,398812.6776,4588724.397,,,,,yes,llobregat
738,pt1482,pt273,41.4430322,1.78523184,398522.3263,4588651.806,,,143,,no,llobregat
739,pt1484,pt275,41.45078478,1.776397,397796.4479,4589522.903,,,140,,no,llobregat
740,pt1486,pt277,41.45982544,1.765797365,396925.394,4590539.183,,,149,,no,llobregat
741,pt1488,pt279,41.49466068,1.722525552,393368.5902,4594459.122,EDAR PIERA,ES9081610008010E,,,no,llobregat
742,pt1490,pt006,41.31018419,1.35499842,362300.9985,4574496.472,,,58,,no,sud
743,pt1492,pt281,41.44898299,1.995419045,416088.5814,4589087.354,,,,,yes,llobregat
744,pt1494,pt283,41.50225887,2.031993869,419209.8582,4594967.262,,,115,,no,llobregat
745,pt1496,pt285,41.50750366,2.033655321,419355.0338,4595547.994,,,,,yes,llobregat
746,pt1498,pt287,41.52167926,1.802901293,400119.2585,4597362.78,,,181,,no,llobregat
747,pt1500,pt008,41.31932586,1.180452203,347710.8444,4575803.118,,,42,,no,sud
748,pt1502,pt010,41.29828005,1.64573564,386617.9219,4572754.277,,,70,,no,sud
749,pt1504,pt012,41.29181546,1.597322987,382553.0034,4572100.954,,,67,,no,sud
750,pt1506,pt289,41.44236012,1.783506558,398377.1506,4588579.214,,,,,yes,llobregat
751,pt1508,pt291,41.44190206,1.740938943,394820.3469,4588579.214,,,144,,no,llobregat
752,pt1510,pt014,41.31352807,1.66363102,388142.2664,4574423.881,,,71,,no,sud
753,pt1512,pt293,41.44381557,1.73655732,394457.4077,4588796.989,,,599,,no,llobregat
754,pt1514,pt016,41.38804731,1.143810809,344807.3312,4583497.812,,,45,,no,sud
755,pt1516,pt295,41.45828613,1.685867634,390247.3135,4590466.592,,,146,,no,llobregat
756,pt1518,pt297,41.42368359,1.810783696,400627.3734,4586474.062,EDAR SANT SADURNÍ D'ANOIA,ES9082400005010E,,,no,llobregat
757,pt1520,pt018,41.39221316,1.118514295,342702.2841,4584005.953,,,,,yes,sud
758,pt1522,pt020,41.31047003,1.801570624,399683.7316,4573915.741,,,,,yes,sud
759,pt1524,pt022,41.33064484,1.673690232,389013.3204,4576311.259,EDAR VILAFRANCA DEL PENEDÈS,ES9083050005010E,72,,no,sud
760,pt1526,pt024,41.39974149,1.099194398,341105.3518,4584877.05,,,,,yes,sud
761,pt1528,pt026,41.34053023,1.680430043,389594.023,4577400.13,,,73,,no,sud
762,pt1530,pt028,41.40397536,1.199801195,349525.5402,4585167.416,,,581,,no,sud
763,pt1532,pt299,41.41808943,1.776142356,397723.8601,4585893.33,,,135,,no,llobregat
764,pt1534,pt030,41.34900852,1.678523517,389448.8474,4578343.819,,,,,yes,sud
765,pt1536,pt032,41.27051792,1.237270536,352356.4656,4570286.168,EDAR VALLS POBLE,ES9431610004010E,38,,no,sud
766,pt1538,pt034,41.3401742,1.828787752,402006.5422,4577182.356,,,89,,no,sud
767,pt1540,pt036,41.2894614,1.732605203,393876.7051,4571665.406,,,83,,no,sud
768,pt1542,pt301,41.39904804,1.768684718,397070.5696,4583788.178,,,136,,no,llobregat
769,pt1544,pt303,41.28471443,2.05515304,420879.3783,4570794.308,,,,,yes,llobregat
770,pt1546,pt305,41.39988164,1.988360465,415435.2909,4583642.995,,,104,,no,llobregat
771,pt1548,pt038,41.39337877,1.61511119,384222.5235,4583352.63,,,,,yes,sud
772,pt1550,pt040,41.34623319,1.846031785,403458.2988,4577835.679,,,93,,no,sud
773,pt1552,pt042,41.33659099,1.862684572,404837.4676,4576746.807,,,90,,no,sud
774,pt1554,pt307,41.41334739,1.958621579,412967.3047,4585167.416,,,105,,no,llobregat
775,pt1556,pt309,41.49638514,1.59030865,382335.2399,4594822.079,,,148,,no,llobregat
776,pt1558,pt311,41.48239063,1.929694473,410644.4941,4592862.11,EDAR MARTORELL,ES9081140002010E,169,,no,llobregat
777,pt1560,pt044,41.40676059,1.12851533,343573.338,4585602.965,,,47,,no,sud
778,pt1562,pt313,41.41142647,1.705050917,391771.658,4585240.007,,,139,,no,llobregat
779,pt1564,pt046,41.33754076,1.893031141,407378.0417,4576819.399,EDAR BEGUES,ES9080200001040E,,,no,sud
780,pt1566,pt315,41.42765521,2.024415681,418483.9798,4586691.836,,,108,,no,llobregat
781,pt1568,pt317,41.38262489,2.03463839,419282.446,4581683.026,EDAR SANT FELIU DE LLOBREGAT,ES9082110001010E,,,no,llobregat
782,pt1570,pt319,41.48600094,1.896594191,407886.1565,4593297.659,,,170,,no,llobregat
783,pt1572,pt048,41.28562325,1.57231797,380447.9563,4571447.631,,,,,yes,sud
784,pt1574,pt050,41.29691425,1.504734369,374810.03,4572796.431,,,,,yes,sud
785,pt1576,pt052,41.42234871,1.631868451,385674.2801,4586546.653,,,,,yes,sud
786,pt1578,pt321,41.46970265,1.835151967,402732.4205,4591555.464,EDAR SANT LLORENÇ D'HORTONS,ES9082220003010E,,,no,llobregat
787,pt1580,pt054,41.33246799,1.90959859,408757.2105,4576238.667,,,91,,no,sud
788,pt1582,pt323,41.35669423,1.98469065,415072.3518,4578851.959,,,,,yes,llobregat
789,pt1584,pt056,41.41386078,1.52695576,376891.1526,4585748.147,,,597,,no,sud
790,pt1586,pt058,41.35811872,1.402633858,366386.5941,4579743.735,,,,,yes,sud
791,pt1588,pt325,41.37960448,1.915756174,409337.9131,4581465.252,,,107,,no,llobregat
792,pt1590,pt060,41.30174476,1.569119563,380209.6221,4573241.846,,,,,yes,sud
793,pt1592,pt062,41.32011261,1.427285607,368372.1624,4575486.537,,,,,yes,sud
794,pt1594,pt064,41.32948286,1.52281568,376385.474,4576386.286,,,,,yes,sud
795,pt1596,pt066,41.38643905,1.834034955,402514.657,4582312.74,,,,,yes,sud
796,pt1598,pt327,41.39522688,2.056159185,421097.1418,4583062.264,,,99,,no,llobregat
797,pt1600,pt329,41.40514883,1.916200014,409410.5009,4584300.712,,,,,yes,llobregat
798,pt1602,pt068,41.42265213,1.587248323,381946.1262,4586640.218,,,,,yes,sud
799,pt1604,pt070,41.40392814,1.326584543,360123.3635,4584949.641,,,,,yes,sud
800,pt1606,pt072,41.42889674,1.551354983,378958.289,4587383.072,,,,,yes,sud
801,pt1608,pt331,41.4760579,1.53337224,377544.443,4592644.336,,,,,yes,llobregat
802,pt1610,pt333,41.48585058,1.815733956,401135.4882,4593370.25,EDAR MASQUEFA,ES9081190002010E,131,,no,llobregat
803,pt1612,pt074,41.23407827,1.336987511,360631.4784,4566075.864,,,,,yes,sud
804,pt1614,pt076,41.25921428,1.357144778,362373.5863,4568834.339,,,55,,no,sud
805,pt1616,pt078,41.26171282,1.395207633,365567.4509,4569052.113,,,54,,no,sud
806,pt1618,pt080,41.13773361,1.233912528,351775.763,4555550.103,,,25,,no,sud
807,pt1620,pt082,41.14888446,1.236208226,351993.5265,4556784.158,,,27,,no,sud
808,pt1622,pt084,41.15800826,1.234233366,351848.3508,4557800.438,,,26,,no,sud
809,pt1624,pt086,41.19591646,1.233214719,351848.3508,4562010.742,,,,,yes,sud
810,pt1626,pt088,41.22108548,1.211754701,350106.2428,4564841.809,,,,,yes,sud
811,pt1628,pt090,41.23571627,1.663484999,387997.0907,4565785.498,,,,,yes,sud
812,pt1630,pt092,41.25457491,1.547002222,378270.3213,4568035.833,EDAR RIERA DE LA BISBAL,ES9431400003010E,66,,no,sud
813,pt1632,pt094,41.26452175,1.558046661,379213.9632,4569124.705,,,582,,no,sud
814,pt1634,pt096,41.23334309,1.243466461,352791.9926,4566148.455,,,,,yes,sud
815,pt1636,pt098,41.2824599,1.75007632,395328.4617,4570866.9,,,82,,no,sud
816,pt1638,pt100,41.27374914,1.563910186,379722.078,4570140.985,EDAR LLORENÇ DEL PENEDÈS,ES9430740001020E,,,no,sud
817,pt1640,pt102,41.12387154,1.063082298,337403.3724,4554316.048,EDAR RIUDOMS,ES9431290001010E,,,no,sud
818,pt1642,pt104,41.10314418,1.195942295,348509.3106,4551775.347,,,24,,no,sud
819,pt1644,pt106,41.19870289,1.244393188,352791.9926,4562301.108,,,580,,no,sud
820,pt1646,pt108,41.12306467,1.173780482,346694.6148,4554025.682,,,23,,no,sud
821,pt1648,pt110,41.13413427,1.170879044,346476.8513,4555259.737,,,22,,no,sud
822,pt1650,pt112,41.21390653,1.255242684,353735.6344,4563970.712,,,30,,no,sud
823,pt1652,pt114,41.13242626,1.145848174,344371.8042,4555114.554,,,18,,no,sud
824,pt1654,pt116,41.21812595,1.148624607,344807.3312,4564624.035,"EDAR SELVA DEL CAMP, LA",ES9431450003010E,33,,no,sud
825,pt1656,pt118,41.14588481,1.169687498,346404.2634,4556566.383,,,21,,no,sud
826,pt1658,pt120,41.13890616,1.142206222,344081.4528,4555840.469,,,17,,no,sud
827,pt1660,pt122,41.18563472,1.004142265,332612.5755,4561284.828,,,9,,no,sud
828,pt1662,pt124,41.22646873,1.264434864,354534.1005,4565349.949,,,29,,no,sud
829,pt1664,pt126,41.15154748,0.999121738,332104.4607,4557510.072,,,7,,no,sud
830,pt1666,pt128,41.15694045,1.16591952,346113.9121,4557800.438,,,20,,no,sud
831,pt1668,pt130,41.20306856,0.991492807,331596.3459,4563244.797,EDAR ALFORJA,ES9430090001010E,,,no,sud
832,pt1670,pt132,41.14260724,0.937121481,326878.1369,4556638.975,,,3,28,no,sud
833,pt1672,pt134,41.19582488,1.359596731,362446.1741,4561792.968,,,,,yes,sud
834,pt1674,pt136,41.11245688,1.007225517,332685.1633,4553154.585,EDAR MONTBRIÓ DEL CAMP,ES9430880001010E,5,,no,sud
835,pt1676,pt138,41.14871452,1.102140138,340742.4126,4557001.932,,,15,,no,sud
836,pt1678,pt140,41.1632715,0.987305277,331142.9799,4558834.558,,,,,yes,sud
837,pt1680,pt142,41.20945651,0.96910808,329735.9571,4563997.608,,,,,yes,sud
838,pt1682,pt144,41.21928256,1.308786942,358236.0799,4564478.852,,,53,,no,sud
839,pt1684,pt146,41.25758446,1.587874992,381700.0968,4568313.481,"EDAR ARBOÇ, L' (GORNAL)",ES9080580004010E,65,,no,sud
840,pt1686,pt148,41.45436569,1.200979646,349740.3218,4590759.94,,,,,yes,sud
841,pt1688,pt150,41.43124172,1.098096617,341090.4051,4588376.387,,,,,yes,sud
842,pt1690,pt152,41.2290427,1.096354132,340452.0613,4565930.681,,,,,yes,sud
843,pt1692,pt154,41.24149301,1.284826479,356276.2085,4566984.023,,,,,yes,sud
844,pt1694,pt156,40.88950181,0.725305045,308368.2399,4528981.631,"EDAR PERELLÓ, EL",ES9431040002020E,,,no,sud
845,pt1696,pt158,40.99740644,0.753527615,311053.9896,4540899.824,,,,,yes,sud
846,pt1698,pt160,40.98390919,0.791075382,314174.3621,4539320.748,,,,,yes,sud
847,pt1700,pt162,41.13384351,0.959015503,328692.8326,4555622.694,,,,15,no,sud
848,pt1702,pt164,41.13823461,0.912178479,324773.0897,4556203.426,,,,,yes,sud
849,pt1704,pt166,41.19813973,1.047043605,336241.9671,4562591.474,,,,,yes,sud
850,pt1706,pt168,41.14851439,1.090036229,339726.183,4557001.932,,,14,,no,sud
851,pt1708,pt170,41.12933514,1.116534495,341903.8179,4554824.188,EDAR REUS,ES9431230006010E,,,no,sud
852,pt1710,pt172,41.11832476,1.163536886,345823.5608,4553517.542,,,19,,no,sud
853,pt1712,pt174,41.12907772,1.023152115,334064.3321,4554969.371,,,6,,no,sud
854,pt1714,pt176,41.16043156,1.021344793,333991.7443,4558453.761,,,8,,no,sud
855,pt1716,pt178,41.16289492,1.11917103,342205.6412,4558545.226,,,16,,no,sud
856,pt1718,pt180,41.16978616,1.234782352,351920.9386,4559107.084,,,28,,no,sud
857,pt1720,pt182,41.18153752,1.233601331,351848.3508,4560413.73,"EDAR POBLA DE MAFUMET, LA",ES9431090001010E,31,,no,sud
858,pt1722,pt184,41.21562739,1.197183632,348872.2497,4564261.077,,,32,,no,sud
859,pt1724,pt186,41.21094895,1.232810234,351848.3508,4563680.346,,,,,yes,sud
860,pt1726,pt188,41.26082901,1.16128215,345968.7365,4569342.479,,,35,,no,sud
861,pt1728,pt190,41.39276642,1.279118594,356131.0328,4583788.178,,,51,,no,sud
862,pt1730,pt192,41.27848005,1.244856583,353009.7561,4571157.265,,,39,,no,sud
863,pt1732,pt194,41.33986496,1.28311486,356348.7963,4577908.271,"EDAR PLA DE SANTA MARIA, EL",ES9431080001010E,40,,no,sud
864,pt1734,pt196,41.30539275,1.127082394,343210.3989,4574351.289,,,,,yes,sud
865,pt1736,pt198,41.33369032,1.17918498,347638.2566,4577400.13,,,,,yes,sud
866,pt1738,pt200,41.37745065,1.176228639,347493.0809,4582263.758,,,,,yes,sud
867,pt1740,pt202,41.42581311,1.216571133,350977.2968,4587562.934,,,,,yes,sud
868,pt1742,pt204,41.47736353,1.278620781,356276.2085,4593181.332,,,,,yes,sud
869,pt1744,pt206,41.42016422,1.189799656,348727.074,4586982.202,EDAR SOLIVELLA,ES9431470001010E,,,no,sud
870,pt1746,pt208,41.38831473,1.080428034,339508.4195,4583642.995,,,,,yes,sud
871,pt1748,pt210,41.39789937,1.067123546,338419.7502,4584731.867,,,44,,no,sud
872,pt1750,pt212,41.39419143,1.041184835,336241.9671,4584368.91,,,,,yes,sud
873,pt1752,pt214,41.19124946,1.359710975,362446.1741,4561284.828,,,52,,no,sud
874,pt1754,pt216,41.21914482,1.344293329,361212.181,4564406.26,,,,,yes,sud
875,pt1756,pt218,41.26508451,1.356131085,362300.9985,4569487.662,,,,,yes,sud
876,pt1758,pt220,41.30210457,1.384680305,364768.9847,4573552.783,,,,,yes,sud
877,pt1760,pt222,41.34293919,1.35937955,362736.5255,4578126.045,,,59,,no,sud
878,pt1762,pt224,41.4761006,1.389929439,365567.4509,4592862.11,,,,,yes,sud
879,pt1764,pt226,41.24176166,1.568075741,380012.4293,4566584.004,EDAR BELLVEI,ES9430240002010E,,,no,sud
880,pt1766,pt228,41.2706636,1.526713338,376600.8012,4569850.619,,,64,,no,sud
881,pt1768,pt230,41.2785769,1.638342548,385964.6315,4570576.534,,,,,yes,sud
882,pt1770,pt232,41.27254944,1.626334795,384948.4018,4569923.211,,,,,yes,sud
883,pt1772,pt234,41.39073714,1.458804698,371149.6147,4583280.038,,,,,yes,sud
884,pt1774,pt236,41.32603887,1.671181586,388795.5569,4575803.118,,,,,yes,sud
885,pt1776,pt238,41.39210306,1.673309848,389085.9082,4583134.855,,,75,,no,sud
886,pt1778,pt240,41.25908436,1.765252184,396562.4548,4568253.607,,,,,yes,sud
887,pt1780,pt242,41.29680563,1.872912771,405635.9337,4572318.729,,,81,,no,sud
888,pt1782,pt244,41.31618755,1.725149738,393296.0024,4574641.655,,,84,,no,sud
889,pt1784,pt246,41.34025943,1.714269788,392424.9484,4577327.539,,,85,,no,sud
890,pt1786,pt248,41.2984842,1.780982191,397941.6236,4572609.094,,,86,,no,sud
891,pt1788,pt250,41.31293971,1.787650392,398522.3263,4574206.106,,,87,,no,sud
892,pt1790,pt335,41.348722,2.046419123,420226.0878,4577908.271,,,94,,no,llobregat
893,pt1792,pt337,41.35657467,2.047172286,420298.6756,4578779.368,,,,,yes,llobregat
894,pt1794,pt339,41.38749451,2.070162026,422258.5471,4582191.166,,,98,,no,llobregat
895,pt1796,pt341,41.4066306,2.012572099,417467.7502,4584368.91,,,103,,no,llobregat
896,pt1798,pt343,41.4359,1.994751986,416015.9936,4587635.525,,,111,,no,llobregat
897,pt1800,pt345,41.3978744,1.983181655,414999.7639,4583425.221,,,,,yes,llobregat
898,pt1802,pt347,41.47290257,1.964623476,413548.0073,4591773.238,,,596,,no,llobregat
899,pt1804,pt349,41.46147265,2.003048844,416741.8719,4590466.592,EDAR RUBÍ,ES9081840001010E,112,,no,llobregat
900,pt1806,pt351,41.46879124,2.017714309,417975.865,4591265.098,,,583,,no,llobregat
901,pt1808,pt353,41.49176187,2.027802279,418846.919,4593805.799,,,113,,no,llobregat
902,pt1810,pt355,41.59306587,2.02279988,418556.5677,4605057.474,,,116,,no,llobregat
903,pt1812,pt357,41.42635227,1.815947172,401062.9003,4586764.428,,,,,yes,llobregat
904,pt1814,pt359,41.39265333,1.721920222,393150.8267,4583134.855,,,138,,no,llobregat
905,pt1816,pt361,41.45868957,1.664131441,388432.6177,4590539.183,,,,,yes,llobregat
906,pt1818,pt363,41.47441413,1.611648763,384077.3478,4592353.97,,,147,,no,llobregat
907,pt1820,pt365,41.48301898,1.7340571,394312.232,4593152.476,,,150,,no,llobregat
908,pt1822,pt367,41.5120866,1.702176691,391699.0701,4596419.091,,,151,,no,llobregat
909,pt1824,pt369,41.55038669,1.677911383,389739.1987,4600701.987,,,,17,no,llobregat
910,pt1826,pt371,41.52028034,1.566301692,380375.3685,4597507.963,,,,,yes,llobregat
911,pt1828,pt373,41.58770655,1.682375274,390174.7257,4604839.7,,,159,,no,llobregat
912,pt1830,pt375,41.56885531,1.635746208,386254.9828,4602807.139,,,,,yes,llobregat
913,pt1832,pt377,41.63580023,1.655218117,387994.3423,4610214.216,,,,,yes,llobregat
914,pt1834,pt379,41.58705048,1.57266276,381028.6589,4604912.291,,,164,,no,llobregat
915,pt1836,pt381,41.59719251,1.547181051,378923.6118,4606073.754,,,,,yes,llobregat
916,pt1838,pt383,41.58937597,1.498587815,374858.6933,4605275.248,,,165,,no,llobregat
917,pt1840,pt385,41.55660947,1.492851201,374317.0237,4601645.676,,,,,yes,llobregat
918,pt1842,pt387,41.71722785,1.526155931,377399.2674,4619430.582,EDAR CALAF,ES9080310001010E,,,no,llobregat
919,pt1844,pt389,41.48438419,1.933139567,410934.8454,4593079.884,,,,,yes,llobregat
920,pt1846,pt391,41.51254379,1.937896404,411370.3724,4596201.317,,,,,yes,llobregat
921,pt1848,pt393,41.54059853,1.931345849,410862.2576,4599322.749,,,173,,no,llobregat
922,pt1850,pt395,41.58065501,1.983802439,415290.1153,4603717.121,,,,,yes,llobregat
923,pt1852,pt397,41.56869227,1.796810112,399683.7316,4602589.365,,,184,,no,llobregat
924,pt1854,pt399,41.50872197,1.8144474,401062.9003,4595910.951,,,177,,no,llobregat
925,pt1856,pt401,41.61299135,1.84477418,403748.6501,4607452.992,,,601,,no,llobregat
926,pt1858,pt403,41.64647891,1.858994142,404982.6432,4611155.156,,,195,,no,llobregat
927,pt1860,pt405,41.71485567,1.831608316,402805.0083,4618777.259,,,211,,no,llobregat
928,pt1862,pt407,41.72705668,1.748477348,395909.1643,4620229.088,,,209,,no,llobregat
929,pt1864,pt409,41.69405499,1.607807223,384149.9357,4616744.698,,,,,yes,llobregat
930,pt1866,pt411,41.7686601,1.78696741,399175.6167,4624802.349,,,214,,no,llobregat
931,pt1868,pt413,41.76008364,1.662264091,388795.5569,4624003.843,,,,,yes,llobregat
932,pt1870,pt415,41.79659201,1.769840883,397796.4479,4627923.782,,,215,,no,llobregat
933,pt1872,pt417,41.80761063,1.760891806,397070.5696,4629157.836,,,,,yes,llobregat
934,pt1874,pt419,41.82324213,1.755346189,396635.0426,4630900.031,EDAR SÚRIA,ES9082740001010E,219,,no,llobregat
935,pt1876,pt421,41.83226026,1.742933197,395618.813,4631916.312,,,220,,no,llobregat
936,pt1878,pt423,41.84439962,1.717340082,393513.7659,4633295.549,,,221,,no,llobregat
937,pt1880,pt425,41.8721901,1.577687878,381970.7302,4636563.735,,,,,yes,llobregat
938,pt1882,pt427,41.85680939,1.716217612,393441.1781,4634674.787,,,,,yes,llobregat
939,pt1884,pt429,41.91806568,1.698359147,392062.0093,4641498.383,EDAR CARDONA,ES9080470002010E,,,no,llobregat
940,pt1886,pt431,41.93538446,1.726900771,394457.4077,4643385.761,,,,,yes,llobregat
941,pt1888,pt433,41.91973607,1.672939938,389956.9622,4641716.158,,,,24,no,llobregat
942,pt1890,pt435,41.93245057,1.642032947,387416.3881,4643167.987,,,,,yes,llobregat
943,pt1892,pt437,41.94345283,1.578750849,382190.0642,4644474.633,,,233,,no,llobregat
944,pt1894,pt439,41.95351596,1.546998062,379576.9023,4645636.096,,,232,,no,llobregat
945,pt1896,pt441,41.97848048,1.609513674,384803.2262,4648321.98,,,,10,no,llobregat
946,pt1898,pt443,42.16660092,1.595734611,384004.76,4669228.319,,,237,,no,llobregat
947,pt1900,pt445,42.18123075,1.562889746,381319.0103,4670897.922,,,238,,no,llobregat
948,pt1902,pt447,42.215427,1.688751833,391771.658,4674527.495,,,,,yes,llobregat
949,pt1904,pt449,41.72046071,1.869030675,405926.285,4619357.99,,,241,,no,llobregat
950,pt1906,pt451,41.66688292,1.928224514,410776.0595,4613346.511,,,,,yes,llobregat
951,pt1908,pt453,41.73772038,1.895787266,408176.5078,4621245.368,,,,,yes,llobregat
952,pt1910,pt455,41.81350127,1.959156131,413548.0073,4629593.385,,,252,,no,llobregat
953,pt1912,pt457,41.85147797,2.06259818,422185.9592,4633710.934,,,,,yes,llobregat
954,pt1914,pt459,41.83711407,1.96751594,414273.8856,4632206.677,,,253,,no,llobregat
955,pt1916,pt461,41.85022766,1.971677148,414636.8248,4633658.507,EDAR AVINYÓ,ES9080120001010E,,,no,llobregat
956,pt1918,pt463,41.87841552,1.979973327,415362.7031,4636779.939,,,,,yes,llobregat
957,pt1920,pt465,41.95473108,2.034811243,420008.3243,4645200.548,,,,,yes,llobregat
958,pt1922,pt467,42.08268861,2.065630581,422717.6549,4659379.463,,,261,,no,llobregat
959,pt1924,pt469,41.97501705,2.022239281,418992.0947,4647464.71,,,,,yes,llobregat
960,pt1926,pt471,41.82919763,1.88984585,407813.5687,4631408.172,,,,,yes,llobregat
961,pt1928,pt473,41.88706789,1.857347512,405200.4067,4637868.811,,,,,yes,llobregat
962,pt1930,pt475,41.89326021,1.888737089,407813.5687,4638522.134,EDAR NAVÀS,ES9080180002010E,263,,no,llobregat
963,pt1932,pt477,41.92198881,1.88473713,407523.2173,4641716.158,,,,,yes,llobregat
964,pt1934,pt479,41.98390884,1.824949063,402659.8326,4648657.378,,,,,yes,llobregat
965,pt1936,pt481,42.0223401,1.989950776,416378.9327,4652750.059,,,,8,no,llobregat
966,pt1938,pt483,42.16411513,2.055360577,421968.1957,4668429.813,,,,,yes,llobregat
967,pt1940,pt485,41.99458218,1.886976074,407813.5687,4649773.809,,,585,,no,llobregat
968,pt1942,pt487,42.00242638,1.88683936,407813.5687,4650644.907,,,267,,no,llobregat
969,pt1944,pt489,42.01943062,1.887419539,407886.1565,4652532.284,EDAR GIRONELLA,ES9080920002010E,,,no,llobregat
970,pt1946,pt491,42.01633916,1.905883818,409410.5009,4652169.327,,,,,yes,llobregat
971,pt1948,pt493,42.05903545,1.807951331,401367.9237,4657018.282,,,,,yes,llobregat
972,pt1950,pt495,42.03766543,1.880085671,407305.4538,4654564.845,,,,23,no,llobregat
973,pt1952,pt497,42.12068187,1.87862484,407305.4538,4663783.96,,,274,,no,llobregat
974,pt1954,pt499,42.15320557,1.797754846,400671.3677,4667486.124,,,,,yes,llobregat
975,pt1956,pt501,42.16852893,1.962143432,414273.8856,4669009.327,,,,,yes,llobregat
976,pt1958,pt503,42.21408649,1.869938486,406724.7512,4674164.537,,,,,yes,llobregat
977,pt1960,pt505,42.21473148,1.869047563,406652.1634,4674237.129,,,278,,no,llobregat
978,pt1962,pt507,42.23178197,1.748229917,396707.6305,4676269.69,,,588,,no,llobregat
979,pt1964,pt509,42.25700855,1.847172103,404910.0554,4678955.573,,,280,,no,llobregat
980,pt1966,pt511,42.23458985,1.89420434,408757.2105,4676414.872,,,,,yes,llobregat
981,pt1968,pt513,42.24449296,1.974976613,415435.2909,4677431.153,EDAR POBLA DE LILLET,ES9081660001010E,,,no,llobregat
982,pt1970,pt515,42.24823589,2.029469387,419935.7365,4677794.11,,,,,yes,llobregat
983,pt1972,pt517,42.26223606,1.985250287,416306.3449,4679391.122,,,,,yes,llobregat
984,pt1974,pt252,41.0194488,0.826797929,317277.9586,4543190.97,,,1,,no,sud
985,pt1976,pt254,41.1680338,1.045342456,336024.2036,4559252.267,,,11,,no,sud
986,pt1978,pt256,41.10197048,1.122502988,342339.3449,4551775.347,,,13,,no,sud
987,pt1980,pt258,41.37094267,1.178146319,347638.2566,4581537.843,EDAR MONTBLANC,ES9430860003010E,,,no,sud
988,pt1982,pt260,41.16696633,1.353394967,361865.4715,4558598.944,,,,,yes,sud
989,pt1984,pt262,41.22103943,1.53215759,376963.7404,4564333.669,,,61,,no,sud
990,pt1986,pt264,41.27427255,1.502365644,374568.342,4570286.168,,,63,,no,sud
991,pt1988,pt266,41.3803884,1.622331465,384803.2262,4581900.8,,,79,,no,sud
992,pt1990,pt268,41.34554955,1.662108788,388069.6786,4577980.862,,,,,yes,sud
993,pt1992,pt519,41.33135602,2.003300414,416596.6962,4576020.893,,,,,yes,llobregat
994,pt1994,pt521,41.3919294,2.052733901,420806.7904,4582699.306,,,100,,no,llobregat
995,pt1996,pt523,41.67128543,1.855068204,404692.2919,4613913.631,,,197,,no,llobregat
996,pt1998,pt525,41.68929871,1.647518943,387446.291,4616163.966,,,,,yes,llobregat
997,pt2000,pt527,41.74808379,1.588307071,382625.5912,4622769.789,,,210,,no,llobregat
998,pt2002,pt529,42.11109607,1.746593399,396375.7517,4662871.333,,,,,yes,llobregat
999,pt2004,pt531,41.77086292,2.017485955,418338.8042,4624802.349,,,247,,no,llobregat
1000,pt2006,pt533,41.91942842,2.099421111,425321.8499,4641222.632,,,,,yes,llobregat
1001,pt2008,pt535,41.86211904,1.985479858,415798.2301,4634965.153,,,,,yes,llobregat
1002,pt2010,pt270,41.26506284,1.222686383,351122.4725,4569705.436,,,,,yes,sud
1003,pt2012,pt272,41.39894277,1.051461607,337113.0211,4584877.05,,,43,,no,sud
1004,pt2014,pt274,41.07181934,1.001541867,332104.4607,4548653.915,EDAR MONT-ROIG DEL CAMP (POBLE),ES9430920002010E,2,,no,sud
1005,pt2016,pt276,41.06284938,1.012179693,332975.5147,4547637.635,,,4,,no,sud
1006,pt2018,pt278,41.36087111,1.806721095,400191.8464,4579505.283,,,92,,no,sud
1007,pt2020,pt537,41.39953345,1.753045497,395763.9887,4583860.77,,,141,,no,llobregat
1008,pt2022,pt539,41.39555456,1.747911856,395328.4617,4583425.221,,,137,,no,llobregat
1009,pt2024,pt541,41.86513428,1.887475091,407668.393,4635400.701,,,,,yes,llobregat
1010,pt2026,pt543,42.10679878,1.570717818,381827.1251,4662622.496,,,,12,no,llobregat
1011,pt2028,pt545,41.77033676,2.113560448,426323.4656,4624657.166,,,,,yes,llobregat
1012,pt2030,pt547,42.24242118,1.764735901,398086.7993,4677431.153,,,587,,no,llobregat
1013,pt2032,pt280,41.18975433,1.545218244,378000.4242,4560842.048,,,60,,no,sud
1014,pt2034,pt282,41.51933119,1.438443633,369704.9573,4597587.478,,,,,yes,sud
1015,pt2036,pt284,41.52002582,1.398410134,366365.917,4597725.737,EDAR SANTA COLOMA DE QUERALT,ES9431390004010E,,,no,sud
1016,pt2038,pt549,42.02628614,1.562878073,381028.6589,4653693.748,,,,9,no,llobregat
1017,pt2040,pt551,42.08816591,2.092473126,424944.2968,4659963.699,,,,,yes,llobregat
1018,pt2042,pt286,41.26699185,1.495599538,373987.6393,4569487.662,,,62,,no,sud
1019,pt2044,pt288,41.28448248,1.479595482,372681.0583,4571452.816,,,,,yes,sud
1020,pt2046,pt553,41.52929718,1.911520113,409192.7374,4598088.695,,,,,yes,llobregat
1021,pt2048,pt555,41.97947042,1.531513244,378342.9092,4648539.754,,,,,yes,llobregat
1022,pt2050,pt290,41.04734536,0.876191659,321506.6373,4546185.806,,,,,yes,sud
1023,pt2052,pt292,41.3650882,1.180045378,347783.4322,4580884.52,,,,,yes,sud
1024,pt2054,pt557,41.92748841,1.664900126,389303.6717,4642587.255,,,225,,no,llobregat
1025,pt2056,pt559,42.03544749,1.56354859,381101.2468,4654710.028,,,,,yes,llobregat
1026,pt2058,pt561,42.04805557,1.872886209,406724.7512,4655726.308,,,,,yes,llobregat
1027,pt2060,pt563,41.88278412,1.887168938,407668.393,4637360.671,,,257,,no,llobregat
1028,pt2062,pt294,41.1070824,1.075677959,338419.602,4552428.67,,,10,,no,sud
1029,pt2064,pt296,41.04860453,0.873560205,321288.8738,4546330.988,,,,,yes,sud
1030,pt2066,pt298,41.22972732,1.032246862,335080.5618,4566126.377,,,12,,no,sud
1031,pt2068,pt300,41.23023503,1.089391097,339871.3586,4566075.864,,,34,,no,sud
1032,pt2070,pt302,41.26306196,1.220141161,350904.709,4569487.662,,,37,,no,sud
1033,pt2072,pt304,41.25641967,1.171802718,346839.7904,4568834.339,EDAR ALCOVER,ES9430050001010E,,,no,sud
1034,pt2074,pt306,41.27778661,1.28560981,356421.3842,4571012.082,,,49,,no,sud
1035,pt2076,pt308,41.27695053,1.107095771,341468.2909,4571229.857,,,36,,no,sud
1036,pt2078,pt310,41.26555504,1.129954628,343355.5745,4569923.211,,,,,yes,sud
1037,pt2080,pt312,41.30579238,1.192967455,348727.074,4574278.698,,,41,,no,sud
1038,pt2082,pt314,41.29290571,1.024601232,334599.2906,4573155.186,,,,,yes,sud
1039,pt2084,pt316,41.35649586,1.174210686,347275.3174,4579940.831,,,,16,no,sud
1040,pt2086,pt318,41.39064514,1.183673505,348146.3714,4583715.587,,,46,,no,sud
1041,pt2088,pt320,41.44256643,1.24304776,353227.5196,4589377.72,,,48,,no,sud
1042,pt2090,pt322,41.393506,1.11760878,342629.6962,4584151.136,"EDAR ESPLUGA DE FRANCOLÍ, L'",ES9430540002010E,,,no,sud
1043,pt2092,pt324,41.37142232,1.047943716,336750.0819,4581828.209,,,,,yes,sud
1044,pt2094,pt326,41.37751248,0.992872617,332159.9261,4582609.592,,,,,yes,sud
1045,pt2096,pt328,41.22542254,1.371847186,363534.9916,4565059.583,,,,,yes,sud
1046,pt2098,pt330,41.19537685,1.328445948,359833.0122,4561792.968,,,,,yes,sud
1047,pt2100,pt332,41.28999624,1.360706924,362736.5255,4572246.137,,,57,,no,sud
1048,pt2102,pt334,41.3022259,1.393347566,365494.8631,4573552.783,,,56,,no,sud
1049,pt2104,pt336,41.40588772,1.326451069,360116.4104,4585167.416,,,,,yes,sud
1050,pt2106,pt338,41.29409964,1.57039928,380302.7806,4572391.32,EDAR SANT JAUME DELS DOMENYS (CORNUDELLA),ES9431370002010E,,,no,sud
1051,pt2108,pt340,41.25583995,1.650944865,386980.8611,4568035.833,,,,,yes,sud
1052,pt2110,pt342,41.28711601,1.641632356,386254.9828,4571520.223,,,69,,no,sud
1053,pt2112,pt344,41.2848243,1.613942058,383932.1722,4571302.448,,,68,,no,sud
1054,pt2114,pt346,41.38445539,1.63439943,385819.4558,4582336.349,,,77,,no,sud
1055,pt2116,pt348,41.35089974,1.672411466,388940.7325,4578561.594,,,74,,no,sud
1056,pt2118,pt350,41.43708103,1.606362969,383569.233,4588216.257,,,76,,no,sud
1057,pt2120,pt352,41.39401154,1.613361245,384077.3478,4583425.221,,,78,,no,sud
1058,pt2122,pt354,41.41505657,1.518243414,376165.2742,4585893.33,,,80,,no,sud
1059,pt2124,pt356,41.41748009,1.503422729,374931.2811,4586183.696,,,,,yes,sud
1060,pt2126,pt358,41.41809982,1.500802784,374713.5176,4586256.288,,,,,yes,sud
1061,pt2128,pt360,41.26440688,1.773817348,397288.3331,4568834.339,,,,,yes,sud
1062,pt2130,pt362,41.31703451,1.804052098,399901.4951,4574641.655,,,88,,no,sud
1063,pt2132,pt565,41.33737993,2.099503405,424653.9455,4576601.624,,,97,,no,llobregat
1064,pt2134,pt567,41.35199095,2.046371417,420226.0878,4578271.228,,,,14,no,llobregat
1065,pt2136,pt569,41.38710614,2.023285749,418338.8042,4582191.166,,,102,,no,llobregat
1066,pt2138,pt571,41.35205634,1.977821013,414491.6491,4578343.819,,,101,,no,llobregat
1067,pt2140,pt573,41.38772397,1.945139599,411805.8994,4582336.349,,,106,,no,llobregat
1068,pt2142,pt575,41.43454613,2.06688437,422040.7836,4587417.751,EDAR VALLVIDRERA,ES9082050005010E,109,,no,llobregat
1069,pt2144,pt577,41.41971359,2.013242554,417540.338,4585820.739,,,598,,no,llobregat
1070,pt2146,pt579,41.51994718,2.036080082,419572.7973,4596927.231,EDAR TERRASSA,ES9082790004050E,114,,no,llobregat
1071,pt2148,pt581,41.46816847,1.947313614,412096.2507,4591265.098,,,119,,no,llobregat
1072,pt2150,pt583,41.47358977,1.831605062,402442.0691,4591991.012,,,130,,no,llobregat
1073,pt2152,pt585,41.43154631,1.812377724,400772.549,4587345.159,,,134,,no,llobregat
1074,pt2154,pt587,41.44133366,1.74876997,395473.6373,4588506.623,EDAR RIUDEBITLLES,ES9082870007010E,,,no,llobregat
1075,pt2156,pt589,41.44687258,1.717380749,392860.4754,4589159.946,,,145,,no,llobregat
1076,pt2158,pt591,41.52374469,1.692373807,390900.604,4597725.737,EDAR VALLBONA D'ANOIA,ES9080440001010E,152,,no,llobregat
1077,pt2160,pt593,41.46198459,1.487624055,373697.288,4591147.653,,,,,yes,llobregat
1078,pt2162,pt595,41.56392265,1.661095363,388360.0299,4602226.407,,,158,,no,llobregat
1079,pt2164,pt597,41.57203042,1.627843647,385601.6923,4603170.096,,,160,,no,llobregat
1080,pt2166,pt599,41.59583012,1.542856837,378560.6727,4605928.571,,,,,yes,llobregat
1081,pt2168,pt601,41.59822259,1.525383289,377108.916,4606218.937,,,166,,no,llobregat
1082,pt2170,pt603,41.52954127,1.937618415,411370.3724,4598088.695,,,175,,no,llobregat
1083,pt2172,pt605,41.50382582,1.914556036,409410.5009,4595257.628,EDAR ABRERA,ES9080010001010E,,,no,llobregat
1084,pt2174,pt607,41.50974231,1.917936461,409700.8523,4595910.951,,,172,,no,llobregat
1085,pt2176,pt609,41.53386514,1.910573391,409120.1496,4598596.835,,,186,,no,llobregat
1086,pt2178,pt611,41.57134395,1.864670614,405345.5824,4602807.139,,,188,,no,llobregat
1087,pt2180,pt613,41.59931564,1.850244216,404184.1771,4605928.571,EDAR MONISTROL DE MONTSERRAT,ES9081270001010E,190,,no,llobregat
1088,pt2182,pt615,41.61632977,1.851684547,404329.3528,4607815.949,,,,,yes,llobregat
1089,pt2184,pt617,41.62300538,1.865507434,405490.7581,4608541.864,EDAR CASTELLBELL I EL VILAR,ES9080530002010E,191,,no,llobregat
1090,pt2186,pt619,41.63913129,1.910352467,409249.2645,4610284.059,,,,,yes,llobregat
1091,pt2188,pt621,41.64789092,1.804925832,400482.1977,4611372.93,,,194,,no,llobregat
1092,pt2190,pt623,41.66025016,1.863110232,405345.5824,4612679.577,,,196,,no,llobregat
1093,pt2192,pt625,41.67911261,1.853185285,404547.1162,4614784.729,,,,18,no,llobregat
1094,pt2194,pt627,41.68222345,1.837431677,403240.5353,4615147.686,,,202,,no,llobregat
1095,pt2196,pt629,41.69484806,1.793589286,399611.1437,4616599.515,EDAR SANT SALVADOR DE GUARDIOLA,ES9080980004010E,,,no,llobregat
1096,pt2198,pt631,41.71261639,1.804600089,400554.7855,4618559.484,,,207,,no,llobregat
1097,pt2200,pt633,41.76631218,1.635936819,386617.9219,4624729.758,,,,,yes,llobregat
1098,pt2202,pt635,41.757665,1.737404983,395038.1104,4623640.886,,,213,,no,llobregat
1099,pt2204,pt637,41.81799664,1.80626936,400856.0453,4630257.617,,,,,yes,llobregat
1100,pt2206,pt639,41.81351255,1.762525861,397215.7453,4629811.16,,,217,,no,llobregat
1101,pt2208,pt641,41.90935749,1.799185729,400409.6099,4640409.512,,,218,,no,llobregat
1102,pt2210,pt643,41.84677256,1.639474856,387053.4489,4633658.507,,,222,,no,llobregat
1103,pt2212,pt645,41.80808951,1.614701959,384927.5704,4629396.443,,,,,yes,llobregat
1104,pt2214,pt647,41.87839527,1.668683704,389532.7791,4637131.552,,,,,yes,llobregat
1105,pt2216,pt649,41.89931662,1.717116611,393586.3537,4639393.231,,,223,,no,llobregat
1106,pt2218,pt651,42.04786023,1.729042717,394820.3469,4655871.491,,,,,yes,llobregat
1107,pt2220,pt653,42.02164144,1.76288168,397578.6845,4652919.302,,,,,yes,llobregat
1108,pt2222,pt655,41.96380848,1.755241643,396852.8061,4646507.194,,,,,yes,llobregat
1109,pt2224,pt657,41.9465959,1.67763728,390392.4892,4644692.407,,,224,,no,llobregat
1110,pt2226,pt659,41.96274055,1.605476313,384440.287,4646579.785,,,234,,no,llobregat
1111,pt2228,pt661,42.08185685,1.671321655,390102.1378,4659718.838,,,228,,no,llobregat
1112,pt2230,pt663,41.98464305,1.527013178,377979.97,4649120.486,EDAR SOLSONA,ES9252070001020E,,,no,llobregat
1113,pt2232,pt665,42.05575283,1.566599879,381391.5981,4656960.363,,,,,yes,llobregat
1114,pt2234,pt667,42.09976166,1.58316541,382843.3547,4661823.99,,,235,,no,llobregat
1115,pt2236,pt669,42.2255698,1.661275312,389521.4352,4675688.958,,,239,,no,llobregat
1116,pt2238,pt671,41.70163104,1.882446638,407015.1025,4617252.838,,,240,,no,llobregat
1117,pt2240,pt673,41.72389722,1.994223858,416344.4093,4619610.29,,,,,yes,llobregat
1118,pt2242,pt675,41.70125747,1.974829544,414701.3352,4617115.733,,,,,yes,llobregat
1119,pt2244,pt677,41.70936752,1.939897693,411805.8994,4618051.344,,,,,yes,llobregat
1120,pt2246,pt679,41.7948534,1.854618786,404837.4676,4627633.416,,,244,,no,llobregat
1121,pt2248,pt681,41.75868948,1.900666853,408612.0348,4623568.295,,,,,yes,llobregat
1122,pt2250,pt683,41.77245917,1.904798521,408974.974,4625092.715,,,245,,no,llobregat
1123,pt2252,pt685,41.76032578,1.93556657,411515.548,4623713.477,,,246,,no,llobregat
1124,pt2254,pt687,41.80229606,2.103508642,425524.9995,4628214.148,EDAR MOIÀ,ES9081380001010E,,,no,llobregat
1125,pt2256,pt689,41.81276154,2.023837119,418919.5068,4629448.202,,,250,,no,llobregat
1126,pt2258,pt691,41.84049593,2.056638494,421677.8444,4632497.043,,,251,,no,llobregat
1127,pt2260,pt693,41.89845092,2.109165588,426105.7021,4638885.091,,,,,yes,llobregat
1128,pt2262,pt695,41.89695542,2.119166714,426933.5932,4638710.482,,,,,yes,llobregat
1129,pt2264,pt697,41.95375631,2.000668568,417177.3989,4645124.754,,,,,yes,llobregat
1130,pt2266,pt699,42.00012003,2.068307785,422839.2497,4650209.358,,,259,,no,llobregat
1131,pt2268,pt701,41.96583693,2.033767622,419935.7365,4646434.602,EDAR PRATS DEL LLUÇANÈS,ES9081710001010E,,,no,llobregat
1132,pt2270,pt703,41.98270739,2.098353481,425307.236,4648249.389,,,256,,no,llobregat
1133,pt2272,pt705,42.00784997,2.05416982,421677.8444,4651080.455,,,260,,no,llobregat
1134,pt2274,pt707,42.0414454,2.08524498,424291.0063,4654782.619,,,258,,no,llobregat
1135,pt2276,pt709,41.81557904,1.901442319,408757.2105,4629883.751,,,262,,no,llobregat
1136,pt2278,pt711,41.90486257,1.940323057,412108.9254,4639756.189,,,,,yes,llobregat
1137,pt2280,pt713,41.8323728,1.880175122,407015.1025,4631771.129,,,,,yes,llobregat
1138,pt2282,pt715,41.84807013,1.880775762,407087.6903,4633513.324,EDAR BALSARENY,ES9080180001010E,,,no,llobregat
1139,pt2284,pt717,41.83814474,1.868709278,406071.4607,4632424.452,,,,,yes,llobregat
1140,pt2286,pt719,41.85809484,1.836875044,403458.2988,4634674.787,,,,,yes,llobregat
1141,pt2288,pt721,41.90787211,1.845598985,404256.7649,4640191.737,,,,,yes,llobregat
1142,pt2290,pt723,41.87099212,1.884749427,407450.6295,4636054.025,,,,11,no,llobregat
1143,pt2292,pt725,41.91814144,1.913690329,409918.6158,4641258.165,,,,,yes,llobregat
1144,pt2294,pt727,41.95172156,1.850062805,404692.2919,4645055.365,,,264,,no,llobregat
1145,pt2296,pt729,41.92589394,1.882918223,407378.0417,4642151.707,,,265,,no,llobregat
1146,pt2298,pt731,42.13002815,2.044449921,421024.5539,4664655.057,,,589,,no,llobregat
1147,pt2300,pt733,42.02098487,1.846185282,404474.5284,4652750.059,EDAR CASSERRES,ES9080490002010E,,,no,llobregat
1148,pt2302,pt735,42.02894967,1.925835336,411080.0211,4653548.565,,,268,,no,llobregat
1149,pt2304,pt737,42.1905485,2.065516189,422839.2497,4671355.574,,,,,yes,llobregat
1150,pt2306,pt739,42.07885725,1.815300884,402006.5422,4659210.698,,,270,,no,llobregat
1151,pt2308,pt741,42.10160738,1.93519928,411955.6417,4661606.216,,,,,yes,llobregat
1152,pt2310,pt743,42.05590828,1.873624581,406797.339,4656597.406,,,271,,no,llobregat
1153,pt2312,pt745,42.05166314,1.907909255,409628.2644,4656089.266,,,,,yes,llobregat
1154,pt2314,pt747,42.05766331,1.914025085,410142.8218,4656749.032,,,,,yes,llobregat
1155,pt2316,pt749,42.11238267,1.833114806,403530.8866,4662912.862,,,273,,no,llobregat
1156,pt2318,pt751,42.11411834,1.811132223,401716.1908,4663130.637,,,603,,no,llobregat
1157,pt2320,pt753,42.22920687,1.878465049,407450.6295,4675834.141,EDAR BAGÀ/GUARDIOLA B.,ES9080990001010E,279,,no,llobregat
1158,pt2322,pt755,42.29315782,1.865891905,406507.6134,4682948.729,,,,,yes,llobregat
1159,pt2324,pt757,42.23742272,1.917028123,410644.4941,4676705.238,,,591,,no,llobregat
1160,pt2326,pt759,42.27808633,2.003482471,417830.6894,4681133.317,,,590,,no,llobregat
1161,pt2328,pt761,42.26134936,2.040709281,420879.3783,4679239.669,,,,,yes,llobregat
1162,pt2330,pt763,41.47543903,1.955889539,412822.129,4592063.604,,,118,,no,llobregat
1163,pt2332,pt765,41.47279239,1.952454729,412531.7777,4591773.238,,,,,yes,llobregat
1164,pt2334,pt767,41.44177531,1.853898545,404256.7649,4588434.031,EDAR GELIDA,ES9080910001010E,129,,no,llobregat
1165,pt2336,pt769,41.87080888,1.801656943,400554.7855,4636126.616,,,,,yes,llobregat
1166,pt2338,pt771,41.43440978,1.836652036,402805.0083,4587635.525,,,132,,no,llobregat
1167,pt2340,pt773,41.83299025,1.749912292,396199.5157,4631988.903,,,,,yes,llobregat
1168,pt2342,pt364,41.34305503,1.322071361,359615.2487,4578198.636,,,50,,no,sud
1169,pt2344,pt775,42.03249545,1.678488664,390610.2527,4654228.901,,,,,yes,llobregat
1170,pt2346,pt777,42.00710864,1.652717774,388432.6177,4651443.413,,,,,yes,llobregat
1171,pt2348,pt779,41.74083414,2.079049041,423419.9524,4621411.756,,,,,yes,llobregat
1172,pt2350,pt414,41.482103,2.12793339,427194.5196,4592644.336,,,,,yes,besos
1173,pt2352,pt366,41.33347984,1.338007692,360928.2452,4577109.9,,,,,yes,sud
1174,pt2354,pt781,41.73686163,2.023311194,418780.1143,4621021.81,,,,,yes,llobregat
1175,pt2356,pt416,41.79177236,2.689350153,474189,4626704,,,,,yes,besos
1176,pt2358,pt418,41.79455327,2.69889108,474982.8103,4627009.931,,,363,,no,besos
1177,pt2360,pt783,41.30092298,2.038445408,419500.2095,4572609.094,,,95,,no,llobregat
1178,pt2362,pt368,41.26545148,1.634282546,385601.6923,4569124.705,,,,,yes,sud
1179,pt2364,pt370,41.26423631,1.642106687,386254.9828,4568979.522,,,,,yes,sud
1180,pt2366,pt785,42.14600173,1.860608623,405853.6972,4666615.026,EDAR CERCS,ES9082680005010E,276,,no,llobregat
1181,pt2368,pt787,42.17544256,1.862716888,406071.4607,4669881.642,,,,22,no,llobregat
1182,pt2370,pt510,41.97110698,2.311402792,442946.079,4646797.56,,,461,,no,ter
1183,pt2372,pt512,41.96506126,2.399067207,450204.8621,4646071.645,,,452,,no,ter
1184,pt2374,pt514,42.01312774,2.341632528,445486.6531,4651443.413,,,,,yes,ter
